[2024-10-29T00:00:08.567+0000] {processor.py:186} INFO - Started process (PID=190) to work on /opt/airflow/dags/nba_data_pipeline.py
[2024-10-29T00:00:08.568+0000] {processor.py:914} INFO - Processing file /opt/airflow/dags/nba_data_pipeline.py for tasks to queue
[2024-10-29T00:00:08.570+0000] {logging_mixin.py:190} INFO - [2024-10-29T00:00:08.570+0000] {dagbag.py:587} INFO - Filling up the DagBag from /opt/airflow/dags/nba_data_pipeline.py
[2024-10-29T00:00:08.586+0000] {logging_mixin.py:190} INFO - [2024-10-29T00:00:08.581+0000] {dagbag.py:386} ERROR - Failed to import: /opt/airflow/dags/nba_data_pipeline.py
Traceback (most recent call last):
  File "/home/airflow/.local/lib/python3.12/site-packages/airflow/models/dagbag.py", line 382, in parse
    loader.exec_module(new_module)
  File "<frozen importlib._bootstrap_external>", line 995, in exec_module
  File "<frozen importlib._bootstrap>", line 488, in _call_with_frames_removed
  File "/opt/airflow/dags/nba_data_pipeline.py", line 65, in <module>
    nba_data_pipeline()
  File "/home/airflow/.local/lib/python3.12/site-packages/airflow/models/dag.py", line 4283, in factory
    f(**f_kwargs)
  File "/opt/airflow/dags/nba_data_pipeline.py", line 39, in nba_data_pipeline
    data_ingestion = DockerOperator(
                     ^^^^^^^^^^^^^^^
  File "/home/airflow/.local/lib/python3.12/site-packages/airflow/models/baseoperator.py", line 490, in apply_defaults
    result = func(self, **kwargs, default_args=default_args)
             ^^^^^^^^^^^^^^^^^^^^^^^^^^^^^^^^^^^^^^^^^^^^^^^
  File "/home/airflow/.local/lib/python3.12/site-packages/airflow/providers/docker/operators/docker.py", line 273, in __init__
    super().__init__(**kwargs)
  File "/home/airflow/.local/lib/python3.12/site-packages/airflow/models/baseoperator.py", line 490, in apply_defaults
    result = func(self, **kwargs, default_args=default_args)
             ^^^^^^^^^^^^^^^^^^^^^^^^^^^^^^^^^^^^^^^^^^^^^^^
  File "/home/airflow/.local/lib/python3.12/site-packages/airflow/models/baseoperator.py", line 938, in __init__
    raise AirflowException(
airflow.exceptions.AirflowException: Invalid arguments were passed to DockerOperator (task_id: run_data_ingestion). Invalid arguments were:
**kwargs: {'volumes': ['/opt/airflow/data_pipeline_services:/app/data_pipeline_services']}
[2024-10-29T00:00:08.588+0000] {processor.py:927} WARNING - No viable dags retrieved from /opt/airflow/dags/nba_data_pipeline.py
[2024-10-29T00:00:08.608+0000] {processor.py:208} INFO - Processing /opt/airflow/dags/nba_data_pipeline.py took 0.049 seconds
[2024-10-29T00:00:38.817+0000] {processor.py:186} INFO - Started process (PID=195) to work on /opt/airflow/dags/nba_data_pipeline.py
[2024-10-29T00:00:38.818+0000] {processor.py:914} INFO - Processing file /opt/airflow/dags/nba_data_pipeline.py for tasks to queue
[2024-10-29T00:00:38.820+0000] {logging_mixin.py:190} INFO - [2024-10-29T00:00:38.820+0000] {dagbag.py:587} INFO - Filling up the DagBag from /opt/airflow/dags/nba_data_pipeline.py
[2024-10-29T00:00:38.832+0000] {logging_mixin.py:190} INFO - [2024-10-29T00:00:38.828+0000] {dagbag.py:386} ERROR - Failed to import: /opt/airflow/dags/nba_data_pipeline.py
Traceback (most recent call last):
  File "/home/airflow/.local/lib/python3.12/site-packages/airflow/models/dagbag.py", line 382, in parse
    loader.exec_module(new_module)
  File "<frozen importlib._bootstrap_external>", line 995, in exec_module
  File "<frozen importlib._bootstrap>", line 488, in _call_with_frames_removed
  File "/opt/airflow/dags/nba_data_pipeline.py", line 65, in <module>
    nba_data_pipeline()
  File "/home/airflow/.local/lib/python3.12/site-packages/airflow/models/dag.py", line 4283, in factory
    f(**f_kwargs)
  File "/opt/airflow/dags/nba_data_pipeline.py", line 39, in nba_data_pipeline
    data_ingestion = DockerOperator(
                     ^^^^^^^^^^^^^^^
  File "/home/airflow/.local/lib/python3.12/site-packages/airflow/models/baseoperator.py", line 490, in apply_defaults
    result = func(self, **kwargs, default_args=default_args)
             ^^^^^^^^^^^^^^^^^^^^^^^^^^^^^^^^^^^^^^^^^^^^^^^
  File "/home/airflow/.local/lib/python3.12/site-packages/airflow/providers/docker/operators/docker.py", line 273, in __init__
    super().__init__(**kwargs)
  File "/home/airflow/.local/lib/python3.12/site-packages/airflow/models/baseoperator.py", line 490, in apply_defaults
    result = func(self, **kwargs, default_args=default_args)
             ^^^^^^^^^^^^^^^^^^^^^^^^^^^^^^^^^^^^^^^^^^^^^^^
  File "/home/airflow/.local/lib/python3.12/site-packages/airflow/models/baseoperator.py", line 938, in __init__
    raise AirflowException(
airflow.exceptions.AirflowException: Invalid arguments were passed to DockerOperator (task_id: run_data_ingestion). Invalid arguments were:
**kwargs: {'volumes': ['/opt/airflow/data_pipeline_services:/app/data_pipeline_services']}
[2024-10-29T00:00:38.833+0000] {processor.py:927} WARNING - No viable dags retrieved from /opt/airflow/dags/nba_data_pipeline.py
[2024-10-29T00:00:38.856+0000] {processor.py:208} INFO - Processing /opt/airflow/dags/nba_data_pipeline.py took 0.049 seconds
[2024-10-29T00:01:09.064+0000] {processor.py:186} INFO - Started process (PID=200) to work on /opt/airflow/dags/nba_data_pipeline.py
[2024-10-29T00:01:09.065+0000] {processor.py:914} INFO - Processing file /opt/airflow/dags/nba_data_pipeline.py for tasks to queue
[2024-10-29T00:01:09.068+0000] {logging_mixin.py:190} INFO - [2024-10-29T00:01:09.067+0000] {dagbag.py:587} INFO - Filling up the DagBag from /opt/airflow/dags/nba_data_pipeline.py
[2024-10-29T00:01:09.079+0000] {logging_mixin.py:190} INFO - [2024-10-29T00:01:09.075+0000] {dagbag.py:386} ERROR - Failed to import: /opt/airflow/dags/nba_data_pipeline.py
Traceback (most recent call last):
  File "/home/airflow/.local/lib/python3.12/site-packages/airflow/models/dagbag.py", line 382, in parse
    loader.exec_module(new_module)
  File "<frozen importlib._bootstrap_external>", line 995, in exec_module
  File "<frozen importlib._bootstrap>", line 488, in _call_with_frames_removed
  File "/opt/airflow/dags/nba_data_pipeline.py", line 65, in <module>
    nba_data_pipeline()
  File "/home/airflow/.local/lib/python3.12/site-packages/airflow/models/dag.py", line 4283, in factory
    f(**f_kwargs)
  File "/opt/airflow/dags/nba_data_pipeline.py", line 39, in nba_data_pipeline
    data_ingestion = DockerOperator(
                     ^^^^^^^^^^^^^^^
  File "/home/airflow/.local/lib/python3.12/site-packages/airflow/models/baseoperator.py", line 490, in apply_defaults
    result = func(self, **kwargs, default_args=default_args)
             ^^^^^^^^^^^^^^^^^^^^^^^^^^^^^^^^^^^^^^^^^^^^^^^
  File "/home/airflow/.local/lib/python3.12/site-packages/airflow/providers/docker/operators/docker.py", line 273, in __init__
    super().__init__(**kwargs)
  File "/home/airflow/.local/lib/python3.12/site-packages/airflow/models/baseoperator.py", line 490, in apply_defaults
    result = func(self, **kwargs, default_args=default_args)
             ^^^^^^^^^^^^^^^^^^^^^^^^^^^^^^^^^^^^^^^^^^^^^^^
  File "/home/airflow/.local/lib/python3.12/site-packages/airflow/models/baseoperator.py", line 938, in __init__
    raise AirflowException(
airflow.exceptions.AirflowException: Invalid arguments were passed to DockerOperator (task_id: run_data_ingestion). Invalid arguments were:
**kwargs: {'volumes': ['/opt/airflow/data_pipeline_services:/app/data_pipeline_services']}
[2024-10-29T00:01:09.080+0000] {processor.py:927} WARNING - No viable dags retrieved from /opt/airflow/dags/nba_data_pipeline.py
[2024-10-29T00:01:09.103+0000] {processor.py:208} INFO - Processing /opt/airflow/dags/nba_data_pipeline.py took 0.049 seconds
[2024-10-29T00:01:39.312+0000] {processor.py:186} INFO - Started process (PID=205) to work on /opt/airflow/dags/nba_data_pipeline.py
[2024-10-29T00:01:39.314+0000] {processor.py:914} INFO - Processing file /opt/airflow/dags/nba_data_pipeline.py for tasks to queue
[2024-10-29T00:01:39.317+0000] {logging_mixin.py:190} INFO - [2024-10-29T00:01:39.317+0000] {dagbag.py:587} INFO - Filling up the DagBag from /opt/airflow/dags/nba_data_pipeline.py
[2024-10-29T00:01:39.330+0000] {logging_mixin.py:190} INFO - [2024-10-29T00:01:39.325+0000] {dagbag.py:386} ERROR - Failed to import: /opt/airflow/dags/nba_data_pipeline.py
Traceback (most recent call last):
  File "/home/airflow/.local/lib/python3.12/site-packages/airflow/models/dagbag.py", line 382, in parse
    loader.exec_module(new_module)
  File "<frozen importlib._bootstrap_external>", line 995, in exec_module
  File "<frozen importlib._bootstrap>", line 488, in _call_with_frames_removed
  File "/opt/airflow/dags/nba_data_pipeline.py", line 65, in <module>
    nba_data_pipeline()
  File "/home/airflow/.local/lib/python3.12/site-packages/airflow/models/dag.py", line 4283, in factory
    f(**f_kwargs)
  File "/opt/airflow/dags/nba_data_pipeline.py", line 39, in nba_data_pipeline
    data_ingestion = DockerOperator(
                     ^^^^^^^^^^^^^^^
  File "/home/airflow/.local/lib/python3.12/site-packages/airflow/models/baseoperator.py", line 490, in apply_defaults
    result = func(self, **kwargs, default_args=default_args)
             ^^^^^^^^^^^^^^^^^^^^^^^^^^^^^^^^^^^^^^^^^^^^^^^
  File "/home/airflow/.local/lib/python3.12/site-packages/airflow/providers/docker/operators/docker.py", line 273, in __init__
    super().__init__(**kwargs)
  File "/home/airflow/.local/lib/python3.12/site-packages/airflow/models/baseoperator.py", line 490, in apply_defaults
    result = func(self, **kwargs, default_args=default_args)
             ^^^^^^^^^^^^^^^^^^^^^^^^^^^^^^^^^^^^^^^^^^^^^^^
  File "/home/airflow/.local/lib/python3.12/site-packages/airflow/models/baseoperator.py", line 938, in __init__
    raise AirflowException(
airflow.exceptions.AirflowException: Invalid arguments were passed to DockerOperator (task_id: run_data_ingestion). Invalid arguments were:
**kwargs: {'volumes': ['/opt/airflow/data_pipeline_services:/app/data_pipeline_services']}
[2024-10-29T00:01:39.331+0000] {processor.py:927} WARNING - No viable dags retrieved from /opt/airflow/dags/nba_data_pipeline.py
[2024-10-29T00:01:39.356+0000] {processor.py:208} INFO - Processing /opt/airflow/dags/nba_data_pipeline.py took 0.056 seconds
[2024-10-29T00:02:02.574+0000] {processor.py:186} INFO - Started process (PID=210) to work on /opt/airflow/dags/nba_data_pipeline.py
[2024-10-29T00:02:02.589+0000] {processor.py:914} INFO - Processing file /opt/airflow/dags/nba_data_pipeline.py for tasks to queue
[2024-10-29T00:02:02.592+0000] {logging_mixin.py:190} INFO - [2024-10-29T00:02:02.592+0000] {dagbag.py:587} INFO - Filling up the DagBag from /opt/airflow/dags/nba_data_pipeline.py
[2024-10-29T00:02:02.607+0000] {logging_mixin.py:190} INFO - [2024-10-29T00:02:02.603+0000] {dagbag.py:386} ERROR - Failed to import: /opt/airflow/dags/nba_data_pipeline.py
Traceback (most recent call last):
  File "/home/airflow/.local/lib/python3.12/site-packages/airflow/models/dagbag.py", line 382, in parse
    loader.exec_module(new_module)
  File "<frozen importlib._bootstrap_external>", line 995, in exec_module
  File "<frozen importlib._bootstrap>", line 488, in _call_with_frames_removed
  File "/opt/airflow/dags/nba_data_pipeline.py", line 65, in <module>
    nba_data_pipeline()
  File "/home/airflow/.local/lib/python3.12/site-packages/airflow/models/dag.py", line 4283, in factory
    f(**f_kwargs)
  File "/opt/airflow/dags/nba_data_pipeline.py", line 39, in nba_data_pipeline
    data_ingestion = DockerOperator(
                     ^^^^^^^^^^^^^^^
  File "/home/airflow/.local/lib/python3.12/site-packages/airflow/models/baseoperator.py", line 490, in apply_defaults
    result = func(self, **kwargs, default_args=default_args)
             ^^^^^^^^^^^^^^^^^^^^^^^^^^^^^^^^^^^^^^^^^^^^^^^
  File "/home/airflow/.local/lib/python3.12/site-packages/airflow/providers/docker/operators/docker.py", line 273, in __init__
    super().__init__(**kwargs)
  File "/home/airflow/.local/lib/python3.12/site-packages/airflow/models/baseoperator.py", line 490, in apply_defaults
    result = func(self, **kwargs, default_args=default_args)
             ^^^^^^^^^^^^^^^^^^^^^^^^^^^^^^^^^^^^^^^^^^^^^^^
  File "/home/airflow/.local/lib/python3.12/site-packages/airflow/models/baseoperator.py", line 938, in __init__
    raise AirflowException(
airflow.exceptions.AirflowException: Invalid arguments were passed to DockerOperator (task_id: run_data_ingestion). Invalid arguments were:
**kwargs: {'docker_volume_mounts': ['/opt/airflow/data_pipeline_services:/app/data_pipeline_services']}
[2024-10-29T00:02:02.609+0000] {processor.py:927} WARNING - No viable dags retrieved from /opt/airflow/dags/nba_data_pipeline.py
[2024-10-29T00:02:02.633+0000] {processor.py:208} INFO - Processing /opt/airflow/dags/nba_data_pipeline.py took 0.069 seconds
[2024-10-29T00:02:10.664+0000] {processor.py:186} INFO - Started process (PID=215) to work on /opt/airflow/dags/nba_data_pipeline.py
[2024-10-29T00:02:10.666+0000] {processor.py:914} INFO - Processing file /opt/airflow/dags/nba_data_pipeline.py for tasks to queue
[2024-10-29T00:02:10.670+0000] {logging_mixin.py:190} INFO - [2024-10-29T00:02:10.669+0000] {dagbag.py:587} INFO - Filling up the DagBag from /opt/airflow/dags/nba_data_pipeline.py
[2024-10-29T00:02:10.687+0000] {logging_mixin.py:190} INFO - [2024-10-29T00:02:10.681+0000] {dagbag.py:386} ERROR - Failed to import: /opt/airflow/dags/nba_data_pipeline.py
Traceback (most recent call last):
  File "/home/airflow/.local/lib/python3.12/site-packages/airflow/models/dagbag.py", line 382, in parse
    loader.exec_module(new_module)
  File "<frozen importlib._bootstrap_external>", line 995, in exec_module
  File "<frozen importlib._bootstrap>", line 488, in _call_with_frames_removed
  File "/opt/airflow/dags/nba_data_pipeline.py", line 65, in <module>
    nba_data_pipeline()
  File "/home/airflow/.local/lib/python3.12/site-packages/airflow/models/dag.py", line 4283, in factory
    f(**f_kwargs)
  File "/opt/airflow/dags/nba_data_pipeline.py", line 39, in nba_data_pipeline
    data_ingestion = DockerOperator(
                     ^^^^^^^^^^^^^^^
  File "/home/airflow/.local/lib/python3.12/site-packages/airflow/models/baseoperator.py", line 490, in apply_defaults
    result = func(self, **kwargs, default_args=default_args)
             ^^^^^^^^^^^^^^^^^^^^^^^^^^^^^^^^^^^^^^^^^^^^^^^
  File "/home/airflow/.local/lib/python3.12/site-packages/airflow/providers/docker/operators/docker.py", line 273, in __init__
    super().__init__(**kwargs)
  File "/home/airflow/.local/lib/python3.12/site-packages/airflow/models/baseoperator.py", line 490, in apply_defaults
    result = func(self, **kwargs, default_args=default_args)
             ^^^^^^^^^^^^^^^^^^^^^^^^^^^^^^^^^^^^^^^^^^^^^^^
  File "/home/airflow/.local/lib/python3.12/site-packages/airflow/models/baseoperator.py", line 938, in __init__
    raise AirflowException(
airflow.exceptions.AirflowException: Invalid arguments were passed to DockerOperator (task_id: run_data_ingestion). Invalid arguments were:
**kwargs: {'docker_volume_mounts': ['/opt/airflow/data_pipeline_services:/app/data_pipeline_services']}
[2024-10-29T00:02:10.690+0000] {processor.py:927} WARNING - No viable dags retrieved from /opt/airflow/dags/nba_data_pipeline.py
[2024-10-29T00:02:10.730+0000] {processor.py:208} INFO - Processing /opt/airflow/dags/nba_data_pipeline.py took 0.077 seconds
[2024-10-29T00:02:40.963+0000] {processor.py:186} INFO - Started process (PID=220) to work on /opt/airflow/dags/nba_data_pipeline.py
[2024-10-29T00:02:40.965+0000] {processor.py:914} INFO - Processing file /opt/airflow/dags/nba_data_pipeline.py for tasks to queue
[2024-10-29T00:02:40.968+0000] {logging_mixin.py:190} INFO - [2024-10-29T00:02:40.967+0000] {dagbag.py:587} INFO - Filling up the DagBag from /opt/airflow/dags/nba_data_pipeline.py
[2024-10-29T00:02:40.979+0000] {logging_mixin.py:190} INFO - [2024-10-29T00:02:40.975+0000] {dagbag.py:386} ERROR - Failed to import: /opt/airflow/dags/nba_data_pipeline.py
Traceback (most recent call last):
  File "/home/airflow/.local/lib/python3.12/site-packages/airflow/models/dagbag.py", line 382, in parse
    loader.exec_module(new_module)
  File "<frozen importlib._bootstrap_external>", line 995, in exec_module
  File "<frozen importlib._bootstrap>", line 488, in _call_with_frames_removed
  File "/opt/airflow/dags/nba_data_pipeline.py", line 65, in <module>
    nba_data_pipeline()
  File "/home/airflow/.local/lib/python3.12/site-packages/airflow/models/dag.py", line 4283, in factory
    f(**f_kwargs)
  File "/opt/airflow/dags/nba_data_pipeline.py", line 39, in nba_data_pipeline
    data_ingestion = DockerOperator(
                     ^^^^^^^^^^^^^^^
  File "/home/airflow/.local/lib/python3.12/site-packages/airflow/models/baseoperator.py", line 490, in apply_defaults
    result = func(self, **kwargs, default_args=default_args)
             ^^^^^^^^^^^^^^^^^^^^^^^^^^^^^^^^^^^^^^^^^^^^^^^
  File "/home/airflow/.local/lib/python3.12/site-packages/airflow/providers/docker/operators/docker.py", line 273, in __init__
    super().__init__(**kwargs)
  File "/home/airflow/.local/lib/python3.12/site-packages/airflow/models/baseoperator.py", line 490, in apply_defaults
    result = func(self, **kwargs, default_args=default_args)
             ^^^^^^^^^^^^^^^^^^^^^^^^^^^^^^^^^^^^^^^^^^^^^^^
  File "/home/airflow/.local/lib/python3.12/site-packages/airflow/models/baseoperator.py", line 938, in __init__
    raise AirflowException(
airflow.exceptions.AirflowException: Invalid arguments were passed to DockerOperator (task_id: run_data_ingestion). Invalid arguments were:
**kwargs: {'docker_volume_mounts': ['/opt/airflow/data_pipeline_services:/app/data_pipeline_services']}
[2024-10-29T00:02:40.981+0000] {processor.py:927} WARNING - No viable dags retrieved from /opt/airflow/dags/nba_data_pipeline.py
[2024-10-29T00:02:41.002+0000] {processor.py:208} INFO - Processing /opt/airflow/dags/nba_data_pipeline.py took 0.048 seconds
[2024-10-29T00:03:05.179+0000] {processor.py:186} INFO - Started process (PID=225) to work on /opt/airflow/dags/nba_data_pipeline.py
[2024-10-29T00:03:05.180+0000] {processor.py:914} INFO - Processing file /opt/airflow/dags/nba_data_pipeline.py for tasks to queue
[2024-10-29T00:03:05.186+0000] {logging_mixin.py:190} INFO - [2024-10-29T00:03:05.185+0000] {dagbag.py:587} INFO - Filling up the DagBag from /opt/airflow/dags/nba_data_pipeline.py
[2024-10-29T00:03:05.204+0000] {logging_mixin.py:190} INFO - [2024-10-29T00:03:05.200+0000] {dagbag.py:386} ERROR - Failed to import: /opt/airflow/dags/nba_data_pipeline.py
Traceback (most recent call last):
  File "/home/airflow/.local/lib/python3.12/site-packages/airflow/models/dagbag.py", line 382, in parse
    loader.exec_module(new_module)
  File "<frozen importlib._bootstrap_external>", line 995, in exec_module
  File "<frozen importlib._bootstrap>", line 488, in _call_with_frames_removed
  File "/opt/airflow/dags/nba_data_pipeline.py", line 65, in <module>
    nba_data_pipeline()
  File "/home/airflow/.local/lib/python3.12/site-packages/airflow/models/dag.py", line 4283, in factory
    f(**f_kwargs)
  File "/opt/airflow/dags/nba_data_pipeline.py", line 39, in nba_data_pipeline
    data_ingestion = DockerOperator(
                     ^^^^^^^^^^^^^^^
  File "/home/airflow/.local/lib/python3.12/site-packages/airflow/models/baseoperator.py", line 490, in apply_defaults
    result = func(self, **kwargs, default_args=default_args)
             ^^^^^^^^^^^^^^^^^^^^^^^^^^^^^^^^^^^^^^^^^^^^^^^
  File "/home/airflow/.local/lib/python3.12/site-packages/airflow/providers/docker/operators/docker.py", line 273, in __init__
    super().__init__(**kwargs)
  File "/home/airflow/.local/lib/python3.12/site-packages/airflow/models/baseoperator.py", line 490, in apply_defaults
    result = func(self, **kwargs, default_args=default_args)
             ^^^^^^^^^^^^^^^^^^^^^^^^^^^^^^^^^^^^^^^^^^^^^^^
  File "/home/airflow/.local/lib/python3.12/site-packages/airflow/models/baseoperator.py", line 938, in __init__
    raise AirflowException(
airflow.exceptions.AirflowException: Invalid arguments were passed to DockerOperator (task_id: run_data_ingestion). Invalid arguments were:
**kwargs: {'docker_volume_mounts': ['/opt/airflow/data_pipeline_services:/app/data_pipeline_services']}
[2024-10-29T00:03:05.206+0000] {processor.py:927} WARNING - No viable dags retrieved from /opt/airflow/dags/nba_data_pipeline.py
[2024-10-29T00:03:05.230+0000] {processor.py:208} INFO - Processing /opt/airflow/dags/nba_data_pipeline.py took 0.061 seconds
[2024-10-29T00:09:22.346+0000] {processor.py:186} INFO - Started process (PID=190) to work on /opt/airflow/dags/nba_data_pipeline.py
[2024-10-29T00:09:22.347+0000] {processor.py:914} INFO - Processing file /opt/airflow/dags/nba_data_pipeline.py for tasks to queue
[2024-10-29T00:09:22.349+0000] {logging_mixin.py:190} INFO - [2024-10-29T00:09:22.349+0000] {dagbag.py:587} INFO - Filling up the DagBag from /opt/airflow/dags/nba_data_pipeline.py
[2024-10-29T00:09:22.360+0000] {logging_mixin.py:190} INFO - [2024-10-29T00:09:22.355+0000] {dagbag.py:386} ERROR - Failed to import: /opt/airflow/dags/nba_data_pipeline.py
Traceback (most recent call last):
  File "/home/airflow/.local/lib/python3.12/site-packages/airflow/models/dagbag.py", line 382, in parse
    loader.exec_module(new_module)
  File "<frozen importlib._bootstrap_external>", line 995, in exec_module
  File "<frozen importlib._bootstrap>", line 488, in _call_with_frames_removed
  File "/opt/airflow/dags/nba_data_pipeline.py", line 65, in <module>
    nba_data_pipeline()
  File "/home/airflow/.local/lib/python3.12/site-packages/airflow/models/dag.py", line 4283, in factory
    f(**f_kwargs)
  File "/opt/airflow/dags/nba_data_pipeline.py", line 39, in nba_data_pipeline
    data_ingestion = DockerOperator(
                     ^^^^^^^^^^^^^^^
  File "/home/airflow/.local/lib/python3.12/site-packages/airflow/models/baseoperator.py", line 490, in apply_defaults
    result = func(self, **kwargs, default_args=default_args)
             ^^^^^^^^^^^^^^^^^^^^^^^^^^^^^^^^^^^^^^^^^^^^^^^
  File "/home/airflow/.local/lib/python3.12/site-packages/airflow/providers/docker/operators/docker.py", line 273, in __init__
    super().__init__(**kwargs)
  File "/home/airflow/.local/lib/python3.12/site-packages/airflow/models/baseoperator.py", line 490, in apply_defaults
    result = func(self, **kwargs, default_args=default_args)
             ^^^^^^^^^^^^^^^^^^^^^^^^^^^^^^^^^^^^^^^^^^^^^^^
  File "/home/airflow/.local/lib/python3.12/site-packages/airflow/models/baseoperator.py", line 938, in __init__
    raise AirflowException(
airflow.exceptions.AirflowException: Invalid arguments were passed to DockerOperator (task_id: run_data_ingestion). Invalid arguments were:
**kwargs: {'docker_volume_mounts': ['/opt/airflow/data_pipeline_services:/app/data_pipeline_services']}
[2024-10-29T00:09:22.361+0000] {processor.py:927} WARNING - No viable dags retrieved from /opt/airflow/dags/nba_data_pipeline.py
[2024-10-29T00:09:22.380+0000] {processor.py:208} INFO - Processing /opt/airflow/dags/nba_data_pipeline.py took 0.042 seconds
[2024-10-29T00:09:52.564+0000] {processor.py:186} INFO - Started process (PID=195) to work on /opt/airflow/dags/nba_data_pipeline.py
[2024-10-29T00:09:52.565+0000] {processor.py:914} INFO - Processing file /opt/airflow/dags/nba_data_pipeline.py for tasks to queue
[2024-10-29T00:09:52.568+0000] {logging_mixin.py:190} INFO - [2024-10-29T00:09:52.568+0000] {dagbag.py:587} INFO - Filling up the DagBag from /opt/airflow/dags/nba_data_pipeline.py
[2024-10-29T00:09:52.583+0000] {logging_mixin.py:190} INFO - [2024-10-29T00:09:52.576+0000] {dagbag.py:386} ERROR - Failed to import: /opt/airflow/dags/nba_data_pipeline.py
Traceback (most recent call last):
  File "/home/airflow/.local/lib/python3.12/site-packages/airflow/models/dagbag.py", line 382, in parse
    loader.exec_module(new_module)
  File "<frozen importlib._bootstrap_external>", line 995, in exec_module
  File "<frozen importlib._bootstrap>", line 488, in _call_with_frames_removed
  File "/opt/airflow/dags/nba_data_pipeline.py", line 65, in <module>
    nba_data_pipeline()
  File "/home/airflow/.local/lib/python3.12/site-packages/airflow/models/dag.py", line 4283, in factory
    f(**f_kwargs)
  File "/opt/airflow/dags/nba_data_pipeline.py", line 39, in nba_data_pipeline
    data_ingestion = DockerOperator(
                     ^^^^^^^^^^^^^^^
  File "/home/airflow/.local/lib/python3.12/site-packages/airflow/models/baseoperator.py", line 490, in apply_defaults
    result = func(self, **kwargs, default_args=default_args)
             ^^^^^^^^^^^^^^^^^^^^^^^^^^^^^^^^^^^^^^^^^^^^^^^
  File "/home/airflow/.local/lib/python3.12/site-packages/airflow/providers/docker/operators/docker.py", line 273, in __init__
    super().__init__(**kwargs)
  File "/home/airflow/.local/lib/python3.12/site-packages/airflow/models/baseoperator.py", line 490, in apply_defaults
    result = func(self, **kwargs, default_args=default_args)
             ^^^^^^^^^^^^^^^^^^^^^^^^^^^^^^^^^^^^^^^^^^^^^^^
  File "/home/airflow/.local/lib/python3.12/site-packages/airflow/models/baseoperator.py", line 938, in __init__
    raise AirflowException(
airflow.exceptions.AirflowException: Invalid arguments were passed to DockerOperator (task_id: run_data_ingestion). Invalid arguments were:
**kwargs: {'docker_volume_mounts': ['/opt/airflow/data_pipeline_services:/app/data_pipeline_services']}
[2024-10-29T00:09:52.585+0000] {processor.py:927} WARNING - No viable dags retrieved from /opt/airflow/dags/nba_data_pipeline.py
[2024-10-29T00:09:52.605+0000] {processor.py:208} INFO - Processing /opt/airflow/dags/nba_data_pipeline.py took 0.048 seconds
[2024-10-29T00:10:22.825+0000] {processor.py:186} INFO - Started process (PID=200) to work on /opt/airflow/dags/nba_data_pipeline.py
[2024-10-29T00:10:22.826+0000] {processor.py:914} INFO - Processing file /opt/airflow/dags/nba_data_pipeline.py for tasks to queue
[2024-10-29T00:10:22.828+0000] {logging_mixin.py:190} INFO - [2024-10-29T00:10:22.828+0000] {dagbag.py:587} INFO - Filling up the DagBag from /opt/airflow/dags/nba_data_pipeline.py
[2024-10-29T00:10:22.840+0000] {logging_mixin.py:190} INFO - [2024-10-29T00:10:22.835+0000] {dagbag.py:386} ERROR - Failed to import: /opt/airflow/dags/nba_data_pipeline.py
Traceback (most recent call last):
  File "/home/airflow/.local/lib/python3.12/site-packages/airflow/models/dagbag.py", line 382, in parse
    loader.exec_module(new_module)
  File "<frozen importlib._bootstrap_external>", line 995, in exec_module
  File "<frozen importlib._bootstrap>", line 488, in _call_with_frames_removed
  File "/opt/airflow/dags/nba_data_pipeline.py", line 65, in <module>
    nba_data_pipeline()
  File "/home/airflow/.local/lib/python3.12/site-packages/airflow/models/dag.py", line 4283, in factory
    f(**f_kwargs)
  File "/opt/airflow/dags/nba_data_pipeline.py", line 39, in nba_data_pipeline
    data_ingestion = DockerOperator(
                     ^^^^^^^^^^^^^^^
  File "/home/airflow/.local/lib/python3.12/site-packages/airflow/models/baseoperator.py", line 490, in apply_defaults
    result = func(self, **kwargs, default_args=default_args)
             ^^^^^^^^^^^^^^^^^^^^^^^^^^^^^^^^^^^^^^^^^^^^^^^
  File "/home/airflow/.local/lib/python3.12/site-packages/airflow/providers/docker/operators/docker.py", line 273, in __init__
    super().__init__(**kwargs)
  File "/home/airflow/.local/lib/python3.12/site-packages/airflow/models/baseoperator.py", line 490, in apply_defaults
    result = func(self, **kwargs, default_args=default_args)
             ^^^^^^^^^^^^^^^^^^^^^^^^^^^^^^^^^^^^^^^^^^^^^^^
  File "/home/airflow/.local/lib/python3.12/site-packages/airflow/models/baseoperator.py", line 938, in __init__
    raise AirflowException(
airflow.exceptions.AirflowException: Invalid arguments were passed to DockerOperator (task_id: run_data_ingestion). Invalid arguments were:
**kwargs: {'docker_volume_mounts': ['/opt/airflow/data_pipeline_services:/app/data_pipeline_services']}
[2024-10-29T00:10:22.841+0000] {processor.py:927} WARNING - No viable dags retrieved from /opt/airflow/dags/nba_data_pipeline.py
[2024-10-29T00:10:22.862+0000] {processor.py:208} INFO - Processing /opt/airflow/dags/nba_data_pipeline.py took 0.047 seconds
[2024-10-29T00:10:53.141+0000] {processor.py:186} INFO - Started process (PID=205) to work on /opt/airflow/dags/nba_data_pipeline.py
[2024-10-29T00:10:53.142+0000] {processor.py:914} INFO - Processing file /opt/airflow/dags/nba_data_pipeline.py for tasks to queue
[2024-10-29T00:10:53.145+0000] {logging_mixin.py:190} INFO - [2024-10-29T00:10:53.145+0000] {dagbag.py:587} INFO - Filling up the DagBag from /opt/airflow/dags/nba_data_pipeline.py
[2024-10-29T00:10:53.157+0000] {logging_mixin.py:190} INFO - [2024-10-29T00:10:53.153+0000] {dagbag.py:386} ERROR - Failed to import: /opt/airflow/dags/nba_data_pipeline.py
Traceback (most recent call last):
  File "/home/airflow/.local/lib/python3.12/site-packages/airflow/models/dagbag.py", line 382, in parse
    loader.exec_module(new_module)
  File "<frozen importlib._bootstrap_external>", line 995, in exec_module
  File "<frozen importlib._bootstrap>", line 488, in _call_with_frames_removed
  File "/opt/airflow/dags/nba_data_pipeline.py", line 65, in <module>
    nba_data_pipeline()
  File "/home/airflow/.local/lib/python3.12/site-packages/airflow/models/dag.py", line 4283, in factory
    f(**f_kwargs)
  File "/opt/airflow/dags/nba_data_pipeline.py", line 39, in nba_data_pipeline
    data_ingestion = DockerOperator(
                     ^^^^^^^^^^^^^^^
  File "/home/airflow/.local/lib/python3.12/site-packages/airflow/models/baseoperator.py", line 490, in apply_defaults
    result = func(self, **kwargs, default_args=default_args)
             ^^^^^^^^^^^^^^^^^^^^^^^^^^^^^^^^^^^^^^^^^^^^^^^
  File "/home/airflow/.local/lib/python3.12/site-packages/airflow/providers/docker/operators/docker.py", line 273, in __init__
    super().__init__(**kwargs)
  File "/home/airflow/.local/lib/python3.12/site-packages/airflow/models/baseoperator.py", line 490, in apply_defaults
    result = func(self, **kwargs, default_args=default_args)
             ^^^^^^^^^^^^^^^^^^^^^^^^^^^^^^^^^^^^^^^^^^^^^^^
  File "/home/airflow/.local/lib/python3.12/site-packages/airflow/models/baseoperator.py", line 938, in __init__
    raise AirflowException(
airflow.exceptions.AirflowException: Invalid arguments were passed to DockerOperator (task_id: run_data_ingestion). Invalid arguments were:
**kwargs: {'docker_volume_mounts': ['/opt/airflow/data_pipeline_services:/app/data_pipeline_services']}
[2024-10-29T00:10:53.158+0000] {processor.py:927} WARNING - No viable dags retrieved from /opt/airflow/dags/nba_data_pipeline.py
[2024-10-29T00:10:53.182+0000] {processor.py:208} INFO - Processing /opt/airflow/dags/nba_data_pipeline.py took 0.051 seconds
[2024-10-29T00:11:23.398+0000] {processor.py:186} INFO - Started process (PID=210) to work on /opt/airflow/dags/nba_data_pipeline.py
[2024-10-29T00:11:23.398+0000] {processor.py:914} INFO - Processing file /opt/airflow/dags/nba_data_pipeline.py for tasks to queue
[2024-10-29T00:11:23.402+0000] {logging_mixin.py:190} INFO - [2024-10-29T00:11:23.401+0000] {dagbag.py:587} INFO - Filling up the DagBag from /opt/airflow/dags/nba_data_pipeline.py
[2024-10-29T00:11:23.413+0000] {logging_mixin.py:190} INFO - [2024-10-29T00:11:23.409+0000] {dagbag.py:386} ERROR - Failed to import: /opt/airflow/dags/nba_data_pipeline.py
Traceback (most recent call last):
  File "/home/airflow/.local/lib/python3.12/site-packages/airflow/models/dagbag.py", line 382, in parse
    loader.exec_module(new_module)
  File "<frozen importlib._bootstrap_external>", line 995, in exec_module
  File "<frozen importlib._bootstrap>", line 488, in _call_with_frames_removed
  File "/opt/airflow/dags/nba_data_pipeline.py", line 65, in <module>
    nba_data_pipeline()
  File "/home/airflow/.local/lib/python3.12/site-packages/airflow/models/dag.py", line 4283, in factory
    f(**f_kwargs)
  File "/opt/airflow/dags/nba_data_pipeline.py", line 39, in nba_data_pipeline
    data_ingestion = DockerOperator(
                     ^^^^^^^^^^^^^^^
  File "/home/airflow/.local/lib/python3.12/site-packages/airflow/models/baseoperator.py", line 490, in apply_defaults
    result = func(self, **kwargs, default_args=default_args)
             ^^^^^^^^^^^^^^^^^^^^^^^^^^^^^^^^^^^^^^^^^^^^^^^
  File "/home/airflow/.local/lib/python3.12/site-packages/airflow/providers/docker/operators/docker.py", line 273, in __init__
    super().__init__(**kwargs)
  File "/home/airflow/.local/lib/python3.12/site-packages/airflow/models/baseoperator.py", line 490, in apply_defaults
    result = func(self, **kwargs, default_args=default_args)
             ^^^^^^^^^^^^^^^^^^^^^^^^^^^^^^^^^^^^^^^^^^^^^^^
  File "/home/airflow/.local/lib/python3.12/site-packages/airflow/models/baseoperator.py", line 938, in __init__
    raise AirflowException(
airflow.exceptions.AirflowException: Invalid arguments were passed to DockerOperator (task_id: run_data_ingestion). Invalid arguments were:
**kwargs: {'docker_volume_mounts': ['/opt/airflow/data_pipeline_services:/app/data_pipeline_services']}
[2024-10-29T00:11:23.415+0000] {processor.py:927} WARNING - No viable dags retrieved from /opt/airflow/dags/nba_data_pipeline.py
[2024-10-29T00:11:23.437+0000] {processor.py:208} INFO - Processing /opt/airflow/dags/nba_data_pipeline.py took 0.048 seconds
[2024-10-29T00:11:53.685+0000] {processor.py:186} INFO - Started process (PID=223) to work on /opt/airflow/dags/nba_data_pipeline.py
[2024-10-29T00:11:53.685+0000] {processor.py:914} INFO - Processing file /opt/airflow/dags/nba_data_pipeline.py for tasks to queue
[2024-10-29T00:11:53.689+0000] {logging_mixin.py:190} INFO - [2024-10-29T00:11:53.689+0000] {dagbag.py:587} INFO - Filling up the DagBag from /opt/airflow/dags/nba_data_pipeline.py
[2024-10-29T00:11:53.700+0000] {logging_mixin.py:190} INFO - [2024-10-29T00:11:53.696+0000] {dagbag.py:386} ERROR - Failed to import: /opt/airflow/dags/nba_data_pipeline.py
Traceback (most recent call last):
  File "/home/airflow/.local/lib/python3.12/site-packages/airflow/models/dagbag.py", line 382, in parse
    loader.exec_module(new_module)
  File "<frozen importlib._bootstrap_external>", line 995, in exec_module
  File "<frozen importlib._bootstrap>", line 488, in _call_with_frames_removed
  File "/opt/airflow/dags/nba_data_pipeline.py", line 65, in <module>
    nba_data_pipeline()
  File "/home/airflow/.local/lib/python3.12/site-packages/airflow/models/dag.py", line 4283, in factory
    f(**f_kwargs)
  File "/opt/airflow/dags/nba_data_pipeline.py", line 39, in nba_data_pipeline
    data_ingestion = DockerOperator(
                     ^^^^^^^^^^^^^^^
  File "/home/airflow/.local/lib/python3.12/site-packages/airflow/models/baseoperator.py", line 490, in apply_defaults
    result = func(self, **kwargs, default_args=default_args)
             ^^^^^^^^^^^^^^^^^^^^^^^^^^^^^^^^^^^^^^^^^^^^^^^
  File "/home/airflow/.local/lib/python3.12/site-packages/airflow/providers/docker/operators/docker.py", line 273, in __init__
    super().__init__(**kwargs)
  File "/home/airflow/.local/lib/python3.12/site-packages/airflow/models/baseoperator.py", line 490, in apply_defaults
    result = func(self, **kwargs, default_args=default_args)
             ^^^^^^^^^^^^^^^^^^^^^^^^^^^^^^^^^^^^^^^^^^^^^^^
  File "/home/airflow/.local/lib/python3.12/site-packages/airflow/models/baseoperator.py", line 938, in __init__
    raise AirflowException(
airflow.exceptions.AirflowException: Invalid arguments were passed to DockerOperator (task_id: run_data_ingestion). Invalid arguments were:
**kwargs: {'docker_volume_mounts': ['/opt/airflow/data_pipeline_services:/app/data_pipeline_services']}
[2024-10-29T00:11:53.701+0000] {processor.py:927} WARNING - No viable dags retrieved from /opt/airflow/dags/nba_data_pipeline.py
[2024-10-29T00:11:53.723+0000] {processor.py:208} INFO - Processing /opt/airflow/dags/nba_data_pipeline.py took 0.048 seconds
[2024-10-29T00:12:23.940+0000] {processor.py:186} INFO - Started process (PID=228) to work on /opt/airflow/dags/nba_data_pipeline.py
[2024-10-29T00:12:23.941+0000] {processor.py:914} INFO - Processing file /opt/airflow/dags/nba_data_pipeline.py for tasks to queue
[2024-10-29T00:12:23.945+0000] {logging_mixin.py:190} INFO - [2024-10-29T00:12:23.944+0000] {dagbag.py:587} INFO - Filling up the DagBag from /opt/airflow/dags/nba_data_pipeline.py
[2024-10-29T00:12:23.957+0000] {logging_mixin.py:190} INFO - [2024-10-29T00:12:23.952+0000] {dagbag.py:386} ERROR - Failed to import: /opt/airflow/dags/nba_data_pipeline.py
Traceback (most recent call last):
  File "/home/airflow/.local/lib/python3.12/site-packages/airflow/models/dagbag.py", line 382, in parse
    loader.exec_module(new_module)
  File "<frozen importlib._bootstrap_external>", line 995, in exec_module
  File "<frozen importlib._bootstrap>", line 488, in _call_with_frames_removed
  File "/opt/airflow/dags/nba_data_pipeline.py", line 65, in <module>
    nba_data_pipeline()
  File "/home/airflow/.local/lib/python3.12/site-packages/airflow/models/dag.py", line 4283, in factory
    f(**f_kwargs)
  File "/opt/airflow/dags/nba_data_pipeline.py", line 39, in nba_data_pipeline
    data_ingestion = DockerOperator(
                     ^^^^^^^^^^^^^^^
  File "/home/airflow/.local/lib/python3.12/site-packages/airflow/models/baseoperator.py", line 490, in apply_defaults
    result = func(self, **kwargs, default_args=default_args)
             ^^^^^^^^^^^^^^^^^^^^^^^^^^^^^^^^^^^^^^^^^^^^^^^
  File "/home/airflow/.local/lib/python3.12/site-packages/airflow/providers/docker/operators/docker.py", line 273, in __init__
    super().__init__(**kwargs)
  File "/home/airflow/.local/lib/python3.12/site-packages/airflow/models/baseoperator.py", line 490, in apply_defaults
    result = func(self, **kwargs, default_args=default_args)
             ^^^^^^^^^^^^^^^^^^^^^^^^^^^^^^^^^^^^^^^^^^^^^^^
  File "/home/airflow/.local/lib/python3.12/site-packages/airflow/models/baseoperator.py", line 938, in __init__
    raise AirflowException(
airflow.exceptions.AirflowException: Invalid arguments were passed to DockerOperator (task_id: run_data_ingestion). Invalid arguments were:
**kwargs: {'docker_volume_mounts': ['/opt/airflow/data_pipeline_services:/app/data_pipeline_services']}
[2024-10-29T00:12:23.958+0000] {processor.py:927} WARNING - No viable dags retrieved from /opt/airflow/dags/nba_data_pipeline.py
[2024-10-29T00:12:23.979+0000] {processor.py:208} INFO - Processing /opt/airflow/dags/nba_data_pipeline.py took 0.049 seconds
[2024-10-29T00:12:54.199+0000] {processor.py:186} INFO - Started process (PID=233) to work on /opt/airflow/dags/nba_data_pipeline.py
[2024-10-29T00:12:54.200+0000] {processor.py:914} INFO - Processing file /opt/airflow/dags/nba_data_pipeline.py for tasks to queue
[2024-10-29T00:12:54.203+0000] {logging_mixin.py:190} INFO - [2024-10-29T00:12:54.203+0000] {dagbag.py:587} INFO - Filling up the DagBag from /opt/airflow/dags/nba_data_pipeline.py
[2024-10-29T00:12:54.218+0000] {logging_mixin.py:190} INFO - [2024-10-29T00:12:54.211+0000] {dagbag.py:386} ERROR - Failed to import: /opt/airflow/dags/nba_data_pipeline.py
Traceback (most recent call last):
  File "/home/airflow/.local/lib/python3.12/site-packages/airflow/models/dagbag.py", line 382, in parse
    loader.exec_module(new_module)
  File "<frozen importlib._bootstrap_external>", line 995, in exec_module
  File "<frozen importlib._bootstrap>", line 488, in _call_with_frames_removed
  File "/opt/airflow/dags/nba_data_pipeline.py", line 65, in <module>
    nba_data_pipeline()
  File "/home/airflow/.local/lib/python3.12/site-packages/airflow/models/dag.py", line 4283, in factory
    f(**f_kwargs)
  File "/opt/airflow/dags/nba_data_pipeline.py", line 39, in nba_data_pipeline
    data_ingestion = DockerOperator(
                     ^^^^^^^^^^^^^^^
  File "/home/airflow/.local/lib/python3.12/site-packages/airflow/models/baseoperator.py", line 490, in apply_defaults
    result = func(self, **kwargs, default_args=default_args)
             ^^^^^^^^^^^^^^^^^^^^^^^^^^^^^^^^^^^^^^^^^^^^^^^
  File "/home/airflow/.local/lib/python3.12/site-packages/airflow/providers/docker/operators/docker.py", line 273, in __init__
    super().__init__(**kwargs)
  File "/home/airflow/.local/lib/python3.12/site-packages/airflow/models/baseoperator.py", line 490, in apply_defaults
    result = func(self, **kwargs, default_args=default_args)
             ^^^^^^^^^^^^^^^^^^^^^^^^^^^^^^^^^^^^^^^^^^^^^^^
  File "/home/airflow/.local/lib/python3.12/site-packages/airflow/models/baseoperator.py", line 938, in __init__
    raise AirflowException(
airflow.exceptions.AirflowException: Invalid arguments were passed to DockerOperator (task_id: run_data_ingestion). Invalid arguments were:
**kwargs: {'docker_volume_mounts': ['/opt/airflow/data_pipeline_services:/app/data_pipeline_services']}
[2024-10-29T00:12:54.220+0000] {processor.py:927} WARNING - No viable dags retrieved from /opt/airflow/dags/nba_data_pipeline.py
[2024-10-29T00:12:54.243+0000] {processor.py:208} INFO - Processing /opt/airflow/dags/nba_data_pipeline.py took 0.054 seconds
[2024-10-29T00:13:09.338+0000] {processor.py:186} INFO - Started process (PID=238) to work on /opt/airflow/dags/nba_data_pipeline.py
[2024-10-29T00:13:09.339+0000] {processor.py:914} INFO - Processing file /opt/airflow/dags/nba_data_pipeline.py for tasks to queue
[2024-10-29T00:13:09.343+0000] {logging_mixin.py:190} INFO - [2024-10-29T00:13:09.342+0000] {dagbag.py:587} INFO - Filling up the DagBag from /opt/airflow/dags/nba_data_pipeline.py
[2024-10-29T00:13:09.374+0000] {processor.py:925} INFO - DAG(s) 'nba_data_pipeline' retrieved from /opt/airflow/dags/nba_data_pipeline.py
[2024-10-29T00:13:10.024+0000] {logging_mixin.py:190} INFO - [2024-10-29T00:13:10.023+0000] {override.py:1900} INFO - Created Permission View: can read on DAG:nba_data_pipeline
[2024-10-29T00:13:10.036+0000] {logging_mixin.py:190} INFO - [2024-10-29T00:13:10.036+0000] {override.py:1900} INFO - Created Permission View: can edit on DAG:nba_data_pipeline
[2024-10-29T00:13:10.044+0000] {logging_mixin.py:190} INFO - [2024-10-29T00:13:10.043+0000] {override.py:1900} INFO - Created Permission View: can delete on DAG:nba_data_pipeline
[2024-10-29T00:13:10.052+0000] {logging_mixin.py:190} INFO - [2024-10-29T00:13:10.052+0000] {override.py:1900} INFO - Created Permission View: can create on DAG Run:nba_data_pipeline
[2024-10-29T00:13:10.060+0000] {logging_mixin.py:190} INFO - [2024-10-29T00:13:10.060+0000] {override.py:1900} INFO - Created Permission View: can read on DAG Run:nba_data_pipeline
[2024-10-29T00:13:10.067+0000] {logging_mixin.py:190} INFO - [2024-10-29T00:13:10.067+0000] {override.py:1900} INFO - Created Permission View: can delete on DAG Run:nba_data_pipeline
[2024-10-29T00:13:10.076+0000] {logging_mixin.py:190} INFO - [2024-10-29T00:13:10.076+0000] {override.py:1900} INFO - Created Permission View: menu access on DAG Run:nba_data_pipeline
[2024-10-29T00:13:10.077+0000] {logging_mixin.py:190} INFO - [2024-10-29T00:13:10.076+0000] {dag.py:3229} INFO - Sync 1 DAGs
[2024-10-29T00:13:10.092+0000] {logging_mixin.py:190} INFO - [2024-10-29T00:13:10.092+0000] {dag.py:3252} INFO - Creating ORM DAG for nba_data_pipeline
[2024-10-29T00:13:10.103+0000] {logging_mixin.py:190} INFO - [2024-10-29T00:13:10.103+0000] {dag.py:4156} INFO - Setting next_dagrun for nba_data_pipeline to 2024-10-28 00:00:00+00:00, run_after=2024-10-29 00:00:00+00:00
[2024-10-29T00:13:10.133+0000] {processor.py:208} INFO - Processing /opt/airflow/dags/nba_data_pipeline.py took 0.806 seconds
[2024-10-29T00:43:34.556+0000] {processor.py:186} INFO - Started process (PID=190) to work on /opt/airflow/dags/nba_data_pipeline.py
[2024-10-29T00:43:34.557+0000] {processor.py:914} INFO - Processing file /opt/airflow/dags/nba_data_pipeline.py for tasks to queue
[2024-10-29T00:43:34.559+0000] {logging_mixin.py:190} INFO - [2024-10-29T00:43:34.559+0000] {dagbag.py:587} INFO - Filling up the DagBag from /opt/airflow/dags/nba_data_pipeline.py
[2024-10-29T00:43:34.578+0000] {processor.py:925} INFO - DAG(s) 'nba_data_pipeline' retrieved from /opt/airflow/dags/nba_data_pipeline.py
[2024-10-29T00:43:34.810+0000] {logging_mixin.py:190} INFO - [2024-10-29T00:43:34.810+0000] {override.py:1900} INFO - Created Permission View: can delete on DAG:nba_data_pipeline
[2024-10-29T00:43:34.820+0000] {logging_mixin.py:190} INFO - [2024-10-29T00:43:34.820+0000] {override.py:1900} INFO - Created Permission View: can read on DAG:nba_data_pipeline
[2024-10-29T00:43:34.826+0000] {logging_mixin.py:190} INFO - [2024-10-29T00:43:34.826+0000] {override.py:1900} INFO - Created Permission View: can edit on DAG:nba_data_pipeline
[2024-10-29T00:43:34.833+0000] {logging_mixin.py:190} INFO - [2024-10-29T00:43:34.832+0000] {override.py:1900} INFO - Created Permission View: menu access on DAG Run:nba_data_pipeline
[2024-10-29T00:43:34.839+0000] {logging_mixin.py:190} INFO - [2024-10-29T00:43:34.839+0000] {override.py:1900} INFO - Created Permission View: can delete on DAG Run:nba_data_pipeline
[2024-10-29T00:43:34.845+0000] {logging_mixin.py:190} INFO - [2024-10-29T00:43:34.845+0000] {override.py:1900} INFO - Created Permission View: can read on DAG Run:nba_data_pipeline
[2024-10-29T00:43:34.850+0000] {logging_mixin.py:190} INFO - [2024-10-29T00:43:34.850+0000] {override.py:1900} INFO - Created Permission View: can create on DAG Run:nba_data_pipeline
[2024-10-29T00:43:34.851+0000] {logging_mixin.py:190} INFO - [2024-10-29T00:43:34.851+0000] {dag.py:3229} INFO - Sync 1 DAGs
[2024-10-29T00:43:34.863+0000] {logging_mixin.py:190} INFO - [2024-10-29T00:43:34.863+0000] {dag.py:3252} INFO - Creating ORM DAG for nba_data_pipeline
[2024-10-29T00:43:34.873+0000] {logging_mixin.py:190} INFO - [2024-10-29T00:43:34.873+0000] {dag.py:4156} INFO - Setting next_dagrun for nba_data_pipeline to 2024-10-28 00:00:00+00:00, run_after=2024-10-29 00:00:00+00:00
[2024-10-29T00:43:34.895+0000] {processor.py:208} INFO - Processing /opt/airflow/dags/nba_data_pipeline.py took 0.346 seconds
[2024-10-29T00:44:05.164+0000] {processor.py:186} INFO - Started process (PID=195) to work on /opt/airflow/dags/nba_data_pipeline.py
[2024-10-29T00:44:05.165+0000] {processor.py:914} INFO - Processing file /opt/airflow/dags/nba_data_pipeline.py for tasks to queue
[2024-10-29T00:44:05.168+0000] {logging_mixin.py:190} INFO - [2024-10-29T00:44:05.168+0000] {dagbag.py:587} INFO - Filling up the DagBag from /opt/airflow/dags/nba_data_pipeline.py
[2024-10-29T00:44:05.182+0000] {processor.py:925} INFO - DAG(s) 'nba_data_pipeline' retrieved from /opt/airflow/dags/nba_data_pipeline.py
[2024-10-29T00:44:05.216+0000] {logging_mixin.py:190} INFO - [2024-10-29T00:44:05.216+0000] {dag.py:3229} INFO - Sync 1 DAGs
[2024-10-29T00:44:05.244+0000] {logging_mixin.py:190} INFO - [2024-10-29T00:44:05.244+0000] {dag.py:4156} INFO - Setting next_dagrun for nba_data_pipeline to 2024-10-28 00:00:00+00:00, run_after=2024-10-29 00:00:00+00:00
[2024-10-29T00:44:05.265+0000] {processor.py:208} INFO - Processing /opt/airflow/dags/nba_data_pipeline.py took 0.111 seconds
[2024-10-29T00:44:35.404+0000] {processor.py:186} INFO - Started process (PID=200) to work on /opt/airflow/dags/nba_data_pipeline.py
[2024-10-29T00:44:35.405+0000] {processor.py:914} INFO - Processing file /opt/airflow/dags/nba_data_pipeline.py for tasks to queue
[2024-10-29T00:44:35.409+0000] {logging_mixin.py:190} INFO - [2024-10-29T00:44:35.408+0000] {dagbag.py:587} INFO - Filling up the DagBag from /opt/airflow/dags/nba_data_pipeline.py
[2024-10-29T00:44:35.422+0000] {processor.py:925} INFO - DAG(s) 'nba_data_pipeline' retrieved from /opt/airflow/dags/nba_data_pipeline.py
[2024-10-29T00:44:35.462+0000] {logging_mixin.py:190} INFO - [2024-10-29T00:44:35.461+0000] {dag.py:3229} INFO - Sync 1 DAGs
[2024-10-29T00:44:35.492+0000] {logging_mixin.py:190} INFO - [2024-10-29T00:44:35.492+0000] {dag.py:4156} INFO - Setting next_dagrun for nba_data_pipeline to 2024-10-28 00:00:00+00:00, run_after=2024-10-29 00:00:00+00:00
[2024-10-29T00:44:35.514+0000] {processor.py:208} INFO - Processing /opt/airflow/dags/nba_data_pipeline.py took 0.119 seconds
[2024-10-29T00:45:05.750+0000] {processor.py:186} INFO - Started process (PID=208) to work on /opt/airflow/dags/nba_data_pipeline.py
[2024-10-29T00:45:05.750+0000] {processor.py:914} INFO - Processing file /opt/airflow/dags/nba_data_pipeline.py for tasks to queue
[2024-10-29T00:45:05.754+0000] {logging_mixin.py:190} INFO - [2024-10-29T00:45:05.753+0000] {dagbag.py:587} INFO - Filling up the DagBag from /opt/airflow/dags/nba_data_pipeline.py
[2024-10-29T00:45:05.767+0000] {processor.py:925} INFO - DAG(s) 'nba_data_pipeline' retrieved from /opt/airflow/dags/nba_data_pipeline.py
[2024-10-29T00:45:05.801+0000] {logging_mixin.py:190} INFO - [2024-10-29T00:45:05.801+0000] {dag.py:3229} INFO - Sync 1 DAGs
[2024-10-29T00:45:05.833+0000] {logging_mixin.py:190} INFO - [2024-10-29T00:45:05.833+0000] {dag.py:4156} INFO - Setting next_dagrun for nba_data_pipeline to 2024-10-29 00:00:00+00:00, run_after=2024-10-30 00:00:00+00:00
[2024-10-29T00:45:05.856+0000] {processor.py:208} INFO - Processing /opt/airflow/dags/nba_data_pipeline.py took 0.116 seconds
[2024-10-29T00:45:36.009+0000] {processor.py:186} INFO - Started process (PID=213) to work on /opt/airflow/dags/nba_data_pipeline.py
[2024-10-29T00:45:36.010+0000] {processor.py:914} INFO - Processing file /opt/airflow/dags/nba_data_pipeline.py for tasks to queue
[2024-10-29T00:45:36.014+0000] {logging_mixin.py:190} INFO - [2024-10-29T00:45:36.013+0000] {dagbag.py:587} INFO - Filling up the DagBag from /opt/airflow/dags/nba_data_pipeline.py
[2024-10-29T00:45:36.026+0000] {processor.py:925} INFO - DAG(s) 'nba_data_pipeline' retrieved from /opt/airflow/dags/nba_data_pipeline.py
[2024-10-29T00:45:36.062+0000] {logging_mixin.py:190} INFO - [2024-10-29T00:45:36.062+0000] {dag.py:3229} INFO - Sync 1 DAGs
[2024-10-29T00:45:36.095+0000] {logging_mixin.py:190} INFO - [2024-10-29T00:45:36.094+0000] {dag.py:4156} INFO - Setting next_dagrun for nba_data_pipeline to 2024-10-29 00:00:00+00:00, run_after=2024-10-30 00:00:00+00:00
[2024-10-29T00:45:36.116+0000] {processor.py:208} INFO - Processing /opt/airflow/dags/nba_data_pipeline.py took 0.116 seconds
[2024-10-29T00:46:06.349+0000] {processor.py:186} INFO - Started process (PID=218) to work on /opt/airflow/dags/nba_data_pipeline.py
[2024-10-29T00:46:06.350+0000] {processor.py:914} INFO - Processing file /opt/airflow/dags/nba_data_pipeline.py for tasks to queue
[2024-10-29T00:46:06.353+0000] {logging_mixin.py:190} INFO - [2024-10-29T00:46:06.353+0000] {dagbag.py:587} INFO - Filling up the DagBag from /opt/airflow/dags/nba_data_pipeline.py
[2024-10-29T00:46:06.366+0000] {processor.py:925} INFO - DAG(s) 'nba_data_pipeline' retrieved from /opt/airflow/dags/nba_data_pipeline.py
[2024-10-29T00:46:06.401+0000] {logging_mixin.py:190} INFO - [2024-10-29T00:46:06.400+0000] {dag.py:3229} INFO - Sync 1 DAGs
[2024-10-29T00:46:06.432+0000] {logging_mixin.py:190} INFO - [2024-10-29T00:46:06.432+0000] {dag.py:4156} INFO - Setting next_dagrun for nba_data_pipeline to 2024-10-29 00:00:00+00:00, run_after=2024-10-30 00:00:00+00:00
[2024-10-29T00:46:06.454+0000] {processor.py:208} INFO - Processing /opt/airflow/dags/nba_data_pipeline.py took 0.115 seconds
[2024-10-29T00:46:36.610+0000] {processor.py:186} INFO - Started process (PID=223) to work on /opt/airflow/dags/nba_data_pipeline.py
[2024-10-29T00:46:36.611+0000] {processor.py:914} INFO - Processing file /opt/airflow/dags/nba_data_pipeline.py for tasks to queue
[2024-10-29T00:46:36.615+0000] {logging_mixin.py:190} INFO - [2024-10-29T00:46:36.614+0000] {dagbag.py:587} INFO - Filling up the DagBag from /opt/airflow/dags/nba_data_pipeline.py
[2024-10-29T00:46:36.627+0000] {processor.py:925} INFO - DAG(s) 'nba_data_pipeline' retrieved from /opt/airflow/dags/nba_data_pipeline.py
[2024-10-29T00:46:36.660+0000] {logging_mixin.py:190} INFO - [2024-10-29T00:46:36.660+0000] {dag.py:3229} INFO - Sync 1 DAGs
[2024-10-29T00:46:36.691+0000] {logging_mixin.py:190} INFO - [2024-10-29T00:46:36.690+0000] {dag.py:4156} INFO - Setting next_dagrun for nba_data_pipeline to 2024-10-29 00:00:00+00:00, run_after=2024-10-30 00:00:00+00:00
[2024-10-29T00:46:36.711+0000] {processor.py:208} INFO - Processing /opt/airflow/dags/nba_data_pipeline.py took 0.111 seconds
[2024-10-29T00:47:06.927+0000] {processor.py:186} INFO - Started process (PID=228) to work on /opt/airflow/dags/nba_data_pipeline.py
[2024-10-29T00:47:06.928+0000] {processor.py:914} INFO - Processing file /opt/airflow/dags/nba_data_pipeline.py for tasks to queue
[2024-10-29T00:47:06.931+0000] {logging_mixin.py:190} INFO - [2024-10-29T00:47:06.930+0000] {dagbag.py:587} INFO - Filling up the DagBag from /opt/airflow/dags/nba_data_pipeline.py
[2024-10-29T00:47:06.944+0000] {processor.py:925} INFO - DAG(s) 'nba_data_pipeline' retrieved from /opt/airflow/dags/nba_data_pipeline.py
[2024-10-29T00:47:06.979+0000] {logging_mixin.py:190} INFO - [2024-10-29T00:47:06.979+0000] {dag.py:3229} INFO - Sync 1 DAGs
[2024-10-29T00:47:07.010+0000] {logging_mixin.py:190} INFO - [2024-10-29T00:47:07.010+0000] {dag.py:4156} INFO - Setting next_dagrun for nba_data_pipeline to 2024-10-29 00:00:00+00:00, run_after=2024-10-30 00:00:00+00:00
[2024-10-29T00:47:07.031+0000] {processor.py:208} INFO - Processing /opt/airflow/dags/nba_data_pipeline.py took 0.115 seconds
[2024-10-29T00:47:37.220+0000] {processor.py:186} INFO - Started process (PID=233) to work on /opt/airflow/dags/nba_data_pipeline.py
[2024-10-29T00:47:37.221+0000] {processor.py:914} INFO - Processing file /opt/airflow/dags/nba_data_pipeline.py for tasks to queue
[2024-10-29T00:47:37.224+0000] {logging_mixin.py:190} INFO - [2024-10-29T00:47:37.223+0000] {dagbag.py:587} INFO - Filling up the DagBag from /opt/airflow/dags/nba_data_pipeline.py
[2024-10-29T00:47:37.237+0000] {processor.py:925} INFO - DAG(s) 'nba_data_pipeline' retrieved from /opt/airflow/dags/nba_data_pipeline.py
[2024-10-29T00:47:37.273+0000] {logging_mixin.py:190} INFO - [2024-10-29T00:47:37.273+0000] {dag.py:3229} INFO - Sync 1 DAGs
[2024-10-29T00:47:37.305+0000] {logging_mixin.py:190} INFO - [2024-10-29T00:47:37.305+0000] {dag.py:4156} INFO - Setting next_dagrun for nba_data_pipeline to 2024-10-29 00:00:00+00:00, run_after=2024-10-30 00:00:00+00:00
[2024-10-29T00:47:37.491+0000] {processor.py:208} INFO - Processing /opt/airflow/dags/nba_data_pipeline.py took 0.281 seconds
[2024-10-29T00:48:07.550+0000] {processor.py:186} INFO - Started process (PID=238) to work on /opt/airflow/dags/nba_data_pipeline.py
[2024-10-29T00:48:07.551+0000] {processor.py:914} INFO - Processing file /opt/airflow/dags/nba_data_pipeline.py for tasks to queue
[2024-10-29T00:48:07.554+0000] {logging_mixin.py:190} INFO - [2024-10-29T00:48:07.554+0000] {dagbag.py:587} INFO - Filling up the DagBag from /opt/airflow/dags/nba_data_pipeline.py
[2024-10-29T00:48:07.568+0000] {processor.py:925} INFO - DAG(s) 'nba_data_pipeline' retrieved from /opt/airflow/dags/nba_data_pipeline.py
[2024-10-29T00:48:07.604+0000] {logging_mixin.py:190} INFO - [2024-10-29T00:48:07.603+0000] {dag.py:3229} INFO - Sync 1 DAGs
[2024-10-29T00:48:07.796+0000] {logging_mixin.py:190} INFO - [2024-10-29T00:48:07.796+0000] {dag.py:4156} INFO - Setting next_dagrun for nba_data_pipeline to 2024-10-29 00:00:00+00:00, run_after=2024-10-30 00:00:00+00:00
[2024-10-29T00:48:07.819+0000] {processor.py:208} INFO - Processing /opt/airflow/dags/nba_data_pipeline.py took 0.278 seconds
[2024-10-29T00:48:38.131+0000] {processor.py:186} INFO - Started process (PID=243) to work on /opt/airflow/dags/nba_data_pipeline.py
[2024-10-29T00:48:38.132+0000] {processor.py:914} INFO - Processing file /opt/airflow/dags/nba_data_pipeline.py for tasks to queue
[2024-10-29T00:48:38.135+0000] {logging_mixin.py:190} INFO - [2024-10-29T00:48:38.135+0000] {dagbag.py:587} INFO - Filling up the DagBag from /opt/airflow/dags/nba_data_pipeline.py
[2024-10-29T00:48:38.149+0000] {processor.py:925} INFO - DAG(s) 'nba_data_pipeline' retrieved from /opt/airflow/dags/nba_data_pipeline.py
[2024-10-29T00:48:38.187+0000] {logging_mixin.py:190} INFO - [2024-10-29T00:48:38.187+0000] {dag.py:3229} INFO - Sync 1 DAGs
[2024-10-29T00:48:38.391+0000] {logging_mixin.py:190} INFO - [2024-10-29T00:48:38.391+0000] {dag.py:4156} INFO - Setting next_dagrun for nba_data_pipeline to 2024-10-29 00:00:00+00:00, run_after=2024-10-30 00:00:00+00:00
[2024-10-29T00:48:38.414+0000] {processor.py:208} INFO - Processing /opt/airflow/dags/nba_data_pipeline.py took 0.293 seconds
[2024-10-29T00:49:08.698+0000] {processor.py:186} INFO - Started process (PID=248) to work on /opt/airflow/dags/nba_data_pipeline.py
[2024-10-29T00:49:08.699+0000] {processor.py:914} INFO - Processing file /opt/airflow/dags/nba_data_pipeline.py for tasks to queue
[2024-10-29T00:49:08.703+0000] {logging_mixin.py:190} INFO - [2024-10-29T00:49:08.702+0000] {dagbag.py:587} INFO - Filling up the DagBag from /opt/airflow/dags/nba_data_pipeline.py
[2024-10-29T00:49:08.716+0000] {processor.py:925} INFO - DAG(s) 'nba_data_pipeline' retrieved from /opt/airflow/dags/nba_data_pipeline.py
[2024-10-29T00:49:08.912+0000] {logging_mixin.py:190} INFO - [2024-10-29T00:49:08.912+0000] {dag.py:3229} INFO - Sync 1 DAGs
[2024-10-29T00:49:08.942+0000] {logging_mixin.py:190} INFO - [2024-10-29T00:49:08.941+0000] {dag.py:4156} INFO - Setting next_dagrun for nba_data_pipeline to 2024-10-29 00:00:00+00:00, run_after=2024-10-30 00:00:00+00:00
[2024-10-29T00:49:08.963+0000] {processor.py:208} INFO - Processing /opt/airflow/dags/nba_data_pipeline.py took 0.276 seconds
[2024-10-29T00:49:39.211+0000] {processor.py:186} INFO - Started process (PID=256) to work on /opt/airflow/dags/nba_data_pipeline.py
[2024-10-29T00:49:39.213+0000] {processor.py:914} INFO - Processing file /opt/airflow/dags/nba_data_pipeline.py for tasks to queue
[2024-10-29T00:49:39.216+0000] {logging_mixin.py:190} INFO - [2024-10-29T00:49:39.215+0000] {dagbag.py:587} INFO - Filling up the DagBag from /opt/airflow/dags/nba_data_pipeline.py
[2024-10-29T00:49:39.235+0000] {processor.py:925} INFO - DAG(s) 'nba_data_pipeline' retrieved from /opt/airflow/dags/nba_data_pipeline.py
[2024-10-29T00:49:39.269+0000] {logging_mixin.py:190} INFO - [2024-10-29T00:49:39.269+0000] {dag.py:3229} INFO - Sync 1 DAGs
[2024-10-29T00:49:39.299+0000] {logging_mixin.py:190} INFO - [2024-10-29T00:49:39.299+0000] {dag.py:4156} INFO - Setting next_dagrun for nba_data_pipeline to 2024-10-29 00:00:00+00:00, run_after=2024-10-30 00:00:00+00:00
[2024-10-29T00:49:39.321+0000] {processor.py:208} INFO - Processing /opt/airflow/dags/nba_data_pipeline.py took 0.122 seconds
[2024-10-29T00:51:32.672+0000] {processor.py:186} INFO - Started process (PID=190) to work on /opt/airflow/dags/nba_data_pipeline.py
[2024-10-29T00:51:32.673+0000] {processor.py:914} INFO - Processing file /opt/airflow/dags/nba_data_pipeline.py for tasks to queue
[2024-10-29T00:51:32.676+0000] {logging_mixin.py:190} INFO - [2024-10-29T00:51:32.675+0000] {dagbag.py:587} INFO - Filling up the DagBag from /opt/airflow/dags/nba_data_pipeline.py
[2024-10-29T00:51:32.686+0000] {processor.py:925} INFO - DAG(s) 'nba_data_pipeline' retrieved from /opt/airflow/dags/nba_data_pipeline.py
[2024-10-29T00:51:32.734+0000] {logging_mixin.py:190} INFO - [2024-10-29T00:51:32.734+0000] {dag.py:3229} INFO - Sync 1 DAGs
[2024-10-29T00:51:32.758+0000] {logging_mixin.py:190} INFO - [2024-10-29T00:51:32.758+0000] {dag.py:4156} INFO - Setting next_dagrun for nba_data_pipeline to 2024-10-29 00:00:00+00:00, run_after=2024-10-30 00:00:00+00:00
[2024-10-29T00:51:32.775+0000] {processor.py:208} INFO - Processing /opt/airflow/dags/nba_data_pipeline.py took 0.111 seconds
[2024-10-29T00:52:02.907+0000] {processor.py:186} INFO - Started process (PID=195) to work on /opt/airflow/dags/nba_data_pipeline.py
[2024-10-29T00:52:02.908+0000] {processor.py:914} INFO - Processing file /opt/airflow/dags/nba_data_pipeline.py for tasks to queue
[2024-10-29T00:52:02.911+0000] {logging_mixin.py:190} INFO - [2024-10-29T00:52:02.911+0000] {dagbag.py:587} INFO - Filling up the DagBag from /opt/airflow/dags/nba_data_pipeline.py
[2024-10-29T00:52:02.924+0000] {processor.py:925} INFO - DAG(s) 'nba_data_pipeline' retrieved from /opt/airflow/dags/nba_data_pipeline.py
[2024-10-29T00:52:02.960+0000] {logging_mixin.py:190} INFO - [2024-10-29T00:52:02.960+0000] {dag.py:3229} INFO - Sync 1 DAGs
[2024-10-29T00:52:02.993+0000] {logging_mixin.py:190} INFO - [2024-10-29T00:52:02.993+0000] {dag.py:4156} INFO - Setting next_dagrun for nba_data_pipeline to 2024-10-29 00:00:00+00:00, run_after=2024-10-30 00:00:00+00:00
[2024-10-29T00:52:03.019+0000] {processor.py:208} INFO - Processing /opt/airflow/dags/nba_data_pipeline.py took 0.122 seconds
[2024-10-29T00:52:33.267+0000] {processor.py:186} INFO - Started process (PID=200) to work on /opt/airflow/dags/nba_data_pipeline.py
[2024-10-29T00:52:33.268+0000] {processor.py:914} INFO - Processing file /opt/airflow/dags/nba_data_pipeline.py for tasks to queue
[2024-10-29T00:52:33.272+0000] {logging_mixin.py:190} INFO - [2024-10-29T00:52:33.272+0000] {dagbag.py:587} INFO - Filling up the DagBag from /opt/airflow/dags/nba_data_pipeline.py
[2024-10-29T00:52:33.296+0000] {processor.py:925} INFO - DAG(s) 'nba_data_pipeline' retrieved from /opt/airflow/dags/nba_data_pipeline.py
[2024-10-29T00:52:33.334+0000] {logging_mixin.py:190} INFO - [2024-10-29T00:52:33.333+0000] {dag.py:3229} INFO - Sync 1 DAGs
[2024-10-29T00:52:33.364+0000] {logging_mixin.py:190} INFO - [2024-10-29T00:52:33.364+0000] {dag.py:4156} INFO - Setting next_dagrun for nba_data_pipeline to 2024-10-29 00:00:00+00:00, run_after=2024-10-30 00:00:00+00:00
[2024-10-29T00:52:33.387+0000] {processor.py:208} INFO - Processing /opt/airflow/dags/nba_data_pipeline.py took 0.136 seconds
[2024-10-29T00:53:03.615+0000] {processor.py:186} INFO - Started process (PID=205) to work on /opt/airflow/dags/nba_data_pipeline.py
[2024-10-29T00:53:03.617+0000] {processor.py:914} INFO - Processing file /opt/airflow/dags/nba_data_pipeline.py for tasks to queue
[2024-10-29T00:53:03.620+0000] {logging_mixin.py:190} INFO - [2024-10-29T00:53:03.619+0000] {dagbag.py:587} INFO - Filling up the DagBag from /opt/airflow/dags/nba_data_pipeline.py
[2024-10-29T00:53:03.636+0000] {processor.py:925} INFO - DAG(s) 'nba_data_pipeline' retrieved from /opt/airflow/dags/nba_data_pipeline.py
[2024-10-29T00:53:03.670+0000] {logging_mixin.py:190} INFO - [2024-10-29T00:53:03.670+0000] {dag.py:3229} INFO - Sync 1 DAGs
[2024-10-29T00:53:03.700+0000] {logging_mixin.py:190} INFO - [2024-10-29T00:53:03.700+0000] {dag.py:4156} INFO - Setting next_dagrun for nba_data_pipeline to 2024-10-29 00:00:00+00:00, run_after=2024-10-30 00:00:00+00:00
[2024-10-29T00:53:03.723+0000] {processor.py:208} INFO - Processing /opt/airflow/dags/nba_data_pipeline.py took 0.119 seconds
[2024-10-29T00:53:33.882+0000] {processor.py:186} INFO - Started process (PID=210) to work on /opt/airflow/dags/nba_data_pipeline.py
[2024-10-29T00:53:33.883+0000] {processor.py:914} INFO - Processing file /opt/airflow/dags/nba_data_pipeline.py for tasks to queue
[2024-10-29T00:53:33.886+0000] {logging_mixin.py:190} INFO - [2024-10-29T00:53:33.886+0000] {dagbag.py:587} INFO - Filling up the DagBag from /opt/airflow/dags/nba_data_pipeline.py
[2024-10-29T00:53:33.898+0000] {processor.py:925} INFO - DAG(s) 'nba_data_pipeline' retrieved from /opt/airflow/dags/nba_data_pipeline.py
[2024-10-29T00:53:33.931+0000] {logging_mixin.py:190} INFO - [2024-10-29T00:53:33.931+0000] {dag.py:3229} INFO - Sync 1 DAGs
[2024-10-29T00:53:33.962+0000] {logging_mixin.py:190} INFO - [2024-10-29T00:53:33.961+0000] {dag.py:4156} INFO - Setting next_dagrun for nba_data_pipeline to 2024-10-29 00:00:00+00:00, run_after=2024-10-30 00:00:00+00:00
[2024-10-29T00:53:33.984+0000] {processor.py:208} INFO - Processing /opt/airflow/dags/nba_data_pipeline.py took 0.112 seconds
[2024-10-29T00:55:46.615+0000] {processor.py:186} INFO - Started process (PID=190) to work on /opt/airflow/dags/nba_data_pipeline.py
[2024-10-29T00:55:46.616+0000] {processor.py:914} INFO - Processing file /opt/airflow/dags/nba_data_pipeline.py for tasks to queue
[2024-10-29T00:55:46.618+0000] {logging_mixin.py:190} INFO - [2024-10-29T00:55:46.618+0000] {dagbag.py:587} INFO - Filling up the DagBag from /opt/airflow/dags/nba_data_pipeline.py
[2024-10-29T00:55:46.634+0000] {processor.py:925} INFO - DAG(s) 'nba_data_pipeline' retrieved from /opt/airflow/dags/nba_data_pipeline.py
[2024-10-29T00:55:46.880+0000] {logging_mixin.py:190} INFO - [2024-10-29T00:55:46.880+0000] {override.py:1900} INFO - Created Permission View: can delete on DAG:nba_data_pipeline
[2024-10-29T00:55:46.891+0000] {logging_mixin.py:190} INFO - [2024-10-29T00:55:46.891+0000] {override.py:1900} INFO - Created Permission View: can read on DAG:nba_data_pipeline
[2024-10-29T00:55:46.898+0000] {logging_mixin.py:190} INFO - [2024-10-29T00:55:46.898+0000] {override.py:1900} INFO - Created Permission View: can edit on DAG:nba_data_pipeline
[2024-10-29T00:55:46.905+0000] {logging_mixin.py:190} INFO - [2024-10-29T00:55:46.904+0000] {override.py:1900} INFO - Created Permission View: can delete on DAG Run:nba_data_pipeline
[2024-10-29T00:55:46.912+0000] {logging_mixin.py:190} INFO - [2024-10-29T00:55:46.912+0000] {override.py:1900} INFO - Created Permission View: can read on DAG Run:nba_data_pipeline
[2024-10-29T00:55:46.918+0000] {logging_mixin.py:190} INFO - [2024-10-29T00:55:46.918+0000] {override.py:1900} INFO - Created Permission View: menu access on DAG Run:nba_data_pipeline
[2024-10-29T00:55:46.924+0000] {logging_mixin.py:190} INFO - [2024-10-29T00:55:46.924+0000] {override.py:1900} INFO - Created Permission View: can create on DAG Run:nba_data_pipeline
[2024-10-29T00:55:46.925+0000] {logging_mixin.py:190} INFO - [2024-10-29T00:55:46.924+0000] {dag.py:3229} INFO - Sync 1 DAGs
[2024-10-29T00:55:46.939+0000] {logging_mixin.py:190} INFO - [2024-10-29T00:55:46.939+0000] {dag.py:3252} INFO - Creating ORM DAG for nba_data_pipeline
[2024-10-29T00:55:46.949+0000] {logging_mixin.py:190} INFO - [2024-10-29T00:55:46.949+0000] {dag.py:4156} INFO - Setting next_dagrun for nba_data_pipeline to 2024-10-28 00:00:00+00:00, run_after=2024-10-29 00:00:00+00:00
[2024-10-29T00:55:46.968+0000] {processor.py:208} INFO - Processing /opt/airflow/dags/nba_data_pipeline.py took 0.364 seconds
[2024-10-29T00:56:17.197+0000] {processor.py:186} INFO - Started process (PID=195) to work on /opt/airflow/dags/nba_data_pipeline.py
[2024-10-29T00:56:17.199+0000] {processor.py:914} INFO - Processing file /opt/airflow/dags/nba_data_pipeline.py for tasks to queue
[2024-10-29T00:56:17.202+0000] {logging_mixin.py:190} INFO - [2024-10-29T00:56:17.201+0000] {dagbag.py:587} INFO - Filling up the DagBag from /opt/airflow/dags/nba_data_pipeline.py
[2024-10-29T00:56:17.216+0000] {processor.py:925} INFO - DAG(s) 'nba_data_pipeline' retrieved from /opt/airflow/dags/nba_data_pipeline.py
[2024-10-29T00:56:17.254+0000] {logging_mixin.py:190} INFO - [2024-10-29T00:56:17.254+0000] {dag.py:3229} INFO - Sync 1 DAGs
[2024-10-29T00:56:17.290+0000] {logging_mixin.py:190} INFO - [2024-10-29T00:56:17.290+0000] {dag.py:4156} INFO - Setting next_dagrun for nba_data_pipeline to 2024-10-28 00:00:00+00:00, run_after=2024-10-29 00:00:00+00:00
[2024-10-29T00:56:17.315+0000] {processor.py:208} INFO - Processing /opt/airflow/dags/nba_data_pipeline.py took 0.128 seconds
[2024-10-29T00:56:47.425+0000] {processor.py:186} INFO - Started process (PID=203) to work on /opt/airflow/dags/nba_data_pipeline.py
[2024-10-29T00:56:47.426+0000] {processor.py:914} INFO - Processing file /opt/airflow/dags/nba_data_pipeline.py for tasks to queue
[2024-10-29T00:56:47.429+0000] {logging_mixin.py:190} INFO - [2024-10-29T00:56:47.428+0000] {dagbag.py:587} INFO - Filling up the DagBag from /opt/airflow/dags/nba_data_pipeline.py
[2024-10-29T00:56:47.442+0000] {processor.py:925} INFO - DAG(s) 'nba_data_pipeline' retrieved from /opt/airflow/dags/nba_data_pipeline.py
[2024-10-29T00:56:47.477+0000] {logging_mixin.py:190} INFO - [2024-10-29T00:56:47.477+0000] {dag.py:3229} INFO - Sync 1 DAGs
[2024-10-29T00:56:47.509+0000] {logging_mixin.py:190} INFO - [2024-10-29T00:56:47.509+0000] {dag.py:4156} INFO - Setting next_dagrun for nba_data_pipeline to 2024-10-29 00:00:00+00:00, run_after=2024-10-30 00:00:00+00:00
[2024-10-29T00:56:47.535+0000] {processor.py:208} INFO - Processing /opt/airflow/dags/nba_data_pipeline.py took 0.119 seconds
[2024-10-29T00:57:17.762+0000] {processor.py:186} INFO - Started process (PID=208) to work on /opt/airflow/dags/nba_data_pipeline.py
[2024-10-29T00:57:17.762+0000] {processor.py:914} INFO - Processing file /opt/airflow/dags/nba_data_pipeline.py for tasks to queue
[2024-10-29T00:57:17.765+0000] {logging_mixin.py:190} INFO - [2024-10-29T00:57:17.765+0000] {dagbag.py:587} INFO - Filling up the DagBag from /opt/airflow/dags/nba_data_pipeline.py
[2024-10-29T00:57:17.777+0000] {processor.py:925} INFO - DAG(s) 'nba_data_pipeline' retrieved from /opt/airflow/dags/nba_data_pipeline.py
[2024-10-29T00:57:17.808+0000] {logging_mixin.py:190} INFO - [2024-10-29T00:57:17.808+0000] {dag.py:3229} INFO - Sync 1 DAGs
[2024-10-29T00:57:17.840+0000] {logging_mixin.py:190} INFO - [2024-10-29T00:57:17.840+0000] {dag.py:4156} INFO - Setting next_dagrun for nba_data_pipeline to 2024-10-29 00:00:00+00:00, run_after=2024-10-30 00:00:00+00:00
[2024-10-29T00:57:17.862+0000] {processor.py:208} INFO - Processing /opt/airflow/dags/nba_data_pipeline.py took 0.109 seconds
[2024-10-29T00:57:48.017+0000] {processor.py:186} INFO - Started process (PID=213) to work on /opt/airflow/dags/nba_data_pipeline.py
[2024-10-29T00:57:48.018+0000] {processor.py:914} INFO - Processing file /opt/airflow/dags/nba_data_pipeline.py for tasks to queue
[2024-10-29T00:57:48.022+0000] {logging_mixin.py:190} INFO - [2024-10-29T00:57:48.021+0000] {dagbag.py:587} INFO - Filling up the DagBag from /opt/airflow/dags/nba_data_pipeline.py
[2024-10-29T00:57:48.034+0000] {processor.py:925} INFO - DAG(s) 'nba_data_pipeline' retrieved from /opt/airflow/dags/nba_data_pipeline.py
[2024-10-29T00:57:48.069+0000] {logging_mixin.py:190} INFO - [2024-10-29T00:57:48.068+0000] {dag.py:3229} INFO - Sync 1 DAGs
[2024-10-29T00:57:48.106+0000] {logging_mixin.py:190} INFO - [2024-10-29T00:57:48.106+0000] {dag.py:4156} INFO - Setting next_dagrun for nba_data_pipeline to 2024-10-29 00:00:00+00:00, run_after=2024-10-30 00:00:00+00:00
[2024-10-29T00:57:48.128+0000] {processor.py:208} INFO - Processing /opt/airflow/dags/nba_data_pipeline.py took 0.120 seconds
[2024-10-29T00:58:18.345+0000] {processor.py:186} INFO - Started process (PID=218) to work on /opt/airflow/dags/nba_data_pipeline.py
[2024-10-29T00:58:18.346+0000] {processor.py:914} INFO - Processing file /opt/airflow/dags/nba_data_pipeline.py for tasks to queue
[2024-10-29T00:58:18.350+0000] {logging_mixin.py:190} INFO - [2024-10-29T00:58:18.349+0000] {dagbag.py:587} INFO - Filling up the DagBag from /opt/airflow/dags/nba_data_pipeline.py
[2024-10-29T00:58:18.362+0000] {processor.py:925} INFO - DAG(s) 'nba_data_pipeline' retrieved from /opt/airflow/dags/nba_data_pipeline.py
[2024-10-29T00:58:18.394+0000] {logging_mixin.py:190} INFO - [2024-10-29T00:58:18.394+0000] {dag.py:3229} INFO - Sync 1 DAGs
[2024-10-29T00:58:18.424+0000] {logging_mixin.py:190} INFO - [2024-10-29T00:58:18.423+0000] {dag.py:4156} INFO - Setting next_dagrun for nba_data_pipeline to 2024-10-29 00:00:00+00:00, run_after=2024-10-30 00:00:00+00:00
[2024-10-29T00:58:18.446+0000] {processor.py:208} INFO - Processing /opt/airflow/dags/nba_data_pipeline.py took 0.111 seconds
[2024-10-29T00:58:48.604+0000] {processor.py:186} INFO - Started process (PID=223) to work on /opt/airflow/dags/nba_data_pipeline.py
[2024-10-29T00:58:48.605+0000] {processor.py:914} INFO - Processing file /opt/airflow/dags/nba_data_pipeline.py for tasks to queue
[2024-10-29T00:58:48.608+0000] {logging_mixin.py:190} INFO - [2024-10-29T00:58:48.608+0000] {dagbag.py:587} INFO - Filling up the DagBag from /opt/airflow/dags/nba_data_pipeline.py
[2024-10-29T00:58:48.621+0000] {processor.py:925} INFO - DAG(s) 'nba_data_pipeline' retrieved from /opt/airflow/dags/nba_data_pipeline.py
[2024-10-29T00:58:48.657+0000] {logging_mixin.py:190} INFO - [2024-10-29T00:58:48.657+0000] {dag.py:3229} INFO - Sync 1 DAGs
[2024-10-29T00:58:48.690+0000] {logging_mixin.py:190} INFO - [2024-10-29T00:58:48.689+0000] {dag.py:4156} INFO - Setting next_dagrun for nba_data_pipeline to 2024-10-29 00:00:00+00:00, run_after=2024-10-30 00:00:00+00:00
[2024-10-29T00:58:48.713+0000] {processor.py:208} INFO - Processing /opt/airflow/dags/nba_data_pipeline.py took 0.119 seconds
[2024-10-29T00:59:18.935+0000] {processor.py:186} INFO - Started process (PID=228) to work on /opt/airflow/dags/nba_data_pipeline.py
[2024-10-29T00:59:18.936+0000] {processor.py:914} INFO - Processing file /opt/airflow/dags/nba_data_pipeline.py for tasks to queue
[2024-10-29T00:59:18.939+0000] {logging_mixin.py:190} INFO - [2024-10-29T00:59:18.939+0000] {dagbag.py:587} INFO - Filling up the DagBag from /opt/airflow/dags/nba_data_pipeline.py
[2024-10-29T00:59:18.953+0000] {processor.py:925} INFO - DAG(s) 'nba_data_pipeline' retrieved from /opt/airflow/dags/nba_data_pipeline.py
[2024-10-29T00:59:18.988+0000] {logging_mixin.py:190} INFO - [2024-10-29T00:59:18.987+0000] {dag.py:3229} INFO - Sync 1 DAGs
[2024-10-29T00:59:19.016+0000] {logging_mixin.py:190} INFO - [2024-10-29T00:59:19.016+0000] {dag.py:4156} INFO - Setting next_dagrun for nba_data_pipeline to 2024-10-29 00:00:00+00:00, run_after=2024-10-30 00:00:00+00:00
[2024-10-29T00:59:19.038+0000] {processor.py:208} INFO - Processing /opt/airflow/dags/nba_data_pipeline.py took 0.114 seconds
[2024-10-29T00:59:49.236+0000] {processor.py:186} INFO - Started process (PID=233) to work on /opt/airflow/dags/nba_data_pipeline.py
[2024-10-29T00:59:49.237+0000] {processor.py:914} INFO - Processing file /opt/airflow/dags/nba_data_pipeline.py for tasks to queue
[2024-10-29T00:59:49.240+0000] {logging_mixin.py:190} INFO - [2024-10-29T00:59:49.239+0000] {dagbag.py:587} INFO - Filling up the DagBag from /opt/airflow/dags/nba_data_pipeline.py
[2024-10-29T00:59:49.252+0000] {processor.py:925} INFO - DAG(s) 'nba_data_pipeline' retrieved from /opt/airflow/dags/nba_data_pipeline.py
[2024-10-29T00:59:49.285+0000] {logging_mixin.py:190} INFO - [2024-10-29T00:59:49.285+0000] {dag.py:3229} INFO - Sync 1 DAGs
[2024-10-29T00:59:49.315+0000] {logging_mixin.py:190} INFO - [2024-10-29T00:59:49.315+0000] {dag.py:4156} INFO - Setting next_dagrun for nba_data_pipeline to 2024-10-29 00:00:00+00:00, run_after=2024-10-30 00:00:00+00:00
[2024-10-29T00:59:49.493+0000] {processor.py:208} INFO - Processing /opt/airflow/dags/nba_data_pipeline.py took 0.266 seconds
[2024-10-29T01:00:19.748+0000] {processor.py:186} INFO - Started process (PID=238) to work on /opt/airflow/dags/nba_data_pipeline.py
[2024-10-29T01:00:19.749+0000] {processor.py:914} INFO - Processing file /opt/airflow/dags/nba_data_pipeline.py for tasks to queue
[2024-10-29T01:00:19.752+0000] {logging_mixin.py:190} INFO - [2024-10-29T01:00:19.752+0000] {dagbag.py:587} INFO - Filling up the DagBag from /opt/airflow/dags/nba_data_pipeline.py
[2024-10-29T01:00:19.765+0000] {processor.py:925} INFO - DAG(s) 'nba_data_pipeline' retrieved from /opt/airflow/dags/nba_data_pipeline.py
[2024-10-29T01:00:19.798+0000] {logging_mixin.py:190} INFO - [2024-10-29T01:00:19.798+0000] {dag.py:3229} INFO - Sync 1 DAGs
[2024-10-29T01:00:19.986+0000] {logging_mixin.py:190} INFO - [2024-10-29T01:00:19.986+0000] {dag.py:4156} INFO - Setting next_dagrun for nba_data_pipeline to 2024-10-29 00:00:00+00:00, run_after=2024-10-30 00:00:00+00:00
[2024-10-29T01:00:20.009+0000] {processor.py:208} INFO - Processing /opt/airflow/dags/nba_data_pipeline.py took 0.271 seconds
[2024-10-29T01:00:50.297+0000] {processor.py:186} INFO - Started process (PID=243) to work on /opt/airflow/dags/nba_data_pipeline.py
[2024-10-29T01:00:50.299+0000] {processor.py:914} INFO - Processing file /opt/airflow/dags/nba_data_pipeline.py for tasks to queue
[2024-10-29T01:00:50.302+0000] {logging_mixin.py:190} INFO - [2024-10-29T01:00:50.302+0000] {dagbag.py:587} INFO - Filling up the DagBag from /opt/airflow/dags/nba_data_pipeline.py
[2024-10-29T01:00:50.316+0000] {processor.py:925} INFO - DAG(s) 'nba_data_pipeline' retrieved from /opt/airflow/dags/nba_data_pipeline.py
[2024-10-29T01:00:50.354+0000] {logging_mixin.py:190} INFO - [2024-10-29T01:00:50.354+0000] {dag.py:3229} INFO - Sync 1 DAGs
[2024-10-29T01:00:50.552+0000] {logging_mixin.py:190} INFO - [2024-10-29T01:00:50.552+0000] {dag.py:4156} INFO - Setting next_dagrun for nba_data_pipeline to 2024-10-29 00:00:00+00:00, run_after=2024-10-30 00:00:00+00:00
[2024-10-29T01:00:50.578+0000] {processor.py:208} INFO - Processing /opt/airflow/dags/nba_data_pipeline.py took 0.292 seconds
[2024-10-29T01:01:20.883+0000] {processor.py:186} INFO - Started process (PID=248) to work on /opt/airflow/dags/nba_data_pipeline.py
[2024-10-29T01:01:20.884+0000] {processor.py:914} INFO - Processing file /opt/airflow/dags/nba_data_pipeline.py for tasks to queue
[2024-10-29T01:01:20.888+0000] {logging_mixin.py:190} INFO - [2024-10-29T01:01:20.888+0000] {dagbag.py:587} INFO - Filling up the DagBag from /opt/airflow/dags/nba_data_pipeline.py
[2024-10-29T01:01:20.903+0000] {processor.py:925} INFO - DAG(s) 'nba_data_pipeline' retrieved from /opt/airflow/dags/nba_data_pipeline.py
[2024-10-29T01:01:21.118+0000] {logging_mixin.py:190} INFO - [2024-10-29T01:01:21.118+0000] {dag.py:3229} INFO - Sync 1 DAGs
[2024-10-29T01:01:21.149+0000] {logging_mixin.py:190} INFO - [2024-10-29T01:01:21.149+0000] {dag.py:4156} INFO - Setting next_dagrun for nba_data_pipeline to 2024-10-29 00:00:00+00:00, run_after=2024-10-30 00:00:00+00:00
[2024-10-29T01:01:21.172+0000] {processor.py:208} INFO - Processing /opt/airflow/dags/nba_data_pipeline.py took 0.300 seconds
[2024-10-29T01:01:51.530+0000] {processor.py:186} INFO - Started process (PID=256) to work on /opt/airflow/dags/nba_data_pipeline.py
[2024-10-29T01:01:51.531+0000] {processor.py:914} INFO - Processing file /opt/airflow/dags/nba_data_pipeline.py for tasks to queue
[2024-10-29T01:01:51.535+0000] {logging_mixin.py:190} INFO - [2024-10-29T01:01:51.535+0000] {dagbag.py:587} INFO - Filling up the DagBag from /opt/airflow/dags/nba_data_pipeline.py
[2024-10-29T01:01:51.548+0000] {processor.py:925} INFO - DAG(s) 'nba_data_pipeline' retrieved from /opt/airflow/dags/nba_data_pipeline.py
[2024-10-29T01:01:51.586+0000] {logging_mixin.py:190} INFO - [2024-10-29T01:01:51.585+0000] {dag.py:3229} INFO - Sync 1 DAGs
[2024-10-29T01:01:51.619+0000] {logging_mixin.py:190} INFO - [2024-10-29T01:01:51.618+0000] {dag.py:4156} INFO - Setting next_dagrun for nba_data_pipeline to 2024-10-29 00:00:00+00:00, run_after=2024-10-30 00:00:00+00:00
[2024-10-29T01:01:51.643+0000] {processor.py:208} INFO - Processing /opt/airflow/dags/nba_data_pipeline.py took 0.123 seconds
[2024-10-29T01:02:21.789+0000] {processor.py:186} INFO - Started process (PID=261) to work on /opt/airflow/dags/nba_data_pipeline.py
[2024-10-29T01:02:21.790+0000] {processor.py:914} INFO - Processing file /opt/airflow/dags/nba_data_pipeline.py for tasks to queue
[2024-10-29T01:02:21.794+0000] {logging_mixin.py:190} INFO - [2024-10-29T01:02:21.794+0000] {dagbag.py:587} INFO - Filling up the DagBag from /opt/airflow/dags/nba_data_pipeline.py
[2024-10-29T01:02:21.807+0000] {processor.py:925} INFO - DAG(s) 'nba_data_pipeline' retrieved from /opt/airflow/dags/nba_data_pipeline.py
[2024-10-29T01:02:21.843+0000] {logging_mixin.py:190} INFO - [2024-10-29T01:02:21.843+0000] {dag.py:3229} INFO - Sync 1 DAGs
[2024-10-29T01:02:21.875+0000] {logging_mixin.py:190} INFO - [2024-10-29T01:02:21.874+0000] {dag.py:4156} INFO - Setting next_dagrun for nba_data_pipeline to 2024-10-29 00:00:00+00:00, run_after=2024-10-30 00:00:00+00:00
[2024-10-29T01:02:21.899+0000] {processor.py:208} INFO - Processing /opt/airflow/dags/nba_data_pipeline.py took 0.120 seconds
[2024-10-29T01:02:52.146+0000] {processor.py:186} INFO - Started process (PID=266) to work on /opt/airflow/dags/nba_data_pipeline.py
[2024-10-29T01:02:52.148+0000] {processor.py:914} INFO - Processing file /opt/airflow/dags/nba_data_pipeline.py for tasks to queue
[2024-10-29T01:02:52.151+0000] {logging_mixin.py:190} INFO - [2024-10-29T01:02:52.150+0000] {dagbag.py:587} INFO - Filling up the DagBag from /opt/airflow/dags/nba_data_pipeline.py
[2024-10-29T01:02:52.164+0000] {processor.py:925} INFO - DAG(s) 'nba_data_pipeline' retrieved from /opt/airflow/dags/nba_data_pipeline.py
[2024-10-29T01:02:52.199+0000] {logging_mixin.py:190} INFO - [2024-10-29T01:02:52.198+0000] {dag.py:3229} INFO - Sync 1 DAGs
[2024-10-29T01:02:52.389+0000] {logging_mixin.py:190} INFO - [2024-10-29T01:02:52.388+0000] {dag.py:4156} INFO - Setting next_dagrun for nba_data_pipeline to 2024-10-29 00:00:00+00:00, run_after=2024-10-30 00:00:00+00:00
[2024-10-29T01:02:52.414+0000] {processor.py:208} INFO - Processing /opt/airflow/dags/nba_data_pipeline.py took 0.277 seconds
[2024-10-29T01:03:22.672+0000] {processor.py:186} INFO - Started process (PID=271) to work on /opt/airflow/dags/nba_data_pipeline.py
[2024-10-29T01:03:22.673+0000] {processor.py:914} INFO - Processing file /opt/airflow/dags/nba_data_pipeline.py for tasks to queue
[2024-10-29T01:03:22.677+0000] {logging_mixin.py:190} INFO - [2024-10-29T01:03:22.676+0000] {dagbag.py:587} INFO - Filling up the DagBag from /opt/airflow/dags/nba_data_pipeline.py
[2024-10-29T01:03:22.691+0000] {processor.py:925} INFO - DAG(s) 'nba_data_pipeline' retrieved from /opt/airflow/dags/nba_data_pipeline.py
[2024-10-29T01:03:22.727+0000] {logging_mixin.py:190} INFO - [2024-10-29T01:03:22.726+0000] {dag.py:3229} INFO - Sync 1 DAGs
[2024-10-29T01:03:22.937+0000] {logging_mixin.py:190} INFO - [2024-10-29T01:03:22.937+0000] {dag.py:4156} INFO - Setting next_dagrun for nba_data_pipeline to 2024-10-29 00:00:00+00:00, run_after=2024-10-30 00:00:00+00:00
[2024-10-29T01:03:22.960+0000] {processor.py:208} INFO - Processing /opt/airflow/dags/nba_data_pipeline.py took 0.298 seconds
[2024-10-29T01:03:53.234+0000] {processor.py:186} INFO - Started process (PID=276) to work on /opt/airflow/dags/nba_data_pipeline.py
[2024-10-29T01:03:53.236+0000] {processor.py:914} INFO - Processing file /opt/airflow/dags/nba_data_pipeline.py for tasks to queue
[2024-10-29T01:03:53.239+0000] {logging_mixin.py:190} INFO - [2024-10-29T01:03:53.239+0000] {dagbag.py:587} INFO - Filling up the DagBag from /opt/airflow/dags/nba_data_pipeline.py
[2024-10-29T01:03:53.252+0000] {processor.py:925} INFO - DAG(s) 'nba_data_pipeline' retrieved from /opt/airflow/dags/nba_data_pipeline.py
[2024-10-29T01:03:53.468+0000] {logging_mixin.py:190} INFO - [2024-10-29T01:03:53.467+0000] {dag.py:3229} INFO - Sync 1 DAGs
[2024-10-29T01:03:53.500+0000] {logging_mixin.py:190} INFO - [2024-10-29T01:03:53.500+0000] {dag.py:4156} INFO - Setting next_dagrun for nba_data_pipeline to 2024-10-29 00:00:00+00:00, run_after=2024-10-30 00:00:00+00:00
[2024-10-29T01:03:53.522+0000] {processor.py:208} INFO - Processing /opt/airflow/dags/nba_data_pipeline.py took 0.298 seconds
[2024-10-29T01:04:06.346+0000] {processor.py:186} INFO - Started process (PID=281) to work on /opt/airflow/dags/nba_data_pipeline.py
[2024-10-29T01:04:06.347+0000] {processor.py:914} INFO - Processing file /opt/airflow/dags/nba_data_pipeline.py for tasks to queue
[2024-10-29T01:04:06.350+0000] {logging_mixin.py:190} INFO - [2024-10-29T01:04:06.350+0000] {dagbag.py:587} INFO - Filling up the DagBag from /opt/airflow/dags/nba_data_pipeline.py
[2024-10-29T01:04:06.369+0000] {processor.py:925} INFO - DAG(s) 'nba_data_pipeline' retrieved from /opt/airflow/dags/nba_data_pipeline.py
[2024-10-29T01:04:06.581+0000] {logging_mixin.py:190} INFO - [2024-10-29T01:04:06.581+0000] {dag.py:3229} INFO - Sync 1 DAGs
[2024-10-29T01:04:06.611+0000] {logging_mixin.py:190} INFO - [2024-10-29T01:04:06.611+0000] {dag.py:4156} INFO - Setting next_dagrun for nba_data_pipeline to 2024-10-29 00:00:00+00:00, run_after=2024-10-30 00:00:00+00:00
[2024-10-29T01:04:06.639+0000] {processor.py:208} INFO - Processing /opt/airflow/dags/nba_data_pipeline.py took 0.305 seconds
[2024-10-29T01:04:36.992+0000] {processor.py:186} INFO - Started process (PID=289) to work on /opt/airflow/dags/nba_data_pipeline.py
[2024-10-29T01:04:36.994+0000] {processor.py:914} INFO - Processing file /opt/airflow/dags/nba_data_pipeline.py for tasks to queue
[2024-10-29T01:04:37.000+0000] {logging_mixin.py:190} INFO - [2024-10-29T01:04:36.999+0000] {dagbag.py:587} INFO - Filling up the DagBag from /opt/airflow/dags/nba_data_pipeline.py
[2024-10-29T01:04:37.026+0000] {processor.py:925} INFO - DAG(s) 'nba_data_pipeline' retrieved from /opt/airflow/dags/nba_data_pipeline.py
[2024-10-29T01:04:37.085+0000] {logging_mixin.py:190} INFO - [2024-10-29T01:04:37.084+0000] {dag.py:3229} INFO - Sync 1 DAGs
[2024-10-29T01:04:37.245+0000] {logging_mixin.py:190} INFO - [2024-10-29T01:04:37.245+0000] {dag.py:4156} INFO - Setting next_dagrun for nba_data_pipeline to 2024-10-29 00:00:00+00:00, run_after=2024-10-30 00:00:00+00:00
[2024-10-29T01:04:37.275+0000] {processor.py:208} INFO - Processing /opt/airflow/dags/nba_data_pipeline.py took 0.374 seconds
[2024-10-29T01:05:07.552+0000] {processor.py:186} INFO - Started process (PID=294) to work on /opt/airflow/dags/nba_data_pipeline.py
[2024-10-29T01:05:07.553+0000] {processor.py:914} INFO - Processing file /opt/airflow/dags/nba_data_pipeline.py for tasks to queue
[2024-10-29T01:05:07.558+0000] {logging_mixin.py:190} INFO - [2024-10-29T01:05:07.557+0000] {dagbag.py:587} INFO - Filling up the DagBag from /opt/airflow/dags/nba_data_pipeline.py
[2024-10-29T01:05:07.572+0000] {processor.py:925} INFO - DAG(s) 'nba_data_pipeline' retrieved from /opt/airflow/dags/nba_data_pipeline.py
[2024-10-29T01:05:07.613+0000] {logging_mixin.py:190} INFO - [2024-10-29T01:05:07.612+0000] {dag.py:3229} INFO - Sync 1 DAGs
[2024-10-29T01:05:07.649+0000] {logging_mixin.py:190} INFO - [2024-10-29T01:05:07.649+0000] {dag.py:4156} INFO - Setting next_dagrun for nba_data_pipeline to 2024-10-29 00:00:00+00:00, run_after=2024-10-30 00:00:00+00:00
[2024-10-29T01:05:07.672+0000] {processor.py:208} INFO - Processing /opt/airflow/dags/nba_data_pipeline.py took 0.131 seconds
[2024-10-29T01:07:18.713+0000] {processor.py:186} INFO - Started process (PID=190) to work on /opt/airflow/dags/nba_data_pipeline.py
[2024-10-29T01:07:18.715+0000] {processor.py:914} INFO - Processing file /opt/airflow/dags/nba_data_pipeline.py for tasks to queue
[2024-10-29T01:07:18.717+0000] {logging_mixin.py:190} INFO - [2024-10-29T01:07:18.717+0000] {dagbag.py:587} INFO - Filling up the DagBag from /opt/airflow/dags/nba_data_pipeline.py
[2024-10-29T01:07:18.732+0000] {processor.py:925} INFO - DAG(s) 'nba_data_pipeline' retrieved from /opt/airflow/dags/nba_data_pipeline.py
[2024-10-29T01:07:18.969+0000] {logging_mixin.py:190} INFO - [2024-10-29T01:07:18.969+0000] {override.py:1900} INFO - Created Permission View: can edit on DAG:nba_data_pipeline
[2024-10-29T01:07:18.982+0000] {logging_mixin.py:190} INFO - [2024-10-29T01:07:18.982+0000] {override.py:1900} INFO - Created Permission View: can delete on DAG:nba_data_pipeline
[2024-10-29T01:07:18.988+0000] {logging_mixin.py:190} INFO - [2024-10-29T01:07:18.988+0000] {override.py:1900} INFO - Created Permission View: can read on DAG:nba_data_pipeline
[2024-10-29T01:07:18.994+0000] {logging_mixin.py:190} INFO - [2024-10-29T01:07:18.994+0000] {override.py:1900} INFO - Created Permission View: can create on DAG Run:nba_data_pipeline
[2024-10-29T01:07:18.999+0000] {logging_mixin.py:190} INFO - [2024-10-29T01:07:18.999+0000] {override.py:1900} INFO - Created Permission View: can delete on DAG Run:nba_data_pipeline
[2024-10-29T01:07:19.005+0000] {logging_mixin.py:190} INFO - [2024-10-29T01:07:19.005+0000] {override.py:1900} INFO - Created Permission View: can read on DAG Run:nba_data_pipeline
[2024-10-29T01:07:19.011+0000] {logging_mixin.py:190} INFO - [2024-10-29T01:07:19.010+0000] {override.py:1900} INFO - Created Permission View: menu access on DAG Run:nba_data_pipeline
[2024-10-29T01:07:19.011+0000] {logging_mixin.py:190} INFO - [2024-10-29T01:07:19.011+0000] {dag.py:3229} INFO - Sync 1 DAGs
[2024-10-29T01:07:19.024+0000] {logging_mixin.py:190} INFO - [2024-10-29T01:07:19.024+0000] {dag.py:3252} INFO - Creating ORM DAG for nba_data_pipeline
[2024-10-29T01:07:19.035+0000] {logging_mixin.py:190} INFO - [2024-10-29T01:07:19.035+0000] {dag.py:4156} INFO - Setting next_dagrun for nba_data_pipeline to 2024-10-28 00:00:00+00:00, run_after=2024-10-29 00:00:00+00:00
[2024-10-29T01:07:19.055+0000] {processor.py:208} INFO - Processing /opt/airflow/dags/nba_data_pipeline.py took 0.349 seconds
[2024-10-29T01:07:49.284+0000] {processor.py:186} INFO - Started process (PID=195) to work on /opt/airflow/dags/nba_data_pipeline.py
[2024-10-29T01:07:49.285+0000] {processor.py:914} INFO - Processing file /opt/airflow/dags/nba_data_pipeline.py for tasks to queue
[2024-10-29T01:07:49.288+0000] {logging_mixin.py:190} INFO - [2024-10-29T01:07:49.287+0000] {dagbag.py:587} INFO - Filling up the DagBag from /opt/airflow/dags/nba_data_pipeline.py
[2024-10-29T01:07:49.300+0000] {processor.py:925} INFO - DAG(s) 'nba_data_pipeline' retrieved from /opt/airflow/dags/nba_data_pipeline.py
[2024-10-29T01:07:49.336+0000] {logging_mixin.py:190} INFO - [2024-10-29T01:07:49.336+0000] {dag.py:3229} INFO - Sync 1 DAGs
[2024-10-29T01:07:49.366+0000] {logging_mixin.py:190} INFO - [2024-10-29T01:07:49.365+0000] {dag.py:4156} INFO - Setting next_dagrun for nba_data_pipeline to 2024-10-28 00:00:00+00:00, run_after=2024-10-29 00:00:00+00:00
[2024-10-29T01:07:49.387+0000] {processor.py:208} INFO - Processing /opt/airflow/dags/nba_data_pipeline.py took 0.114 seconds
[2024-10-29T01:08:19.582+0000] {processor.py:186} INFO - Started process (PID=200) to work on /opt/airflow/dags/nba_data_pipeline.py
[2024-10-29T01:08:19.583+0000] {processor.py:914} INFO - Processing file /opt/airflow/dags/nba_data_pipeline.py for tasks to queue
[2024-10-29T01:08:19.586+0000] {logging_mixin.py:190} INFO - [2024-10-29T01:08:19.585+0000] {dagbag.py:587} INFO - Filling up the DagBag from /opt/airflow/dags/nba_data_pipeline.py
[2024-10-29T01:08:19.598+0000] {processor.py:925} INFO - DAG(s) 'nba_data_pipeline' retrieved from /opt/airflow/dags/nba_data_pipeline.py
[2024-10-29T01:08:19.631+0000] {logging_mixin.py:190} INFO - [2024-10-29T01:08:19.631+0000] {dag.py:3229} INFO - Sync 1 DAGs
[2024-10-29T01:08:19.659+0000] {logging_mixin.py:190} INFO - [2024-10-29T01:08:19.659+0000] {dag.py:4156} INFO - Setting next_dagrun for nba_data_pipeline to 2024-10-28 00:00:00+00:00, run_after=2024-10-29 00:00:00+00:00
[2024-10-29T01:08:19.681+0000] {processor.py:208} INFO - Processing /opt/airflow/dags/nba_data_pipeline.py took 0.111 seconds
[2024-10-29T01:08:49.858+0000] {processor.py:186} INFO - Started process (PID=208) to work on /opt/airflow/dags/nba_data_pipeline.py
[2024-10-29T01:08:49.859+0000] {processor.py:914} INFO - Processing file /opt/airflow/dags/nba_data_pipeline.py for tasks to queue
[2024-10-29T01:08:49.862+0000] {logging_mixin.py:190} INFO - [2024-10-29T01:08:49.862+0000] {dagbag.py:587} INFO - Filling up the DagBag from /opt/airflow/dags/nba_data_pipeline.py
[2024-10-29T01:08:49.874+0000] {processor.py:925} INFO - DAG(s) 'nba_data_pipeline' retrieved from /opt/airflow/dags/nba_data_pipeline.py
[2024-10-29T01:08:49.909+0000] {logging_mixin.py:190} INFO - [2024-10-29T01:08:49.909+0000] {dag.py:3229} INFO - Sync 1 DAGs
[2024-10-29T01:08:49.939+0000] {logging_mixin.py:190} INFO - [2024-10-29T01:08:49.939+0000] {dag.py:4156} INFO - Setting next_dagrun for nba_data_pipeline to 2024-10-29 00:00:00+00:00, run_after=2024-10-30 00:00:00+00:00
[2024-10-29T01:08:49.961+0000] {processor.py:208} INFO - Processing /opt/airflow/dags/nba_data_pipeline.py took 0.112 seconds
[2024-10-29T01:09:20.086+0000] {processor.py:186} INFO - Started process (PID=213) to work on /opt/airflow/dags/nba_data_pipeline.py
[2024-10-29T01:09:20.087+0000] {processor.py:914} INFO - Processing file /opt/airflow/dags/nba_data_pipeline.py for tasks to queue
[2024-10-29T01:09:20.090+0000] {logging_mixin.py:190} INFO - [2024-10-29T01:09:20.089+0000] {dagbag.py:587} INFO - Filling up the DagBag from /opt/airflow/dags/nba_data_pipeline.py
[2024-10-29T01:09:20.100+0000] {processor.py:925} INFO - DAG(s) 'nba_data_pipeline' retrieved from /opt/airflow/dags/nba_data_pipeline.py
[2024-10-29T01:09:20.132+0000] {logging_mixin.py:190} INFO - [2024-10-29T01:09:20.132+0000] {dag.py:3229} INFO - Sync 1 DAGs
[2024-10-29T01:09:20.162+0000] {logging_mixin.py:190} INFO - [2024-10-29T01:09:20.162+0000] {dag.py:4156} INFO - Setting next_dagrun for nba_data_pipeline to 2024-10-29 00:00:00+00:00, run_after=2024-10-30 00:00:00+00:00
[2024-10-29T01:09:20.186+0000] {processor.py:208} INFO - Processing /opt/airflow/dags/nba_data_pipeline.py took 0.109 seconds
[2024-10-29T01:09:50.452+0000] {processor.py:186} INFO - Started process (PID=218) to work on /opt/airflow/dags/nba_data_pipeline.py
[2024-10-29T01:09:50.453+0000] {processor.py:914} INFO - Processing file /opt/airflow/dags/nba_data_pipeline.py for tasks to queue
[2024-10-29T01:09:50.458+0000] {logging_mixin.py:190} INFO - [2024-10-29T01:09:50.458+0000] {dagbag.py:587} INFO - Filling up the DagBag from /opt/airflow/dags/nba_data_pipeline.py
[2024-10-29T01:09:50.471+0000] {processor.py:925} INFO - DAG(s) 'nba_data_pipeline' retrieved from /opt/airflow/dags/nba_data_pipeline.py
[2024-10-29T01:09:50.509+0000] {logging_mixin.py:190} INFO - [2024-10-29T01:09:50.509+0000] {dag.py:3229} INFO - Sync 1 DAGs
[2024-10-29T01:09:50.540+0000] {logging_mixin.py:190} INFO - [2024-10-29T01:09:50.540+0000] {dag.py:4156} INFO - Setting next_dagrun for nba_data_pipeline to 2024-10-29 00:00:00+00:00, run_after=2024-10-30 00:00:00+00:00
[2024-10-29T01:09:50.563+0000] {processor.py:208} INFO - Processing /opt/airflow/dags/nba_data_pipeline.py took 0.121 seconds
[2024-10-29T01:09:58.529+0000] {processor.py:186} INFO - Started process (PID=223) to work on /opt/airflow/dags/nba_data_pipeline.py
[2024-10-29T01:09:58.530+0000] {processor.py:914} INFO - Processing file /opt/airflow/dags/nba_data_pipeline.py for tasks to queue
[2024-10-29T01:09:58.533+0000] {logging_mixin.py:190} INFO - [2024-10-29T01:09:58.533+0000] {dagbag.py:587} INFO - Filling up the DagBag from /opt/airflow/dags/nba_data_pipeline.py
[2024-10-29T01:09:58.551+0000] {processor.py:925} INFO - DAG(s) 'nba_data_pipeline' retrieved from /opt/airflow/dags/nba_data_pipeline.py
[2024-10-29T01:09:58.589+0000] {logging_mixin.py:190} INFO - [2024-10-29T01:09:58.589+0000] {dag.py:3229} INFO - Sync 1 DAGs
[2024-10-29T01:09:58.628+0000] {logging_mixin.py:190} INFO - [2024-10-29T01:09:58.627+0000] {dag.py:4156} INFO - Setting next_dagrun for nba_data_pipeline to 2024-10-29 00:00:00+00:00, run_after=2024-10-30 00:00:00+00:00
[2024-10-29T01:09:58.652+0000] {processor.py:208} INFO - Processing /opt/airflow/dags/nba_data_pipeline.py took 0.134 seconds
[2024-10-29T01:10:28.763+0000] {processor.py:186} INFO - Started process (PID=228) to work on /opt/airflow/dags/nba_data_pipeline.py
[2024-10-29T01:10:28.764+0000] {processor.py:914} INFO - Processing file /opt/airflow/dags/nba_data_pipeline.py for tasks to queue
[2024-10-29T01:10:28.768+0000] {logging_mixin.py:190} INFO - [2024-10-29T01:10:28.767+0000] {dagbag.py:587} INFO - Filling up the DagBag from /opt/airflow/dags/nba_data_pipeline.py
[2024-10-29T01:10:28.782+0000] {processor.py:925} INFO - DAG(s) 'nba_data_pipeline' retrieved from /opt/airflow/dags/nba_data_pipeline.py
[2024-10-29T01:10:28.820+0000] {logging_mixin.py:190} INFO - [2024-10-29T01:10:28.819+0000] {dag.py:3229} INFO - Sync 1 DAGs
[2024-10-29T01:10:28.852+0000] {logging_mixin.py:190} INFO - [2024-10-29T01:10:28.851+0000] {dag.py:4156} INFO - Setting next_dagrun for nba_data_pipeline to 2024-10-29 00:00:00+00:00, run_after=2024-10-30 00:00:00+00:00
[2024-10-29T01:10:28.876+0000] {processor.py:208} INFO - Processing /opt/airflow/dags/nba_data_pipeline.py took 0.124 seconds
[2024-10-29T01:10:59.130+0000] {processor.py:186} INFO - Started process (PID=233) to work on /opt/airflow/dags/nba_data_pipeline.py
[2024-10-29T01:10:59.131+0000] {processor.py:914} INFO - Processing file /opt/airflow/dags/nba_data_pipeline.py for tasks to queue
[2024-10-29T01:10:59.134+0000] {logging_mixin.py:190} INFO - [2024-10-29T01:10:59.134+0000] {dagbag.py:587} INFO - Filling up the DagBag from /opt/airflow/dags/nba_data_pipeline.py
[2024-10-29T01:10:59.147+0000] {processor.py:925} INFO - DAG(s) 'nba_data_pipeline' retrieved from /opt/airflow/dags/nba_data_pipeline.py
[2024-10-29T01:10:59.181+0000] {logging_mixin.py:190} INFO - [2024-10-29T01:10:59.180+0000] {dag.py:3229} INFO - Sync 1 DAGs
[2024-10-29T01:10:59.209+0000] {logging_mixin.py:190} INFO - [2024-10-29T01:10:59.209+0000] {dag.py:4156} INFO - Setting next_dagrun for nba_data_pipeline to 2024-10-29 00:00:00+00:00, run_after=2024-10-30 00:00:00+00:00
[2024-10-29T01:10:59.229+0000] {processor.py:208} INFO - Processing /opt/airflow/dags/nba_data_pipeline.py took 0.109 seconds
[2024-10-29T01:11:29.603+0000] {processor.py:186} INFO - Started process (PID=238) to work on /opt/airflow/dags/nba_data_pipeline.py
[2024-10-29T01:11:29.604+0000] {processor.py:914} INFO - Processing file /opt/airflow/dags/nba_data_pipeline.py for tasks to queue
[2024-10-29T01:11:29.607+0000] {logging_mixin.py:190} INFO - [2024-10-29T01:11:29.606+0000] {dagbag.py:587} INFO - Filling up the DagBag from /opt/airflow/dags/nba_data_pipeline.py
[2024-10-29T01:11:29.621+0000] {processor.py:925} INFO - DAG(s) 'nba_data_pipeline' retrieved from /opt/airflow/dags/nba_data_pipeline.py
[2024-10-29T01:11:29.660+0000] {logging_mixin.py:190} INFO - [2024-10-29T01:11:29.660+0000] {dag.py:3229} INFO - Sync 1 DAGs
[2024-10-29T01:11:29.697+0000] {logging_mixin.py:190} INFO - [2024-10-29T01:11:29.696+0000] {dag.py:4156} INFO - Setting next_dagrun for nba_data_pipeline to 2024-10-29 00:00:00+00:00, run_after=2024-10-30 00:00:00+00:00
[2024-10-29T01:11:29.886+0000] {processor.py:208} INFO - Processing /opt/airflow/dags/nba_data_pipeline.py took 0.295 seconds
[2024-10-29T01:12:00.322+0000] {processor.py:186} INFO - Started process (PID=243) to work on /opt/airflow/dags/nba_data_pipeline.py
[2024-10-29T01:12:00.323+0000] {processor.py:914} INFO - Processing file /opt/airflow/dags/nba_data_pipeline.py for tasks to queue
[2024-10-29T01:12:00.327+0000] {logging_mixin.py:190} INFO - [2024-10-29T01:12:00.326+0000] {dagbag.py:587} INFO - Filling up the DagBag from /opt/airflow/dags/nba_data_pipeline.py
[2024-10-29T01:12:00.341+0000] {processor.py:925} INFO - DAG(s) 'nba_data_pipeline' retrieved from /opt/airflow/dags/nba_data_pipeline.py
[2024-10-29T01:12:00.383+0000] {logging_mixin.py:190} INFO - [2024-10-29T01:12:00.383+0000] {dag.py:3229} INFO - Sync 1 DAGs
[2024-10-29T01:12:00.576+0000] {logging_mixin.py:190} INFO - [2024-10-29T01:12:00.576+0000] {dag.py:4156} INFO - Setting next_dagrun for nba_data_pipeline to 2024-10-29 00:00:00+00:00, run_after=2024-10-30 00:00:00+00:00
[2024-10-29T01:12:00.600+0000] {processor.py:208} INFO - Processing /opt/airflow/dags/nba_data_pipeline.py took 0.290 seconds
[2024-10-29T01:12:30.854+0000] {processor.py:186} INFO - Started process (PID=254) to work on /opt/airflow/dags/nba_data_pipeline.py
[2024-10-29T01:12:30.855+0000] {processor.py:914} INFO - Processing file /opt/airflow/dags/nba_data_pipeline.py for tasks to queue
[2024-10-29T01:12:30.858+0000] {logging_mixin.py:190} INFO - [2024-10-29T01:12:30.858+0000] {dagbag.py:587} INFO - Filling up the DagBag from /opt/airflow/dags/nba_data_pipeline.py
[2024-10-29T01:12:30.871+0000] {processor.py:925} INFO - DAG(s) 'nba_data_pipeline' retrieved from /opt/airflow/dags/nba_data_pipeline.py
[2024-10-29T01:12:31.069+0000] {logging_mixin.py:190} INFO - [2024-10-29T01:12:31.069+0000] {dag.py:3229} INFO - Sync 1 DAGs
[2024-10-29T01:12:31.102+0000] {logging_mixin.py:190} INFO - [2024-10-29T01:12:31.102+0000] {dag.py:4156} INFO - Setting next_dagrun for nba_data_pipeline to 2024-10-29 00:00:00+00:00, run_after=2024-10-30 00:00:00+00:00
[2024-10-29T01:12:31.124+0000] {processor.py:208} INFO - Processing /opt/airflow/dags/nba_data_pipeline.py took 0.281 seconds
[2024-10-29T01:13:01.379+0000] {processor.py:186} INFO - Started process (PID=259) to work on /opt/airflow/dags/nba_data_pipeline.py
[2024-10-29T01:13:01.380+0000] {processor.py:914} INFO - Processing file /opt/airflow/dags/nba_data_pipeline.py for tasks to queue
[2024-10-29T01:13:01.383+0000] {logging_mixin.py:190} INFO - [2024-10-29T01:13:01.382+0000] {dagbag.py:587} INFO - Filling up the DagBag from /opt/airflow/dags/nba_data_pipeline.py
[2024-10-29T01:13:01.395+0000] {processor.py:925} INFO - DAG(s) 'nba_data_pipeline' retrieved from /opt/airflow/dags/nba_data_pipeline.py
[2024-10-29T01:13:01.430+0000] {logging_mixin.py:190} INFO - [2024-10-29T01:13:01.430+0000] {dag.py:3229} INFO - Sync 1 DAGs
[2024-10-29T01:13:01.463+0000] {logging_mixin.py:190} INFO - [2024-10-29T01:13:01.463+0000] {dag.py:4156} INFO - Setting next_dagrun for nba_data_pipeline to 2024-10-29 00:00:00+00:00, run_after=2024-10-30 00:00:00+00:00
[2024-10-29T01:13:01.486+0000] {processor.py:208} INFO - Processing /opt/airflow/dags/nba_data_pipeline.py took 0.119 seconds
[2024-10-29T01:13:31.625+0000] {processor.py:186} INFO - Started process (PID=264) to work on /opt/airflow/dags/nba_data_pipeline.py
[2024-10-29T01:13:31.627+0000] {processor.py:914} INFO - Processing file /opt/airflow/dags/nba_data_pipeline.py for tasks to queue
[2024-10-29T01:13:31.630+0000] {logging_mixin.py:190} INFO - [2024-10-29T01:13:31.629+0000] {dagbag.py:587} INFO - Filling up the DagBag from /opt/airflow/dags/nba_data_pipeline.py
[2024-10-29T01:13:31.643+0000] {processor.py:925} INFO - DAG(s) 'nba_data_pipeline' retrieved from /opt/airflow/dags/nba_data_pipeline.py
[2024-10-29T01:13:31.681+0000] {logging_mixin.py:190} INFO - [2024-10-29T01:13:31.681+0000] {dag.py:3229} INFO - Sync 1 DAGs
[2024-10-29T01:13:31.713+0000] {logging_mixin.py:190} INFO - [2024-10-29T01:13:31.713+0000] {dag.py:4156} INFO - Setting next_dagrun for nba_data_pipeline to 2024-10-29 00:00:00+00:00, run_after=2024-10-30 00:00:00+00:00
[2024-10-29T01:13:31.735+0000] {processor.py:208} INFO - Processing /opt/airflow/dags/nba_data_pipeline.py took 0.120 seconds
[2024-10-29T01:14:02.036+0000] {processor.py:186} INFO - Started process (PID=272) to work on /opt/airflow/dags/nba_data_pipeline.py
[2024-10-29T01:14:02.037+0000] {processor.py:914} INFO - Processing file /opt/airflow/dags/nba_data_pipeline.py for tasks to queue
[2024-10-29T01:14:02.040+0000] {logging_mixin.py:190} INFO - [2024-10-29T01:14:02.040+0000] {dagbag.py:587} INFO - Filling up the DagBag from /opt/airflow/dags/nba_data_pipeline.py
[2024-10-29T01:14:02.053+0000] {processor.py:925} INFO - DAG(s) 'nba_data_pipeline' retrieved from /opt/airflow/dags/nba_data_pipeline.py
[2024-10-29T01:14:02.090+0000] {logging_mixin.py:190} INFO - [2024-10-29T01:14:02.090+0000] {dag.py:3229} INFO - Sync 1 DAGs
[2024-10-29T01:14:02.121+0000] {logging_mixin.py:190} INFO - [2024-10-29T01:14:02.121+0000] {dag.py:4156} INFO - Setting next_dagrun for nba_data_pipeline to 2024-10-29 00:00:00+00:00, run_after=2024-10-30 00:00:00+00:00
[2024-10-29T01:14:02.145+0000] {processor.py:208} INFO - Processing /opt/airflow/dags/nba_data_pipeline.py took 0.120 seconds
[2024-10-29T01:14:28.253+0000] {processor.py:186} INFO - Started process (PID=283) to work on /opt/airflow/dags/nba_data_pipeline.py
[2024-10-29T01:14:28.254+0000] {processor.py:914} INFO - Processing file /opt/airflow/dags/nba_data_pipeline.py for tasks to queue
[2024-10-29T01:14:28.257+0000] {logging_mixin.py:190} INFO - [2024-10-29T01:14:28.257+0000] {dagbag.py:587} INFO - Filling up the DagBag from /opt/airflow/dags/nba_data_pipeline.py
[2024-10-29T01:14:28.276+0000] {processor.py:925} INFO - DAG(s) 'nba_data_pipeline' retrieved from /opt/airflow/dags/nba_data_pipeline.py
[2024-10-29T01:14:28.316+0000] {logging_mixin.py:190} INFO - [2024-10-29T01:14:28.316+0000] {dag.py:3229} INFO - Sync 1 DAGs
[2024-10-29T01:14:28.527+0000] {logging_mixin.py:190} INFO - [2024-10-29T01:14:28.527+0000] {dag.py:4156} INFO - Setting next_dagrun for nba_data_pipeline to 2024-10-29 00:00:00+00:00, run_after=2024-10-30 00:00:00+00:00
[2024-10-29T01:14:28.555+0000] {processor.py:208} INFO - Processing /opt/airflow/dags/nba_data_pipeline.py took 0.314 seconds
[2024-10-29T01:14:58.663+0000] {processor.py:186} INFO - Started process (PID=288) to work on /opt/airflow/dags/nba_data_pipeline.py
[2024-10-29T01:14:58.665+0000] {processor.py:914} INFO - Processing file /opt/airflow/dags/nba_data_pipeline.py for tasks to queue
[2024-10-29T01:14:58.669+0000] {logging_mixin.py:190} INFO - [2024-10-29T01:14:58.669+0000] {dagbag.py:587} INFO - Filling up the DagBag from /opt/airflow/dags/nba_data_pipeline.py
[2024-10-29T01:14:58.687+0000] {processor.py:925} INFO - DAG(s) 'nba_data_pipeline' retrieved from /opt/airflow/dags/nba_data_pipeline.py
[2024-10-29T01:14:58.735+0000] {logging_mixin.py:190} INFO - [2024-10-29T01:14:58.735+0000] {dag.py:3229} INFO - Sync 1 DAGs
[2024-10-29T01:14:58.955+0000] {logging_mixin.py:190} INFO - [2024-10-29T01:14:58.955+0000] {dag.py:4156} INFO - Setting next_dagrun for nba_data_pipeline to 2024-10-29 00:00:00+00:00, run_after=2024-10-30 00:00:00+00:00
[2024-10-29T01:14:58.978+0000] {processor.py:208} INFO - Processing /opt/airflow/dags/nba_data_pipeline.py took 0.332 seconds
[2024-10-29T01:16:37.427+0000] {processor.py:186} INFO - Started process (PID=190) to work on /opt/airflow/dags/nba_data_pipeline.py
[2024-10-29T01:16:37.428+0000] {processor.py:914} INFO - Processing file /opt/airflow/dags/nba_data_pipeline.py for tasks to queue
[2024-10-29T01:16:37.429+0000] {logging_mixin.py:190} INFO - [2024-10-29T01:16:37.429+0000] {dagbag.py:587} INFO - Filling up the DagBag from /opt/airflow/dags/nba_data_pipeline.py
[2024-10-29T01:16:37.443+0000] {processor.py:925} INFO - DAG(s) 'nba_data_pipeline' retrieved from /opt/airflow/dags/nba_data_pipeline.py
[2024-10-29T01:16:37.672+0000] {logging_mixin.py:190} INFO - [2024-10-29T01:16:37.671+0000] {override.py:1900} INFO - Created Permission View: can delete on DAG:nba_data_pipeline
[2024-10-29T01:16:37.681+0000] {logging_mixin.py:190} INFO - [2024-10-29T01:16:37.681+0000] {override.py:1900} INFO - Created Permission View: can edit on DAG:nba_data_pipeline
[2024-10-29T01:16:37.688+0000] {logging_mixin.py:190} INFO - [2024-10-29T01:16:37.688+0000] {override.py:1900} INFO - Created Permission View: can read on DAG:nba_data_pipeline
[2024-10-29T01:16:37.696+0000] {logging_mixin.py:190} INFO - [2024-10-29T01:16:37.695+0000] {override.py:1900} INFO - Created Permission View: can create on DAG Run:nba_data_pipeline
[2024-10-29T01:16:37.702+0000] {logging_mixin.py:190} INFO - [2024-10-29T01:16:37.701+0000] {override.py:1900} INFO - Created Permission View: menu access on DAG Run:nba_data_pipeline
[2024-10-29T01:16:37.708+0000] {logging_mixin.py:190} INFO - [2024-10-29T01:16:37.708+0000] {override.py:1900} INFO - Created Permission View: can delete on DAG Run:nba_data_pipeline
[2024-10-29T01:16:37.715+0000] {logging_mixin.py:190} INFO - [2024-10-29T01:16:37.714+0000] {override.py:1900} INFO - Created Permission View: can read on DAG Run:nba_data_pipeline
[2024-10-29T01:16:37.715+0000] {logging_mixin.py:190} INFO - [2024-10-29T01:16:37.715+0000] {dag.py:3229} INFO - Sync 1 DAGs
[2024-10-29T01:16:37.730+0000] {logging_mixin.py:190} INFO - [2024-10-29T01:16:37.729+0000] {dag.py:3252} INFO - Creating ORM DAG for nba_data_pipeline
[2024-10-29T01:16:37.741+0000] {logging_mixin.py:190} INFO - [2024-10-29T01:16:37.741+0000] {dag.py:4156} INFO - Setting next_dagrun for nba_data_pipeline to 2024-10-28 00:00:00+00:00, run_after=2024-10-29 00:00:00+00:00
[2024-10-29T01:16:37.762+0000] {processor.py:208} INFO - Processing /opt/airflow/dags/nba_data_pipeline.py took 0.342 seconds
[2024-10-29T01:17:07.986+0000] {processor.py:186} INFO - Started process (PID=195) to work on /opt/airflow/dags/nba_data_pipeline.py
[2024-10-29T01:17:07.987+0000] {processor.py:914} INFO - Processing file /opt/airflow/dags/nba_data_pipeline.py for tasks to queue
[2024-10-29T01:17:07.990+0000] {logging_mixin.py:190} INFO - [2024-10-29T01:17:07.989+0000] {dagbag.py:587} INFO - Filling up the DagBag from /opt/airflow/dags/nba_data_pipeline.py
[2024-10-29T01:17:08.003+0000] {processor.py:925} INFO - DAG(s) 'nba_data_pipeline' retrieved from /opt/airflow/dags/nba_data_pipeline.py
[2024-10-29T01:17:08.035+0000] {logging_mixin.py:190} INFO - [2024-10-29T01:17:08.034+0000] {dag.py:3229} INFO - Sync 1 DAGs
[2024-10-29T01:17:08.062+0000] {logging_mixin.py:190} INFO - [2024-10-29T01:17:08.061+0000] {dag.py:4156} INFO - Setting next_dagrun for nba_data_pipeline to 2024-10-28 00:00:00+00:00, run_after=2024-10-29 00:00:00+00:00
[2024-10-29T01:17:08.082+0000] {processor.py:208} INFO - Processing /opt/airflow/dags/nba_data_pipeline.py took 0.105 seconds
[2024-10-29T01:17:38.236+0000] {processor.py:186} INFO - Started process (PID=200) to work on /opt/airflow/dags/nba_data_pipeline.py
[2024-10-29T01:17:38.237+0000] {processor.py:914} INFO - Processing file /opt/airflow/dags/nba_data_pipeline.py for tasks to queue
[2024-10-29T01:17:38.240+0000] {logging_mixin.py:190} INFO - [2024-10-29T01:17:38.239+0000] {dagbag.py:587} INFO - Filling up the DagBag from /opt/airflow/dags/nba_data_pipeline.py
[2024-10-29T01:17:38.253+0000] {processor.py:925} INFO - DAG(s) 'nba_data_pipeline' retrieved from /opt/airflow/dags/nba_data_pipeline.py
[2024-10-29T01:17:38.290+0000] {logging_mixin.py:190} INFO - [2024-10-29T01:17:38.290+0000] {dag.py:3229} INFO - Sync 1 DAGs
[2024-10-29T01:17:38.322+0000] {logging_mixin.py:190} INFO - [2024-10-29T01:17:38.322+0000] {dag.py:4156} INFO - Setting next_dagrun for nba_data_pipeline to 2024-10-28 00:00:00+00:00, run_after=2024-10-29 00:00:00+00:00
[2024-10-29T01:17:38.347+0000] {processor.py:208} INFO - Processing /opt/airflow/dags/nba_data_pipeline.py took 0.121 seconds
[2024-10-29T01:18:08.565+0000] {processor.py:186} INFO - Started process (PID=208) to work on /opt/airflow/dags/nba_data_pipeline.py
[2024-10-29T01:18:08.566+0000] {processor.py:914} INFO - Processing file /opt/airflow/dags/nba_data_pipeline.py for tasks to queue
[2024-10-29T01:18:08.570+0000] {logging_mixin.py:190} INFO - [2024-10-29T01:18:08.569+0000] {dagbag.py:587} INFO - Filling up the DagBag from /opt/airflow/dags/nba_data_pipeline.py
[2024-10-29T01:18:08.582+0000] {processor.py:925} INFO - DAG(s) 'nba_data_pipeline' retrieved from /opt/airflow/dags/nba_data_pipeline.py
[2024-10-29T01:18:08.619+0000] {logging_mixin.py:190} INFO - [2024-10-29T01:18:08.619+0000] {dag.py:3229} INFO - Sync 1 DAGs
[2024-10-29T01:18:08.653+0000] {logging_mixin.py:190} INFO - [2024-10-29T01:18:08.653+0000] {dag.py:4156} INFO - Setting next_dagrun for nba_data_pipeline to 2024-10-29 00:00:00+00:00, run_after=2024-10-30 00:00:00+00:00
[2024-10-29T01:18:08.676+0000] {processor.py:208} INFO - Processing /opt/airflow/dags/nba_data_pipeline.py took 0.119 seconds
[2024-10-29T01:18:38.814+0000] {processor.py:186} INFO - Started process (PID=213) to work on /opt/airflow/dags/nba_data_pipeline.py
[2024-10-29T01:18:38.815+0000] {processor.py:914} INFO - Processing file /opt/airflow/dags/nba_data_pipeline.py for tasks to queue
[2024-10-29T01:18:38.819+0000] {logging_mixin.py:190} INFO - [2024-10-29T01:18:38.818+0000] {dagbag.py:587} INFO - Filling up the DagBag from /opt/airflow/dags/nba_data_pipeline.py
[2024-10-29T01:18:38.832+0000] {processor.py:925} INFO - DAG(s) 'nba_data_pipeline' retrieved from /opt/airflow/dags/nba_data_pipeline.py
[2024-10-29T01:18:38.867+0000] {logging_mixin.py:190} INFO - [2024-10-29T01:18:38.867+0000] {dag.py:3229} INFO - Sync 1 DAGs
[2024-10-29T01:18:38.898+0000] {logging_mixin.py:190} INFO - [2024-10-29T01:18:38.898+0000] {dag.py:4156} INFO - Setting next_dagrun for nba_data_pipeline to 2024-10-29 00:00:00+00:00, run_after=2024-10-30 00:00:00+00:00
[2024-10-29T01:18:38.919+0000] {processor.py:208} INFO - Processing /opt/airflow/dags/nba_data_pipeline.py took 0.115 seconds
[2024-10-29T01:19:09.208+0000] {processor.py:186} INFO - Started process (PID=218) to work on /opt/airflow/dags/nba_data_pipeline.py
[2024-10-29T01:19:09.209+0000] {processor.py:914} INFO - Processing file /opt/airflow/dags/nba_data_pipeline.py for tasks to queue
[2024-10-29T01:19:09.212+0000] {logging_mixin.py:190} INFO - [2024-10-29T01:19:09.212+0000] {dagbag.py:587} INFO - Filling up the DagBag from /opt/airflow/dags/nba_data_pipeline.py
[2024-10-29T01:19:09.223+0000] {processor.py:925} INFO - DAG(s) 'nba_data_pipeline' retrieved from /opt/airflow/dags/nba_data_pipeline.py
[2024-10-29T01:19:09.256+0000] {logging_mixin.py:190} INFO - [2024-10-29T01:19:09.256+0000] {dag.py:3229} INFO - Sync 1 DAGs
[2024-10-29T01:19:09.287+0000] {logging_mixin.py:190} INFO - [2024-10-29T01:19:09.286+0000] {dag.py:4156} INFO - Setting next_dagrun for nba_data_pipeline to 2024-10-29 00:00:00+00:00, run_after=2024-10-30 00:00:00+00:00
[2024-10-29T01:19:09.309+0000] {processor.py:208} INFO - Processing /opt/airflow/dags/nba_data_pipeline.py took 0.110 seconds
[2024-10-29T01:19:39.463+0000] {processor.py:186} INFO - Started process (PID=223) to work on /opt/airflow/dags/nba_data_pipeline.py
[2024-10-29T01:19:39.464+0000] {processor.py:914} INFO - Processing file /opt/airflow/dags/nba_data_pipeline.py for tasks to queue
[2024-10-29T01:19:39.468+0000] {logging_mixin.py:190} INFO - [2024-10-29T01:19:39.467+0000] {dagbag.py:587} INFO - Filling up the DagBag from /opt/airflow/dags/nba_data_pipeline.py
[2024-10-29T01:19:39.478+0000] {processor.py:925} INFO - DAG(s) 'nba_data_pipeline' retrieved from /opt/airflow/dags/nba_data_pipeline.py
[2024-10-29T01:19:39.510+0000] {logging_mixin.py:190} INFO - [2024-10-29T01:19:39.510+0000] {dag.py:3229} INFO - Sync 1 DAGs
[2024-10-29T01:19:39.540+0000] {logging_mixin.py:190} INFO - [2024-10-29T01:19:39.540+0000] {dag.py:4156} INFO - Setting next_dagrun for nba_data_pipeline to 2024-10-29 00:00:00+00:00, run_after=2024-10-30 00:00:00+00:00
[2024-10-29T01:19:39.577+0000] {processor.py:208} INFO - Processing /opt/airflow/dags/nba_data_pipeline.py took 0.122 seconds
[2024-10-29T01:20:09.842+0000] {processor.py:186} INFO - Started process (PID=228) to work on /opt/airflow/dags/nba_data_pipeline.py
[2024-10-29T01:20:09.844+0000] {processor.py:914} INFO - Processing file /opt/airflow/dags/nba_data_pipeline.py for tasks to queue
[2024-10-29T01:20:09.848+0000] {logging_mixin.py:190} INFO - [2024-10-29T01:20:09.847+0000] {dagbag.py:587} INFO - Filling up the DagBag from /opt/airflow/dags/nba_data_pipeline.py
[2024-10-29T01:20:09.861+0000] {processor.py:925} INFO - DAG(s) 'nba_data_pipeline' retrieved from /opt/airflow/dags/nba_data_pipeline.py
[2024-10-29T01:20:09.912+0000] {logging_mixin.py:190} INFO - [2024-10-29T01:20:09.911+0000] {dag.py:3229} INFO - Sync 1 DAGs
[2024-10-29T01:20:09.980+0000] {logging_mixin.py:190} INFO - [2024-10-29T01:20:09.980+0000] {dag.py:4156} INFO - Setting next_dagrun for nba_data_pipeline to 2024-10-29 00:00:00+00:00, run_after=2024-10-30 00:00:00+00:00
[2024-10-29T01:20:10.006+0000] {processor.py:208} INFO - Processing /opt/airflow/dags/nba_data_pipeline.py took 0.178 seconds
[2024-10-29T01:20:40.301+0000] {processor.py:186} INFO - Started process (PID=233) to work on /opt/airflow/dags/nba_data_pipeline.py
[2024-10-29T01:20:40.303+0000] {processor.py:914} INFO - Processing file /opt/airflow/dags/nba_data_pipeline.py for tasks to queue
[2024-10-29T01:20:40.307+0000] {logging_mixin.py:190} INFO - [2024-10-29T01:20:40.307+0000] {dagbag.py:587} INFO - Filling up the DagBag from /opt/airflow/dags/nba_data_pipeline.py
[2024-10-29T01:20:40.323+0000] {processor.py:925} INFO - DAG(s) 'nba_data_pipeline' retrieved from /opt/airflow/dags/nba_data_pipeline.py
[2024-10-29T01:20:40.359+0000] {logging_mixin.py:190} INFO - [2024-10-29T01:20:40.358+0000] {dag.py:3229} INFO - Sync 1 DAGs
[2024-10-29T01:20:40.393+0000] {logging_mixin.py:190} INFO - [2024-10-29T01:20:40.392+0000] {dag.py:4156} INFO - Setting next_dagrun for nba_data_pipeline to 2024-10-29 00:00:00+00:00, run_after=2024-10-30 00:00:00+00:00
[2024-10-29T01:20:40.576+0000] {processor.py:208} INFO - Processing /opt/airflow/dags/nba_data_pipeline.py took 0.290 seconds
[2024-10-29T01:20:42.632+0000] {processor.py:186} INFO - Started process (PID=238) to work on /opt/airflow/dags/nba_data_pipeline.py
[2024-10-29T01:20:42.634+0000] {processor.py:914} INFO - Processing file /opt/airflow/dags/nba_data_pipeline.py for tasks to queue
[2024-10-29T01:20:42.637+0000] {logging_mixin.py:190} INFO - [2024-10-29T01:20:42.637+0000] {dagbag.py:587} INFO - Filling up the DagBag from /opt/airflow/dags/nba_data_pipeline.py
[2024-10-29T01:20:42.653+0000] {processor.py:925} INFO - DAG(s) 'nba_data_pipeline' retrieved from /opt/airflow/dags/nba_data_pipeline.py
[2024-10-29T01:20:42.976+0000] {logging_mixin.py:190} INFO - [2024-10-29T01:20:42.976+0000] {dag.py:3229} INFO - Sync 1 DAGs
[2024-10-29T01:20:43.001+0000] {logging_mixin.py:190} INFO - [2024-10-29T01:20:43.000+0000] {dag.py:4156} INFO - Setting next_dagrun for nba_data_pipeline to 2024-10-29 00:00:00+00:00, run_after=2024-10-30 00:00:00+00:00
[2024-10-29T01:20:43.029+0000] {processor.py:208} INFO - Processing /opt/airflow/dags/nba_data_pipeline.py took 0.408 seconds
[2024-10-29T01:20:51.707+0000] {processor.py:186} INFO - Started process (PID=243) to work on /opt/airflow/dags/nba_data_pipeline.py
[2024-10-29T01:20:51.708+0000] {processor.py:914} INFO - Processing file /opt/airflow/dags/nba_data_pipeline.py for tasks to queue
[2024-10-29T01:20:51.712+0000] {logging_mixin.py:190} INFO - [2024-10-29T01:20:51.711+0000] {dagbag.py:587} INFO - Filling up the DagBag from /opt/airflow/dags/nba_data_pipeline.py
[2024-10-29T01:20:51.728+0000] {processor.py:925} INFO - DAG(s) 'nba_data_pipeline' retrieved from /opt/airflow/dags/nba_data_pipeline.py
[2024-10-29T01:20:51.744+0000] {logging_mixin.py:190} INFO - [2024-10-29T01:20:51.743+0000] {dag.py:3229} INFO - Sync 1 DAGs
[2024-10-29T01:20:51.776+0000] {logging_mixin.py:190} INFO - [2024-10-29T01:20:51.776+0000] {dag.py:4156} INFO - Setting next_dagrun for nba_data_pipeline to 2024-10-29 00:00:00+00:00, run_after=2024-10-30 00:00:00+00:00
[2024-10-29T01:20:51.803+0000] {processor.py:208} INFO - Processing /opt/airflow/dags/nba_data_pipeline.py took 0.106 seconds
[2024-10-29T01:21:21.934+0000] {processor.py:186} INFO - Started process (PID=248) to work on /opt/airflow/dags/nba_data_pipeline.py
[2024-10-29T01:21:21.935+0000] {processor.py:914} INFO - Processing file /opt/airflow/dags/nba_data_pipeline.py for tasks to queue
[2024-10-29T01:21:21.939+0000] {logging_mixin.py:190} INFO - [2024-10-29T01:21:21.938+0000] {dagbag.py:587} INFO - Filling up the DagBag from /opt/airflow/dags/nba_data_pipeline.py
[2024-10-29T01:21:21.953+0000] {processor.py:925} INFO - DAG(s) 'nba_data_pipeline' retrieved from /opt/airflow/dags/nba_data_pipeline.py
[2024-10-29T01:21:22.331+0000] {logging_mixin.py:190} INFO - [2024-10-29T01:21:22.330+0000] {dag.py:3229} INFO - Sync 1 DAGs
[2024-10-29T01:21:22.362+0000] {logging_mixin.py:190} INFO - [2024-10-29T01:21:22.361+0000] {dag.py:4156} INFO - Setting next_dagrun for nba_data_pipeline to 2024-10-29 00:00:00+00:00, run_after=2024-10-30 00:00:00+00:00
[2024-10-29T01:21:22.384+0000] {processor.py:208} INFO - Processing /opt/airflow/dags/nba_data_pipeline.py took 0.460 seconds
[2024-10-29T01:21:52.744+0000] {processor.py:186} INFO - Started process (PID=253) to work on /opt/airflow/dags/nba_data_pipeline.py
[2024-10-29T01:21:52.746+0000] {processor.py:914} INFO - Processing file /opt/airflow/dags/nba_data_pipeline.py for tasks to queue
[2024-10-29T01:21:52.750+0000] {logging_mixin.py:190} INFO - [2024-10-29T01:21:52.749+0000] {dagbag.py:587} INFO - Filling up the DagBag from /opt/airflow/dags/nba_data_pipeline.py
[2024-10-29T01:21:52.763+0000] {processor.py:925} INFO - DAG(s) 'nba_data_pipeline' retrieved from /opt/airflow/dags/nba_data_pipeline.py
[2024-10-29T01:21:52.950+0000] {logging_mixin.py:190} INFO - [2024-10-29T01:21:52.950+0000] {dag.py:3229} INFO - Sync 1 DAGs
[2024-10-29T01:21:52.982+0000] {logging_mixin.py:190} INFO - [2024-10-29T01:21:52.981+0000] {dag.py:4156} INFO - Setting next_dagrun for nba_data_pipeline to 2024-10-29 00:00:00+00:00, run_after=2024-10-30 00:00:00+00:00
[2024-10-29T01:21:53.007+0000] {processor.py:208} INFO - Processing /opt/airflow/dags/nba_data_pipeline.py took 0.273 seconds
[2024-10-29T01:22:23.070+0000] {processor.py:186} INFO - Started process (PID=258) to work on /opt/airflow/dags/nba_data_pipeline.py
[2024-10-29T01:22:23.071+0000] {processor.py:914} INFO - Processing file /opt/airflow/dags/nba_data_pipeline.py for tasks to queue
[2024-10-29T01:22:23.075+0000] {logging_mixin.py:190} INFO - [2024-10-29T01:22:23.075+0000] {dagbag.py:587} INFO - Filling up the DagBag from /opt/airflow/dags/nba_data_pipeline.py
[2024-10-29T01:22:23.088+0000] {processor.py:925} INFO - DAG(s) 'nba_data_pipeline' retrieved from /opt/airflow/dags/nba_data_pipeline.py
[2024-10-29T01:22:23.122+0000] {logging_mixin.py:190} INFO - [2024-10-29T01:22:23.122+0000] {dag.py:3229} INFO - Sync 1 DAGs
[2024-10-29T01:22:23.154+0000] {logging_mixin.py:190} INFO - [2024-10-29T01:22:23.153+0000] {dag.py:4156} INFO - Setting next_dagrun for nba_data_pipeline to 2024-10-29 00:00:00+00:00, run_after=2024-10-30 00:00:00+00:00
[2024-10-29T01:22:23.177+0000] {processor.py:208} INFO - Processing /opt/airflow/dags/nba_data_pipeline.py took 0.117 seconds
[2024-10-29T01:22:53.311+0000] {processor.py:186} INFO - Started process (PID=266) to work on /opt/airflow/dags/nba_data_pipeline.py
[2024-10-29T01:22:53.312+0000] {processor.py:914} INFO - Processing file /opt/airflow/dags/nba_data_pipeline.py for tasks to queue
[2024-10-29T01:22:53.316+0000] {logging_mixin.py:190} INFO - [2024-10-29T01:22:53.315+0000] {dagbag.py:587} INFO - Filling up the DagBag from /opt/airflow/dags/nba_data_pipeline.py
[2024-10-29T01:22:53.333+0000] {processor.py:925} INFO - DAG(s) 'nba_data_pipeline' retrieved from /opt/airflow/dags/nba_data_pipeline.py
[2024-10-29T01:22:53.370+0000] {logging_mixin.py:190} INFO - [2024-10-29T01:22:53.370+0000] {dag.py:3229} INFO - Sync 1 DAGs
[2024-10-29T01:22:53.421+0000] {logging_mixin.py:190} INFO - [2024-10-29T01:22:53.420+0000] {dag.py:4156} INFO - Setting next_dagrun for nba_data_pipeline to 2024-10-29 00:00:00+00:00, run_after=2024-10-30 00:00:00+00:00
[2024-10-29T01:22:53.451+0000] {processor.py:208} INFO - Processing /opt/airflow/dags/nba_data_pipeline.py took 0.151 seconds
[2024-10-29T01:23:23.640+0000] {processor.py:186} INFO - Started process (PID=271) to work on /opt/airflow/dags/nba_data_pipeline.py
[2024-10-29T01:23:23.642+0000] {processor.py:914} INFO - Processing file /opt/airflow/dags/nba_data_pipeline.py for tasks to queue
[2024-10-29T01:23:23.645+0000] {logging_mixin.py:190} INFO - [2024-10-29T01:23:23.644+0000] {dagbag.py:587} INFO - Filling up the DagBag from /opt/airflow/dags/nba_data_pipeline.py
[2024-10-29T01:23:23.660+0000] {processor.py:925} INFO - DAG(s) 'nba_data_pipeline' retrieved from /opt/airflow/dags/nba_data_pipeline.py
[2024-10-29T01:23:23.699+0000] {logging_mixin.py:190} INFO - [2024-10-29T01:23:23.698+0000] {dag.py:3229} INFO - Sync 1 DAGs
[2024-10-29T01:23:23.731+0000] {logging_mixin.py:190} INFO - [2024-10-29T01:23:23.731+0000] {dag.py:4156} INFO - Setting next_dagrun for nba_data_pipeline to 2024-10-29 00:00:00+00:00, run_after=2024-10-30 00:00:00+00:00
[2024-10-29T01:23:23.919+0000] {processor.py:208} INFO - Processing /opt/airflow/dags/nba_data_pipeline.py took 0.290 seconds
[2024-10-29T01:23:54.353+0000] {processor.py:186} INFO - Started process (PID=276) to work on /opt/airflow/dags/nba_data_pipeline.py
[2024-10-29T01:23:54.355+0000] {processor.py:914} INFO - Processing file /opt/airflow/dags/nba_data_pipeline.py for tasks to queue
[2024-10-29T01:23:54.359+0000] {logging_mixin.py:190} INFO - [2024-10-29T01:23:54.358+0000] {dagbag.py:587} INFO - Filling up the DagBag from /opt/airflow/dags/nba_data_pipeline.py
[2024-10-29T01:23:54.372+0000] {processor.py:925} INFO - DAG(s) 'nba_data_pipeline' retrieved from /opt/airflow/dags/nba_data_pipeline.py
[2024-10-29T01:23:54.408+0000] {logging_mixin.py:190} INFO - [2024-10-29T01:23:54.407+0000] {dag.py:3229} INFO - Sync 1 DAGs
[2024-10-29T01:23:54.612+0000] {logging_mixin.py:190} INFO - [2024-10-29T01:23:54.612+0000] {dag.py:4156} INFO - Setting next_dagrun for nba_data_pipeline to 2024-10-29 00:00:00+00:00, run_after=2024-10-30 00:00:00+00:00
[2024-10-29T01:23:54.634+0000] {processor.py:208} INFO - Processing /opt/airflow/dags/nba_data_pipeline.py took 0.292 seconds
[2024-10-29T01:24:11.491+0000] {processor.py:186} INFO - Started process (PID=281) to work on /opt/airflow/dags/nba_data_pipeline.py
[2024-10-29T01:24:11.492+0000] {processor.py:914} INFO - Processing file /opt/airflow/dags/nba_data_pipeline.py for tasks to queue
[2024-10-29T01:24:11.496+0000] {logging_mixin.py:190} INFO - [2024-10-29T01:24:11.495+0000] {dagbag.py:587} INFO - Filling up the DagBag from /opt/airflow/dags/nba_data_pipeline.py
[2024-10-29T01:24:11.514+0000] {processor.py:925} INFO - DAG(s) 'nba_data_pipeline' retrieved from /opt/airflow/dags/nba_data_pipeline.py
[2024-10-29T01:24:11.550+0000] {logging_mixin.py:190} INFO - [2024-10-29T01:24:11.550+0000] {dag.py:3229} INFO - Sync 1 DAGs
[2024-10-29T01:24:11.757+0000] {logging_mixin.py:190} INFO - [2024-10-29T01:24:11.757+0000] {dag.py:4156} INFO - Setting next_dagrun for nba_data_pipeline to 2024-10-29 00:00:00+00:00, run_after=2024-10-30 00:00:00+00:00
[2024-10-29T01:24:11.783+0000] {processor.py:208} INFO - Processing /opt/airflow/dags/nba_data_pipeline.py took 0.302 seconds
[2024-10-29T01:24:40.567+0000] {processor.py:186} INFO - Started process (PID=184) to work on /opt/airflow/dags/nba_data_pipeline.py
[2024-10-29T01:24:40.568+0000] {processor.py:914} INFO - Processing file /opt/airflow/dags/nba_data_pipeline.py for tasks to queue
[2024-10-29T01:24:40.574+0000] {logging_mixin.py:190} INFO - [2024-10-29T01:24:40.573+0000] {dagbag.py:587} INFO - Filling up the DagBag from /opt/airflow/dags/nba_data_pipeline.py
[2024-10-29T01:24:40.587+0000] {processor.py:925} INFO - DAG(s) 'nba_data_pipeline' retrieved from /opt/airflow/dags/nba_data_pipeline.py
[2024-10-29T01:24:40.621+0000] {logging_mixin.py:190} INFO - [2024-10-29T01:24:40.621+0000] {dag.py:3229} INFO - Sync 1 DAGs
[2024-10-29T01:24:40.652+0000] {logging_mixin.py:190} INFO - [2024-10-29T01:24:40.652+0000] {dag.py:4156} INFO - Setting next_dagrun for nba_data_pipeline to 2024-10-29 00:00:00+00:00, run_after=2024-10-30 00:00:00+00:00
[2024-10-29T01:24:40.676+0000] {processor.py:208} INFO - Processing /opt/airflow/dags/nba_data_pipeline.py took 0.118 seconds
[2024-10-29T01:25:10.898+0000] {processor.py:186} INFO - Started process (PID=189) to work on /opt/airflow/dags/nba_data_pipeline.py
[2024-10-29T01:25:10.899+0000] {processor.py:914} INFO - Processing file /opt/airflow/dags/nba_data_pipeline.py for tasks to queue
[2024-10-29T01:25:10.902+0000] {logging_mixin.py:190} INFO - [2024-10-29T01:25:10.902+0000] {dagbag.py:587} INFO - Filling up the DagBag from /opt/airflow/dags/nba_data_pipeline.py
[2024-10-29T01:25:10.915+0000] {processor.py:925} INFO - DAG(s) 'nba_data_pipeline' retrieved from /opt/airflow/dags/nba_data_pipeline.py
[2024-10-29T01:25:10.948+0000] {logging_mixin.py:190} INFO - [2024-10-29T01:25:10.947+0000] {dag.py:3229} INFO - Sync 1 DAGs
[2024-10-29T01:25:10.981+0000] {logging_mixin.py:190} INFO - [2024-10-29T01:25:10.980+0000] {dag.py:4156} INFO - Setting next_dagrun for nba_data_pipeline to 2024-10-29 00:00:00+00:00, run_after=2024-10-30 00:00:00+00:00
[2024-10-29T01:25:11.013+0000] {processor.py:208} INFO - Processing /opt/airflow/dags/nba_data_pipeline.py took 0.124 seconds
[2024-10-29T01:25:41.129+0000] {processor.py:186} INFO - Started process (PID=194) to work on /opt/airflow/dags/nba_data_pipeline.py
[2024-10-29T01:25:41.131+0000] {processor.py:914} INFO - Processing file /opt/airflow/dags/nba_data_pipeline.py for tasks to queue
[2024-10-29T01:25:41.134+0000] {logging_mixin.py:190} INFO - [2024-10-29T01:25:41.134+0000] {dagbag.py:587} INFO - Filling up the DagBag from /opt/airflow/dags/nba_data_pipeline.py
[2024-10-29T01:25:41.148+0000] {processor.py:925} INFO - DAG(s) 'nba_data_pipeline' retrieved from /opt/airflow/dags/nba_data_pipeline.py
[2024-10-29T01:25:41.187+0000] {logging_mixin.py:190} INFO - [2024-10-29T01:25:41.187+0000] {dag.py:3229} INFO - Sync 1 DAGs
[2024-10-29T01:25:41.224+0000] {logging_mixin.py:190} INFO - [2024-10-29T01:25:41.224+0000] {dag.py:4156} INFO - Setting next_dagrun for nba_data_pipeline to 2024-10-29 00:00:00+00:00, run_after=2024-10-30 00:00:00+00:00
[2024-10-29T01:25:41.251+0000] {processor.py:208} INFO - Processing /opt/airflow/dags/nba_data_pipeline.py took 0.131 seconds
[2024-10-29T01:36:01.806+0000] {processor.py:186} INFO - Started process (PID=190) to work on /opt/airflow/dags/nba_data_pipeline.py
[2024-10-29T01:36:01.807+0000] {processor.py:914} INFO - Processing file /opt/airflow/dags/nba_data_pipeline.py for tasks to queue
[2024-10-29T01:36:01.810+0000] {logging_mixin.py:190} INFO - [2024-10-29T01:36:01.809+0000] {dagbag.py:587} INFO - Filling up the DagBag from /opt/airflow/dags/nba_data_pipeline.py
[2024-10-29T01:36:01.830+0000] {processor.py:925} INFO - DAG(s) 'nba_data_pipeline' retrieved from /opt/airflow/dags/nba_data_pipeline.py
[2024-10-29T01:36:02.121+0000] {logging_mixin.py:190} INFO - [2024-10-29T01:36:02.121+0000] {override.py:1900} INFO - Created Permission View: can edit on DAG:nba_data_pipeline
[2024-10-29T01:36:02.132+0000] {logging_mixin.py:190} INFO - [2024-10-29T01:36:02.132+0000] {override.py:1900} INFO - Created Permission View: can delete on DAG:nba_data_pipeline
[2024-10-29T01:36:02.139+0000] {logging_mixin.py:190} INFO - [2024-10-29T01:36:02.139+0000] {override.py:1900} INFO - Created Permission View: can read on DAG:nba_data_pipeline
[2024-10-29T01:36:02.146+0000] {logging_mixin.py:190} INFO - [2024-10-29T01:36:02.146+0000] {override.py:1900} INFO - Created Permission View: can create on DAG Run:nba_data_pipeline
[2024-10-29T01:36:02.152+0000] {logging_mixin.py:190} INFO - [2024-10-29T01:36:02.152+0000] {override.py:1900} INFO - Created Permission View: can delete on DAG Run:nba_data_pipeline
[2024-10-29T01:36:02.158+0000] {logging_mixin.py:190} INFO - [2024-10-29T01:36:02.158+0000] {override.py:1900} INFO - Created Permission View: menu access on DAG Run:nba_data_pipeline
[2024-10-29T01:36:02.165+0000] {logging_mixin.py:190} INFO - [2024-10-29T01:36:02.164+0000] {override.py:1900} INFO - Created Permission View: can read on DAG Run:nba_data_pipeline
[2024-10-29T01:36:02.165+0000] {logging_mixin.py:190} INFO - [2024-10-29T01:36:02.165+0000] {dag.py:3229} INFO - Sync 1 DAGs
[2024-10-29T01:36:02.180+0000] {logging_mixin.py:190} INFO - [2024-10-29T01:36:02.180+0000] {dag.py:3252} INFO - Creating ORM DAG for nba_data_pipeline
[2024-10-29T01:36:02.191+0000] {logging_mixin.py:190} INFO - [2024-10-29T01:36:02.191+0000] {dag.py:4156} INFO - Setting next_dagrun for nba_data_pipeline to 2024-10-28 00:00:00+00:00, run_after=2024-10-29 00:00:00+00:00
[2024-10-29T01:36:02.212+0000] {processor.py:208} INFO - Processing /opt/airflow/dags/nba_data_pipeline.py took 0.416 seconds
[2024-10-29T01:36:32.450+0000] {processor.py:186} INFO - Started process (PID=195) to work on /opt/airflow/dags/nba_data_pipeline.py
[2024-10-29T01:36:32.451+0000] {processor.py:914} INFO - Processing file /opt/airflow/dags/nba_data_pipeline.py for tasks to queue
[2024-10-29T01:36:32.454+0000] {logging_mixin.py:190} INFO - [2024-10-29T01:36:32.453+0000] {dagbag.py:587} INFO - Filling up the DagBag from /opt/airflow/dags/nba_data_pipeline.py
[2024-10-29T01:36:32.467+0000] {processor.py:925} INFO - DAG(s) 'nba_data_pipeline' retrieved from /opt/airflow/dags/nba_data_pipeline.py
[2024-10-29T01:36:32.501+0000] {logging_mixin.py:190} INFO - [2024-10-29T01:36:32.501+0000] {dag.py:3229} INFO - Sync 1 DAGs
[2024-10-29T01:36:32.531+0000] {logging_mixin.py:190} INFO - [2024-10-29T01:36:32.531+0000] {dag.py:4156} INFO - Setting next_dagrun for nba_data_pipeline to 2024-10-28 00:00:00+00:00, run_after=2024-10-29 00:00:00+00:00
[2024-10-29T01:36:32.583+0000] {processor.py:208} INFO - Processing /opt/airflow/dags/nba_data_pipeline.py took 0.143 seconds
[2024-10-29T01:36:51.621+0000] {processor.py:186} INFO - Started process (PID=200) to work on /opt/airflow/dags/nba_data_pipeline.py
[2024-10-29T01:36:51.622+0000] {processor.py:914} INFO - Processing file /opt/airflow/dags/nba_data_pipeline.py for tasks to queue
[2024-10-29T01:36:51.626+0000] {logging_mixin.py:190} INFO - [2024-10-29T01:36:51.625+0000] {dagbag.py:587} INFO - Filling up the DagBag from /opt/airflow/dags/nba_data_pipeline.py
[2024-10-29T01:36:51.642+0000] {processor.py:925} INFO - DAG(s) 'nba_data_pipeline' retrieved from /opt/airflow/dags/nba_data_pipeline.py
[2024-10-29T01:36:51.678+0000] {logging_mixin.py:190} INFO - [2024-10-29T01:36:51.678+0000] {dag.py:3229} INFO - Sync 1 DAGs
[2024-10-29T01:36:51.714+0000] {logging_mixin.py:190} INFO - [2024-10-29T01:36:51.714+0000] {dag.py:4156} INFO - Setting next_dagrun for nba_data_pipeline to 2024-10-28 00:00:00+00:00, run_after=2024-10-29 00:00:00+00:00
[2024-10-29T01:36:51.743+0000] {processor.py:208} INFO - Processing /opt/airflow/dags/nba_data_pipeline.py took 0.133 seconds
[2024-10-29T01:39:37.876+0000] {processor.py:186} INFO - Started process (PID=190) to work on /opt/airflow/dags/nba_data_pipeline.py
[2024-10-29T01:39:37.877+0000] {processor.py:914} INFO - Processing file /opt/airflow/dags/nba_data_pipeline.py for tasks to queue
[2024-10-29T01:39:37.881+0000] {logging_mixin.py:190} INFO - [2024-10-29T01:39:37.880+0000] {dagbag.py:587} INFO - Filling up the DagBag from /opt/airflow/dags/nba_data_pipeline.py
[2024-10-29T01:39:37.911+0000] {processor.py:925} INFO - DAG(s) 'nba_data_pipeline' retrieved from /opt/airflow/dags/nba_data_pipeline.py
[2024-10-29T01:39:38.368+0000] {logging_mixin.py:190} INFO - [2024-10-29T01:39:38.367+0000] {override.py:1900} INFO - Created Permission View: can read on DAG:nba_data_pipeline
[2024-10-29T01:39:38.382+0000] {logging_mixin.py:190} INFO - [2024-10-29T01:39:38.381+0000] {override.py:1900} INFO - Created Permission View: can edit on DAG:nba_data_pipeline
[2024-10-29T01:39:38.391+0000] {logging_mixin.py:190} INFO - [2024-10-29T01:39:38.391+0000] {override.py:1900} INFO - Created Permission View: can delete on DAG:nba_data_pipeline
[2024-10-29T01:39:38.400+0000] {logging_mixin.py:190} INFO - [2024-10-29T01:39:38.400+0000] {override.py:1900} INFO - Created Permission View: can read on DAG Run:nba_data_pipeline
[2024-10-29T01:39:38.409+0000] {logging_mixin.py:190} INFO - [2024-10-29T01:39:38.408+0000] {override.py:1900} INFO - Created Permission View: can delete on DAG Run:nba_data_pipeline
[2024-10-29T01:39:38.417+0000] {logging_mixin.py:190} INFO - [2024-10-29T01:39:38.416+0000] {override.py:1900} INFO - Created Permission View: menu access on DAG Run:nba_data_pipeline
[2024-10-29T01:39:38.425+0000] {logging_mixin.py:190} INFO - [2024-10-29T01:39:38.425+0000] {override.py:1900} INFO - Created Permission View: can create on DAG Run:nba_data_pipeline
[2024-10-29T01:39:38.426+0000] {logging_mixin.py:190} INFO - [2024-10-29T01:39:38.426+0000] {dag.py:3229} INFO - Sync 1 DAGs
[2024-10-29T01:39:38.444+0000] {logging_mixin.py:190} INFO - [2024-10-29T01:39:38.444+0000] {dag.py:3252} INFO - Creating ORM DAG for nba_data_pipeline
[2024-10-29T01:39:38.459+0000] {logging_mixin.py:190} INFO - [2024-10-29T01:39:38.459+0000] {dag.py:4156} INFO - Setting next_dagrun for nba_data_pipeline to 2024-10-28 00:00:00+00:00, run_after=2024-10-29 00:00:00+00:00
[2024-10-29T01:39:38.489+0000] {processor.py:208} INFO - Processing /opt/airflow/dags/nba_data_pipeline.py took 0.654 seconds
[2024-10-29T01:40:08.750+0000] {processor.py:186} INFO - Started process (PID=195) to work on /opt/airflow/dags/nba_data_pipeline.py
[2024-10-29T01:40:08.751+0000] {processor.py:914} INFO - Processing file /opt/airflow/dags/nba_data_pipeline.py for tasks to queue
[2024-10-29T01:40:08.755+0000] {logging_mixin.py:190} INFO - [2024-10-29T01:40:08.755+0000] {dagbag.py:587} INFO - Filling up the DagBag from /opt/airflow/dags/nba_data_pipeline.py
[2024-10-29T01:40:08.773+0000] {processor.py:925} INFO - DAG(s) 'nba_data_pipeline' retrieved from /opt/airflow/dags/nba_data_pipeline.py
[2024-10-29T01:40:08.818+0000] {logging_mixin.py:190} INFO - [2024-10-29T01:40:08.817+0000] {dag.py:3229} INFO - Sync 1 DAGs
[2024-10-29T01:40:08.854+0000] {logging_mixin.py:190} INFO - [2024-10-29T01:40:08.854+0000] {dag.py:4156} INFO - Setting next_dagrun for nba_data_pipeline to 2024-10-28 00:00:00+00:00, run_after=2024-10-29 00:00:00+00:00
[2024-10-29T01:40:08.880+0000] {processor.py:208} INFO - Processing /opt/airflow/dags/nba_data_pipeline.py took 0.143 seconds
[2024-10-29T01:40:39.031+0000] {processor.py:186} INFO - Started process (PID=203) to work on /opt/airflow/dags/nba_data_pipeline.py
[2024-10-29T01:40:39.032+0000] {processor.py:914} INFO - Processing file /opt/airflow/dags/nba_data_pipeline.py for tasks to queue
[2024-10-29T01:40:39.035+0000] {logging_mixin.py:190} INFO - [2024-10-29T01:40:39.035+0000] {dagbag.py:587} INFO - Filling up the DagBag from /opt/airflow/dags/nba_data_pipeline.py
[2024-10-29T01:40:39.049+0000] {processor.py:925} INFO - DAG(s) 'nba_data_pipeline' retrieved from /opt/airflow/dags/nba_data_pipeline.py
[2024-10-29T01:40:39.085+0000] {logging_mixin.py:190} INFO - [2024-10-29T01:40:39.084+0000] {dag.py:3229} INFO - Sync 1 DAGs
[2024-10-29T01:40:39.118+0000] {logging_mixin.py:190} INFO - [2024-10-29T01:40:39.118+0000] {dag.py:4156} INFO - Setting next_dagrun for nba_data_pipeline to 2024-10-29 00:00:00+00:00, run_after=2024-10-30 00:00:00+00:00
[2024-10-29T01:40:39.144+0000] {processor.py:208} INFO - Processing /opt/airflow/dags/nba_data_pipeline.py took 0.124 seconds
[2024-10-29T01:41:09.344+0000] {processor.py:186} INFO - Started process (PID=208) to work on /opt/airflow/dags/nba_data_pipeline.py
[2024-10-29T01:41:09.345+0000] {processor.py:914} INFO - Processing file /opt/airflow/dags/nba_data_pipeline.py for tasks to queue
[2024-10-29T01:41:09.348+0000] {logging_mixin.py:190} INFO - [2024-10-29T01:41:09.348+0000] {dagbag.py:587} INFO - Filling up the DagBag from /opt/airflow/dags/nba_data_pipeline.py
[2024-10-29T01:41:09.364+0000] {processor.py:925} INFO - DAG(s) 'nba_data_pipeline' retrieved from /opt/airflow/dags/nba_data_pipeline.py
[2024-10-29T01:41:09.396+0000] {logging_mixin.py:190} INFO - [2024-10-29T01:41:09.396+0000] {dag.py:3229} INFO - Sync 1 DAGs
[2024-10-29T01:41:09.426+0000] {logging_mixin.py:190} INFO - [2024-10-29T01:41:09.425+0000] {dag.py:4156} INFO - Setting next_dagrun for nba_data_pipeline to 2024-10-29 00:00:00+00:00, run_after=2024-10-30 00:00:00+00:00
[2024-10-29T01:41:09.447+0000] {processor.py:208} INFO - Processing /opt/airflow/dags/nba_data_pipeline.py took 0.111 seconds
[2024-10-29T01:41:39.612+0000] {processor.py:186} INFO - Started process (PID=213) to work on /opt/airflow/dags/nba_data_pipeline.py
[2024-10-29T01:41:39.613+0000] {processor.py:914} INFO - Processing file /opt/airflow/dags/nba_data_pipeline.py for tasks to queue
[2024-10-29T01:41:39.617+0000] {logging_mixin.py:190} INFO - [2024-10-29T01:41:39.616+0000] {dagbag.py:587} INFO - Filling up the DagBag from /opt/airflow/dags/nba_data_pipeline.py
[2024-10-29T01:41:39.631+0000] {processor.py:925} INFO - DAG(s) 'nba_data_pipeline' retrieved from /opt/airflow/dags/nba_data_pipeline.py
[2024-10-29T01:41:39.668+0000] {logging_mixin.py:190} INFO - [2024-10-29T01:41:39.668+0000] {dag.py:3229} INFO - Sync 1 DAGs
[2024-10-29T01:41:39.698+0000] {logging_mixin.py:190} INFO - [2024-10-29T01:41:39.698+0000] {dag.py:4156} INFO - Setting next_dagrun for nba_data_pipeline to 2024-10-29 00:00:00+00:00, run_after=2024-10-30 00:00:00+00:00
[2024-10-29T01:41:39.720+0000] {processor.py:208} INFO - Processing /opt/airflow/dags/nba_data_pipeline.py took 0.118 seconds
[2024-10-29T01:42:09.931+0000] {processor.py:186} INFO - Started process (PID=218) to work on /opt/airflow/dags/nba_data_pipeline.py
[2024-10-29T01:42:09.932+0000] {processor.py:914} INFO - Processing file /opt/airflow/dags/nba_data_pipeline.py for tasks to queue
[2024-10-29T01:42:09.935+0000] {logging_mixin.py:190} INFO - [2024-10-29T01:42:09.935+0000] {dagbag.py:587} INFO - Filling up the DagBag from /opt/airflow/dags/nba_data_pipeline.py
[2024-10-29T01:42:09.948+0000] {processor.py:925} INFO - DAG(s) 'nba_data_pipeline' retrieved from /opt/airflow/dags/nba_data_pipeline.py
[2024-10-29T01:42:09.986+0000] {logging_mixin.py:190} INFO - [2024-10-29T01:42:09.986+0000] {dag.py:3229} INFO - Sync 1 DAGs
[2024-10-29T01:42:10.021+0000] {logging_mixin.py:190} INFO - [2024-10-29T01:42:10.021+0000] {dag.py:4156} INFO - Setting next_dagrun for nba_data_pipeline to 2024-10-29 00:00:00+00:00, run_after=2024-10-30 00:00:00+00:00
[2024-10-29T01:42:10.046+0000] {processor.py:208} INFO - Processing /opt/airflow/dags/nba_data_pipeline.py took 0.126 seconds
[2024-10-29T01:42:40.245+0000] {processor.py:186} INFO - Started process (PID=223) to work on /opt/airflow/dags/nba_data_pipeline.py
[2024-10-29T01:42:40.246+0000] {processor.py:914} INFO - Processing file /opt/airflow/dags/nba_data_pipeline.py for tasks to queue
[2024-10-29T01:42:40.250+0000] {logging_mixin.py:190} INFO - [2024-10-29T01:42:40.249+0000] {dagbag.py:587} INFO - Filling up the DagBag from /opt/airflow/dags/nba_data_pipeline.py
[2024-10-29T01:42:40.265+0000] {processor.py:925} INFO - DAG(s) 'nba_data_pipeline' retrieved from /opt/airflow/dags/nba_data_pipeline.py
[2024-10-29T01:42:40.302+0000] {logging_mixin.py:190} INFO - [2024-10-29T01:42:40.302+0000] {dag.py:3229} INFO - Sync 1 DAGs
[2024-10-29T01:42:40.333+0000] {logging_mixin.py:190} INFO - [2024-10-29T01:42:40.333+0000] {dag.py:4156} INFO - Setting next_dagrun for nba_data_pipeline to 2024-10-29 00:00:00+00:00, run_after=2024-10-30 00:00:00+00:00
[2024-10-29T01:42:40.355+0000] {processor.py:208} INFO - Processing /opt/airflow/dags/nba_data_pipeline.py took 0.120 seconds
[2024-10-29T01:43:10.522+0000] {processor.py:186} INFO - Started process (PID=228) to work on /opt/airflow/dags/nba_data_pipeline.py
[2024-10-29T01:43:10.524+0000] {processor.py:914} INFO - Processing file /opt/airflow/dags/nba_data_pipeline.py for tasks to queue
[2024-10-29T01:43:10.528+0000] {logging_mixin.py:190} INFO - [2024-10-29T01:43:10.528+0000] {dagbag.py:587} INFO - Filling up the DagBag from /opt/airflow/dags/nba_data_pipeline.py
[2024-10-29T01:43:10.547+0000] {processor.py:925} INFO - DAG(s) 'nba_data_pipeline' retrieved from /opt/airflow/dags/nba_data_pipeline.py
[2024-10-29T01:43:10.596+0000] {logging_mixin.py:190} INFO - [2024-10-29T01:43:10.596+0000] {dag.py:3229} INFO - Sync 1 DAGs
[2024-10-29T01:43:10.633+0000] {logging_mixin.py:190} INFO - [2024-10-29T01:43:10.633+0000] {dag.py:4156} INFO - Setting next_dagrun for nba_data_pipeline to 2024-10-29 00:00:00+00:00, run_after=2024-10-30 00:00:00+00:00
[2024-10-29T01:43:10.658+0000] {processor.py:208} INFO - Processing /opt/airflow/dags/nba_data_pipeline.py took 0.150 seconds
[2024-10-29T01:43:40.962+0000] {processor.py:186} INFO - Started process (PID=233) to work on /opt/airflow/dags/nba_data_pipeline.py
[2024-10-29T01:43:40.963+0000] {processor.py:914} INFO - Processing file /opt/airflow/dags/nba_data_pipeline.py for tasks to queue
[2024-10-29T01:43:40.966+0000] {logging_mixin.py:190} INFO - [2024-10-29T01:43:40.965+0000] {dagbag.py:587} INFO - Filling up the DagBag from /opt/airflow/dags/nba_data_pipeline.py
[2024-10-29T01:43:40.979+0000] {processor.py:925} INFO - DAG(s) 'nba_data_pipeline' retrieved from /opt/airflow/dags/nba_data_pipeline.py
[2024-10-29T01:43:41.013+0000] {logging_mixin.py:190} INFO - [2024-10-29T01:43:41.013+0000] {dag.py:3229} INFO - Sync 1 DAGs
[2024-10-29T01:43:41.042+0000] {logging_mixin.py:190} INFO - [2024-10-29T01:43:41.042+0000] {dag.py:4156} INFO - Setting next_dagrun for nba_data_pipeline to 2024-10-29 00:00:00+00:00, run_after=2024-10-30 00:00:00+00:00
[2024-10-29T01:43:41.220+0000] {processor.py:208} INFO - Processing /opt/airflow/dags/nba_data_pipeline.py took 0.269 seconds
[2024-10-29T01:44:11.506+0000] {processor.py:186} INFO - Started process (PID=238) to work on /opt/airflow/dags/nba_data_pipeline.py
[2024-10-29T01:44:11.507+0000] {processor.py:914} INFO - Processing file /opt/airflow/dags/nba_data_pipeline.py for tasks to queue
[2024-10-29T01:44:11.510+0000] {logging_mixin.py:190} INFO - [2024-10-29T01:44:11.509+0000] {dagbag.py:587} INFO - Filling up the DagBag from /opt/airflow/dags/nba_data_pipeline.py
[2024-10-29T01:44:11.524+0000] {processor.py:925} INFO - DAG(s) 'nba_data_pipeline' retrieved from /opt/airflow/dags/nba_data_pipeline.py
[2024-10-29T01:44:11.564+0000] {logging_mixin.py:190} INFO - [2024-10-29T01:44:11.564+0000] {dag.py:3229} INFO - Sync 1 DAGs
[2024-10-29T01:44:11.860+0000] {logging_mixin.py:190} INFO - [2024-10-29T01:44:11.860+0000] {dag.py:4156} INFO - Setting next_dagrun for nba_data_pipeline to 2024-10-29 00:00:00+00:00, run_after=2024-10-30 00:00:00+00:00
[2024-10-29T01:44:11.893+0000] {processor.py:208} INFO - Processing /opt/airflow/dags/nba_data_pipeline.py took 0.399 seconds
[2024-10-29T01:44:12.522+0000] {processor.py:186} INFO - Started process (PID=243) to work on /opt/airflow/dags/nba_data_pipeline.py
[2024-10-29T01:44:12.524+0000] {processor.py:914} INFO - Processing file /opt/airflow/dags/nba_data_pipeline.py for tasks to queue
[2024-10-29T01:44:12.527+0000] {logging_mixin.py:190} INFO - [2024-10-29T01:44:12.527+0000] {dagbag.py:587} INFO - Filling up the DagBag from /opt/airflow/dags/nba_data_pipeline.py
[2024-10-29T01:44:12.545+0000] {processor.py:925} INFO - DAG(s) 'nba_data_pipeline' retrieved from /opt/airflow/dags/nba_data_pipeline.py
[2024-10-29T01:44:12.583+0000] {logging_mixin.py:190} INFO - [2024-10-29T01:44:12.583+0000] {dag.py:3229} INFO - Sync 1 DAGs
[2024-10-29T01:44:12.779+0000] {logging_mixin.py:190} INFO - [2024-10-29T01:44:12.779+0000] {dag.py:4156} INFO - Setting next_dagrun for nba_data_pipeline to 2024-10-29 00:00:00+00:00, run_after=2024-10-30 00:00:00+00:00
[2024-10-29T01:44:12.804+0000] {processor.py:208} INFO - Processing /opt/airflow/dags/nba_data_pipeline.py took 0.294 seconds
[2024-10-29T01:44:43.059+0000] {processor.py:186} INFO - Started process (PID=248) to work on /opt/airflow/dags/nba_data_pipeline.py
[2024-10-29T01:44:43.061+0000] {processor.py:914} INFO - Processing file /opt/airflow/dags/nba_data_pipeline.py for tasks to queue
[2024-10-29T01:44:43.064+0000] {logging_mixin.py:190} INFO - [2024-10-29T01:44:43.064+0000] {dagbag.py:587} INFO - Filling up the DagBag from /opt/airflow/dags/nba_data_pipeline.py
[2024-10-29T01:44:43.077+0000] {processor.py:925} INFO - DAG(s) 'nba_data_pipeline' retrieved from /opt/airflow/dags/nba_data_pipeline.py
[2024-10-29T01:44:43.113+0000] {logging_mixin.py:190} INFO - [2024-10-29T01:44:43.113+0000] {dag.py:3229} INFO - Sync 1 DAGs
[2024-10-29T01:44:43.333+0000] {logging_mixin.py:190} INFO - [2024-10-29T01:44:43.333+0000] {dag.py:4156} INFO - Setting next_dagrun for nba_data_pipeline to 2024-10-29 00:00:00+00:00, run_after=2024-10-30 00:00:00+00:00
[2024-10-29T01:44:43.356+0000] {processor.py:208} INFO - Processing /opt/airflow/dags/nba_data_pipeline.py took 0.308 seconds
[2024-10-29T01:45:13.608+0000] {processor.py:186} INFO - Started process (PID=253) to work on /opt/airflow/dags/nba_data_pipeline.py
[2024-10-29T01:45:13.609+0000] {processor.py:914} INFO - Processing file /opt/airflow/dags/nba_data_pipeline.py for tasks to queue
[2024-10-29T01:45:13.613+0000] {logging_mixin.py:190} INFO - [2024-10-29T01:45:13.612+0000] {dagbag.py:587} INFO - Filling up the DagBag from /opt/airflow/dags/nba_data_pipeline.py
[2024-10-29T01:45:13.627+0000] {processor.py:925} INFO - DAG(s) 'nba_data_pipeline' retrieved from /opt/airflow/dags/nba_data_pipeline.py
[2024-10-29T01:45:13.829+0000] {logging_mixin.py:190} INFO - [2024-10-29T01:45:13.829+0000] {dag.py:3229} INFO - Sync 1 DAGs
[2024-10-29T01:45:13.860+0000] {logging_mixin.py:190} INFO - [2024-10-29T01:45:13.859+0000] {dag.py:4156} INFO - Setting next_dagrun for nba_data_pipeline to 2024-10-29 00:00:00+00:00, run_after=2024-10-30 00:00:00+00:00
[2024-10-29T01:45:13.882+0000] {processor.py:208} INFO - Processing /opt/airflow/dags/nba_data_pipeline.py took 0.286 seconds
[2024-10-29T01:45:43.951+0000] {processor.py:186} INFO - Started process (PID=261) to work on /opt/airflow/dags/nba_data_pipeline.py
[2024-10-29T01:45:43.953+0000] {processor.py:914} INFO - Processing file /opt/airflow/dags/nba_data_pipeline.py for tasks to queue
[2024-10-29T01:45:43.957+0000] {logging_mixin.py:190} INFO - [2024-10-29T01:45:43.957+0000] {dagbag.py:587} INFO - Filling up the DagBag from /opt/airflow/dags/nba_data_pipeline.py
[2024-10-29T01:45:43.970+0000] {processor.py:925} INFO - DAG(s) 'nba_data_pipeline' retrieved from /opt/airflow/dags/nba_data_pipeline.py
[2024-10-29T01:45:44.009+0000] {logging_mixin.py:190} INFO - [2024-10-29T01:45:44.009+0000] {dag.py:3229} INFO - Sync 1 DAGs
[2024-10-29T01:45:44.042+0000] {logging_mixin.py:190} INFO - [2024-10-29T01:45:44.042+0000] {dag.py:4156} INFO - Setting next_dagrun for nba_data_pipeline to 2024-10-29 00:00:00+00:00, run_after=2024-10-30 00:00:00+00:00
[2024-10-29T01:45:44.068+0000] {processor.py:208} INFO - Processing /opt/airflow/dags/nba_data_pipeline.py took 0.129 seconds
[2024-10-29T01:46:14.190+0000] {processor.py:186} INFO - Started process (PID=266) to work on /opt/airflow/dags/nba_data_pipeline.py
[2024-10-29T01:46:14.192+0000] {processor.py:914} INFO - Processing file /opt/airflow/dags/nba_data_pipeline.py for tasks to queue
[2024-10-29T01:46:14.195+0000] {logging_mixin.py:190} INFO - [2024-10-29T01:46:14.195+0000] {dagbag.py:587} INFO - Filling up the DagBag from /opt/airflow/dags/nba_data_pipeline.py
[2024-10-29T01:46:14.208+0000] {processor.py:925} INFO - DAG(s) 'nba_data_pipeline' retrieved from /opt/airflow/dags/nba_data_pipeline.py
[2024-10-29T01:46:14.246+0000] {logging_mixin.py:190} INFO - [2024-10-29T01:46:14.245+0000] {dag.py:3229} INFO - Sync 1 DAGs
[2024-10-29T01:46:14.278+0000] {logging_mixin.py:190} INFO - [2024-10-29T01:46:14.278+0000] {dag.py:4156} INFO - Setting next_dagrun for nba_data_pipeline to 2024-10-29 00:00:00+00:00, run_after=2024-10-30 00:00:00+00:00
[2024-10-29T01:46:14.303+0000] {processor.py:208} INFO - Processing /opt/airflow/dags/nba_data_pipeline.py took 0.124 seconds
[2024-10-29T01:46:44.658+0000] {processor.py:186} INFO - Started process (PID=271) to work on /opt/airflow/dags/nba_data_pipeline.py
[2024-10-29T01:46:44.659+0000] {processor.py:914} INFO - Processing file /opt/airflow/dags/nba_data_pipeline.py for tasks to queue
[2024-10-29T01:46:44.662+0000] {logging_mixin.py:190} INFO - [2024-10-29T01:46:44.662+0000] {dagbag.py:587} INFO - Filling up the DagBag from /opt/airflow/dags/nba_data_pipeline.py
[2024-10-29T01:46:44.676+0000] {processor.py:925} INFO - DAG(s) 'nba_data_pipeline' retrieved from /opt/airflow/dags/nba_data_pipeline.py
[2024-10-29T01:46:44.713+0000] {logging_mixin.py:190} INFO - [2024-10-29T01:46:44.712+0000] {dag.py:3229} INFO - Sync 1 DAGs
[2024-10-29T01:46:44.980+0000] {logging_mixin.py:190} INFO - [2024-10-29T01:46:44.979+0000] {dag.py:4156} INFO - Setting next_dagrun for nba_data_pipeline to 2024-10-29 00:00:00+00:00, run_after=2024-10-30 00:00:00+00:00
[2024-10-29T01:46:45.015+0000] {processor.py:208} INFO - Processing /opt/airflow/dags/nba_data_pipeline.py took 0.367 seconds
[2024-10-29T01:47:15.279+0000] {processor.py:186} INFO - Started process (PID=276) to work on /opt/airflow/dags/nba_data_pipeline.py
[2024-10-29T01:47:15.281+0000] {processor.py:914} INFO - Processing file /opt/airflow/dags/nba_data_pipeline.py for tasks to queue
[2024-10-29T01:47:15.285+0000] {logging_mixin.py:190} INFO - [2024-10-29T01:47:15.285+0000] {dagbag.py:587} INFO - Filling up the DagBag from /opt/airflow/dags/nba_data_pipeline.py
[2024-10-29T01:47:15.301+0000] {processor.py:925} INFO - DAG(s) 'nba_data_pipeline' retrieved from /opt/airflow/dags/nba_data_pipeline.py
[2024-10-29T01:47:15.345+0000] {logging_mixin.py:190} INFO - [2024-10-29T01:47:15.345+0000] {dag.py:3229} INFO - Sync 1 DAGs
[2024-10-29T01:47:15.552+0000] {logging_mixin.py:190} INFO - [2024-10-29T01:47:15.552+0000] {dag.py:4156} INFO - Setting next_dagrun for nba_data_pipeline to 2024-10-29 00:00:00+00:00, run_after=2024-10-30 00:00:00+00:00
[2024-10-29T01:47:15.579+0000] {processor.py:208} INFO - Processing /opt/airflow/dags/nba_data_pipeline.py took 0.312 seconds
[2024-10-29T01:53:31.871+0000] {processor.py:186} INFO - Started process (PID=190) to work on /opt/airflow/dags/nba_data_pipeline.py
[2024-10-29T01:53:31.872+0000] {processor.py:914} INFO - Processing file /opt/airflow/dags/nba_data_pipeline.py for tasks to queue
[2024-10-29T01:53:31.874+0000] {logging_mixin.py:190} INFO - [2024-10-29T01:53:31.874+0000] {dagbag.py:587} INFO - Filling up the DagBag from /opt/airflow/dags/nba_data_pipeline.py
[2024-10-29T01:53:31.890+0000] {processor.py:925} INFO - DAG(s) 'nba_data_pipeline' retrieved from /opt/airflow/dags/nba_data_pipeline.py
[2024-10-29T01:53:32.150+0000] {logging_mixin.py:190} INFO - [2024-10-29T01:53:32.150+0000] {override.py:1900} INFO - Created Permission View: can read on DAG:nba_data_pipeline
[2024-10-29T01:53:32.163+0000] {logging_mixin.py:190} INFO - [2024-10-29T01:53:32.162+0000] {override.py:1900} INFO - Created Permission View: can delete on DAG:nba_data_pipeline
[2024-10-29T01:53:32.170+0000] {logging_mixin.py:190} INFO - [2024-10-29T01:53:32.169+0000] {override.py:1900} INFO - Created Permission View: can edit on DAG:nba_data_pipeline
[2024-10-29T01:53:32.178+0000] {logging_mixin.py:190} INFO - [2024-10-29T01:53:32.178+0000] {override.py:1900} INFO - Created Permission View: can create on DAG Run:nba_data_pipeline
[2024-10-29T01:53:32.185+0000] {logging_mixin.py:190} INFO - [2024-10-29T01:53:32.185+0000] {override.py:1900} INFO - Created Permission View: can read on DAG Run:nba_data_pipeline
[2024-10-29T01:53:32.193+0000] {logging_mixin.py:190} INFO - [2024-10-29T01:53:32.192+0000] {override.py:1900} INFO - Created Permission View: can delete on DAG Run:nba_data_pipeline
[2024-10-29T01:53:32.199+0000] {logging_mixin.py:190} INFO - [2024-10-29T01:53:32.199+0000] {override.py:1900} INFO - Created Permission View: menu access on DAG Run:nba_data_pipeline
[2024-10-29T01:53:32.200+0000] {logging_mixin.py:190} INFO - [2024-10-29T01:53:32.200+0000] {dag.py:3229} INFO - Sync 1 DAGs
[2024-10-29T01:53:32.216+0000] {logging_mixin.py:190} INFO - [2024-10-29T01:53:32.216+0000] {dag.py:3252} INFO - Creating ORM DAG for nba_data_pipeline
[2024-10-29T01:53:32.228+0000] {logging_mixin.py:190} INFO - [2024-10-29T01:53:32.228+0000] {dag.py:4156} INFO - Setting next_dagrun for nba_data_pipeline to 2024-10-28 00:00:00+00:00, run_after=2024-10-29 00:00:00+00:00
[2024-10-29T01:53:32.251+0000] {processor.py:208} INFO - Processing /opt/airflow/dags/nba_data_pipeline.py took 0.388 seconds
[2024-10-29T01:54:02.485+0000] {processor.py:186} INFO - Started process (PID=198) to work on /opt/airflow/dags/nba_data_pipeline.py
[2024-10-29T01:54:02.486+0000] {processor.py:914} INFO - Processing file /opt/airflow/dags/nba_data_pipeline.py for tasks to queue
[2024-10-29T01:54:02.489+0000] {logging_mixin.py:190} INFO - [2024-10-29T01:54:02.488+0000] {dagbag.py:587} INFO - Filling up the DagBag from /opt/airflow/dags/nba_data_pipeline.py
[2024-10-29T01:54:02.503+0000] {processor.py:925} INFO - DAG(s) 'nba_data_pipeline' retrieved from /opt/airflow/dags/nba_data_pipeline.py
[2024-10-29T01:54:02.539+0000] {logging_mixin.py:190} INFO - [2024-10-29T01:54:02.539+0000] {dag.py:3229} INFO - Sync 1 DAGs
[2024-10-29T01:54:02.569+0000] {logging_mixin.py:190} INFO - [2024-10-29T01:54:02.569+0000] {dag.py:4156} INFO - Setting next_dagrun for nba_data_pipeline to 2024-10-29 00:00:00+00:00, run_after=2024-10-30 00:00:00+00:00
[2024-10-29T01:54:02.592+0000] {processor.py:208} INFO - Processing /opt/airflow/dags/nba_data_pipeline.py took 0.118 seconds
[2024-10-29T01:54:32.744+0000] {processor.py:186} INFO - Started process (PID=258) to work on /opt/airflow/dags/nba_data_pipeline.py
[2024-10-29T01:54:32.745+0000] {processor.py:914} INFO - Processing file /opt/airflow/dags/nba_data_pipeline.py for tasks to queue
[2024-10-29T01:54:32.748+0000] {logging_mixin.py:190} INFO - [2024-10-29T01:54:32.747+0000] {dagbag.py:587} INFO - Filling up the DagBag from /opt/airflow/dags/nba_data_pipeline.py
[2024-10-29T01:54:32.760+0000] {processor.py:925} INFO - DAG(s) 'nba_data_pipeline' retrieved from /opt/airflow/dags/nba_data_pipeline.py
[2024-10-29T01:54:32.793+0000] {logging_mixin.py:190} INFO - [2024-10-29T01:54:32.793+0000] {dag.py:3229} INFO - Sync 1 DAGs
[2024-10-29T01:54:32.824+0000] {logging_mixin.py:190} INFO - [2024-10-29T01:54:32.824+0000] {dag.py:4156} INFO - Setting next_dagrun for nba_data_pipeline to 2024-10-29 00:00:00+00:00, run_after=2024-10-30 00:00:00+00:00
[2024-10-29T01:54:32.847+0000] {processor.py:208} INFO - Processing /opt/airflow/dags/nba_data_pipeline.py took 0.113 seconds
[2024-10-29T01:58:28.657+0000] {processor.py:186} INFO - Started process (PID=190) to work on /opt/airflow/dags/nba_data_pipeline.py
[2024-10-29T01:58:28.658+0000] {processor.py:914} INFO - Processing file /opt/airflow/dags/nba_data_pipeline.py for tasks to queue
[2024-10-29T01:58:28.661+0000] {logging_mixin.py:190} INFO - [2024-10-29T01:58:28.661+0000] {dagbag.py:587} INFO - Filling up the DagBag from /opt/airflow/dags/nba_data_pipeline.py
[2024-10-29T01:58:28.684+0000] {processor.py:925} INFO - DAG(s) 'nba_data_pipeline' retrieved from /opt/airflow/dags/nba_data_pipeline.py
[2024-10-29T01:58:28.914+0000] {logging_mixin.py:190} INFO - [2024-10-29T01:58:28.913+0000] {override.py:1900} INFO - Created Permission View: can read on DAG:nba_data_pipeline
[2024-10-29T01:58:28.923+0000] {logging_mixin.py:190} INFO - [2024-10-29T01:58:28.922+0000] {override.py:1900} INFO - Created Permission View: can edit on DAG:nba_data_pipeline
[2024-10-29T01:58:28.928+0000] {logging_mixin.py:190} INFO - [2024-10-29T01:58:28.928+0000] {override.py:1900} INFO - Created Permission View: can delete on DAG:nba_data_pipeline
[2024-10-29T01:58:28.934+0000] {logging_mixin.py:190} INFO - [2024-10-29T01:58:28.934+0000] {override.py:1900} INFO - Created Permission View: can read on DAG Run:nba_data_pipeline
[2024-10-29T01:58:28.940+0000] {logging_mixin.py:190} INFO - [2024-10-29T01:58:28.940+0000] {override.py:1900} INFO - Created Permission View: can create on DAG Run:nba_data_pipeline
[2024-10-29T01:58:28.946+0000] {logging_mixin.py:190} INFO - [2024-10-29T01:58:28.946+0000] {override.py:1900} INFO - Created Permission View: menu access on DAG Run:nba_data_pipeline
[2024-10-29T01:58:28.953+0000] {logging_mixin.py:190} INFO - [2024-10-29T01:58:28.953+0000] {override.py:1900} INFO - Created Permission View: can delete on DAG Run:nba_data_pipeline
[2024-10-29T01:58:28.954+0000] {logging_mixin.py:190} INFO - [2024-10-29T01:58:28.954+0000] {dag.py:3229} INFO - Sync 1 DAGs
[2024-10-29T01:58:28.970+0000] {logging_mixin.py:190} INFO - [2024-10-29T01:58:28.970+0000] {dag.py:3252} INFO - Creating ORM DAG for nba_data_pipeline
[2024-10-29T01:58:28.983+0000] {logging_mixin.py:190} INFO - [2024-10-29T01:58:28.983+0000] {dag.py:4156} INFO - Setting next_dagrun for nba_data_pipeline to 2024-10-28 00:00:00+00:00, run_after=2024-10-29 00:00:00+00:00
[2024-10-29T01:58:29.011+0000] {processor.py:208} INFO - Processing /opt/airflow/dags/nba_data_pipeline.py took 0.365 seconds
[2024-10-29T01:58:59.375+0000] {processor.py:186} INFO - Started process (PID=198) to work on /opt/airflow/dags/nba_data_pipeline.py
[2024-10-29T01:58:59.376+0000] {processor.py:914} INFO - Processing file /opt/airflow/dags/nba_data_pipeline.py for tasks to queue
[2024-10-29T01:58:59.379+0000] {logging_mixin.py:190} INFO - [2024-10-29T01:58:59.378+0000] {dagbag.py:587} INFO - Filling up the DagBag from /opt/airflow/dags/nba_data_pipeline.py
[2024-10-29T01:58:59.395+0000] {processor.py:925} INFO - DAG(s) 'nba_data_pipeline' retrieved from /opt/airflow/dags/nba_data_pipeline.py
[2024-10-29T01:58:59.433+0000] {logging_mixin.py:190} INFO - [2024-10-29T01:58:59.433+0000] {dag.py:3229} INFO - Sync 1 DAGs
[2024-10-29T01:58:59.467+0000] {logging_mixin.py:190} INFO - [2024-10-29T01:58:59.467+0000] {dag.py:4156} INFO - Setting next_dagrun for nba_data_pipeline to 2024-10-29 00:00:00+00:00, run_after=2024-10-30 00:00:00+00:00
[2024-10-29T01:58:59.493+0000] {processor.py:208} INFO - Processing /opt/airflow/dags/nba_data_pipeline.py took 0.132 seconds
[2024-10-29T01:59:29.605+0000] {processor.py:186} INFO - Started process (PID=203) to work on /opt/airflow/dags/nba_data_pipeline.py
[2024-10-29T01:59:29.606+0000] {processor.py:914} INFO - Processing file /opt/airflow/dags/nba_data_pipeline.py for tasks to queue
[2024-10-29T01:59:29.610+0000] {logging_mixin.py:190} INFO - [2024-10-29T01:59:29.610+0000] {dagbag.py:587} INFO - Filling up the DagBag from /opt/airflow/dags/nba_data_pipeline.py
[2024-10-29T01:59:29.623+0000] {processor.py:925} INFO - DAG(s) 'nba_data_pipeline' retrieved from /opt/airflow/dags/nba_data_pipeline.py
[2024-10-29T01:59:29.661+0000] {logging_mixin.py:190} INFO - [2024-10-29T01:59:29.661+0000] {dag.py:3229} INFO - Sync 1 DAGs
[2024-10-29T01:59:29.695+0000] {logging_mixin.py:190} INFO - [2024-10-29T01:59:29.694+0000] {dag.py:4156} INFO - Setting next_dagrun for nba_data_pipeline to 2024-10-29 00:00:00+00:00, run_after=2024-10-30 00:00:00+00:00
[2024-10-29T01:59:29.719+0000] {processor.py:208} INFO - Processing /opt/airflow/dags/nba_data_pipeline.py took 0.124 seconds
[2024-10-29T01:59:59.961+0000] {processor.py:186} INFO - Started process (PID=208) to work on /opt/airflow/dags/nba_data_pipeline.py
[2024-10-29T01:59:59.962+0000] {processor.py:914} INFO - Processing file /opt/airflow/dags/nba_data_pipeline.py for tasks to queue
[2024-10-29T01:59:59.965+0000] {logging_mixin.py:190} INFO - [2024-10-29T01:59:59.965+0000] {dagbag.py:587} INFO - Filling up the DagBag from /opt/airflow/dags/nba_data_pipeline.py
[2024-10-29T01:59:59.978+0000] {processor.py:925} INFO - DAG(s) 'nba_data_pipeline' retrieved from /opt/airflow/dags/nba_data_pipeline.py
[2024-10-29T02:00:00.014+0000] {logging_mixin.py:190} INFO - [2024-10-29T02:00:00.014+0000] {dag.py:3229} INFO - Sync 1 DAGs
[2024-10-29T02:00:00.048+0000] {logging_mixin.py:190} INFO - [2024-10-29T02:00:00.048+0000] {dag.py:4156} INFO - Setting next_dagrun for nba_data_pipeline to 2024-10-29 00:00:00+00:00, run_after=2024-10-30 00:00:00+00:00
[2024-10-29T02:00:00.073+0000] {processor.py:208} INFO - Processing /opt/airflow/dags/nba_data_pipeline.py took 0.123 seconds
[2024-10-29T02:00:30.213+0000] {processor.py:186} INFO - Started process (PID=213) to work on /opt/airflow/dags/nba_data_pipeline.py
[2024-10-29T02:00:30.214+0000] {processor.py:914} INFO - Processing file /opt/airflow/dags/nba_data_pipeline.py for tasks to queue
[2024-10-29T02:00:30.220+0000] {logging_mixin.py:190} INFO - [2024-10-29T02:00:30.219+0000] {dagbag.py:587} INFO - Filling up the DagBag from /opt/airflow/dags/nba_data_pipeline.py
[2024-10-29T02:00:30.256+0000] {processor.py:925} INFO - DAG(s) 'nba_data_pipeline' retrieved from /opt/airflow/dags/nba_data_pipeline.py
[2024-10-29T02:00:30.304+0000] {logging_mixin.py:190} INFO - [2024-10-29T02:00:30.303+0000] {dag.py:3229} INFO - Sync 1 DAGs
[2024-10-29T02:00:30.339+0000] {logging_mixin.py:190} INFO - [2024-10-29T02:00:30.339+0000] {dag.py:4156} INFO - Setting next_dagrun for nba_data_pipeline to 2024-10-29 00:00:00+00:00, run_after=2024-10-30 00:00:00+00:00
[2024-10-29T02:00:30.368+0000] {processor.py:208} INFO - Processing /opt/airflow/dags/nba_data_pipeline.py took 0.172 seconds
[2024-10-29T02:01:00.542+0000] {processor.py:186} INFO - Started process (PID=218) to work on /opt/airflow/dags/nba_data_pipeline.py
[2024-10-29T02:01:00.543+0000] {processor.py:914} INFO - Processing file /opt/airflow/dags/nba_data_pipeline.py for tasks to queue
[2024-10-29T02:01:00.547+0000] {logging_mixin.py:190} INFO - [2024-10-29T02:01:00.547+0000] {dagbag.py:587} INFO - Filling up the DagBag from /opt/airflow/dags/nba_data_pipeline.py
[2024-10-29T02:01:00.560+0000] {processor.py:925} INFO - DAG(s) 'nba_data_pipeline' retrieved from /opt/airflow/dags/nba_data_pipeline.py
[2024-10-29T02:01:00.598+0000] {logging_mixin.py:190} INFO - [2024-10-29T02:01:00.598+0000] {dag.py:3229} INFO - Sync 1 DAGs
[2024-10-29T02:01:00.629+0000] {logging_mixin.py:190} INFO - [2024-10-29T02:01:00.629+0000] {dag.py:4156} INFO - Setting next_dagrun for nba_data_pipeline to 2024-10-29 00:00:00+00:00, run_after=2024-10-30 00:00:00+00:00
[2024-10-29T02:01:00.654+0000] {processor.py:208} INFO - Processing /opt/airflow/dags/nba_data_pipeline.py took 0.122 seconds
[2024-10-29T02:01:30.835+0000] {processor.py:186} INFO - Started process (PID=223) to work on /opt/airflow/dags/nba_data_pipeline.py
[2024-10-29T02:01:30.836+0000] {processor.py:914} INFO - Processing file /opt/airflow/dags/nba_data_pipeline.py for tasks to queue
[2024-10-29T02:01:30.840+0000] {logging_mixin.py:190} INFO - [2024-10-29T02:01:30.840+0000] {dagbag.py:587} INFO - Filling up the DagBag from /opt/airflow/dags/nba_data_pipeline.py
[2024-10-29T02:01:30.853+0000] {processor.py:925} INFO - DAG(s) 'nba_data_pipeline' retrieved from /opt/airflow/dags/nba_data_pipeline.py
[2024-10-29T02:01:30.891+0000] {logging_mixin.py:190} INFO - [2024-10-29T02:01:30.891+0000] {dag.py:3229} INFO - Sync 1 DAGs
[2024-10-29T02:01:30.923+0000] {logging_mixin.py:190} INFO - [2024-10-29T02:01:30.922+0000] {dag.py:4156} INFO - Setting next_dagrun for nba_data_pipeline to 2024-10-29 00:00:00+00:00, run_after=2024-10-30 00:00:00+00:00
[2024-10-29T02:01:30.945+0000] {processor.py:208} INFO - Processing /opt/airflow/dags/nba_data_pipeline.py took 0.121 seconds
[2024-10-29T02:02:01.225+0000] {processor.py:186} INFO - Started process (PID=228) to work on /opt/airflow/dags/nba_data_pipeline.py
[2024-10-29T02:02:01.226+0000] {processor.py:914} INFO - Processing file /opt/airflow/dags/nba_data_pipeline.py for tasks to queue
[2024-10-29T02:02:01.229+0000] {logging_mixin.py:190} INFO - [2024-10-29T02:02:01.228+0000] {dagbag.py:587} INFO - Filling up the DagBag from /opt/airflow/dags/nba_data_pipeline.py
[2024-10-29T02:02:01.242+0000] {processor.py:925} INFO - DAG(s) 'nba_data_pipeline' retrieved from /opt/airflow/dags/nba_data_pipeline.py
[2024-10-29T02:02:01.282+0000] {logging_mixin.py:190} INFO - [2024-10-29T02:02:01.281+0000] {dag.py:3229} INFO - Sync 1 DAGs
[2024-10-29T02:02:01.317+0000] {logging_mixin.py:190} INFO - [2024-10-29T02:02:01.317+0000] {dag.py:4156} INFO - Setting next_dagrun for nba_data_pipeline to 2024-10-29 00:00:00+00:00, run_after=2024-10-30 00:00:00+00:00
[2024-10-29T02:02:01.343+0000] {processor.py:208} INFO - Processing /opt/airflow/dags/nba_data_pipeline.py took 0.130 seconds
[2024-10-29T02:06:18.068+0000] {processor.py:186} INFO - Started process (PID=190) to work on /opt/airflow/dags/nba_data_pipeline.py
[2024-10-29T02:06:18.070+0000] {processor.py:914} INFO - Processing file /opt/airflow/dags/nba_data_pipeline.py for tasks to queue
[2024-10-29T02:06:18.075+0000] {logging_mixin.py:190} INFO - [2024-10-29T02:06:18.074+0000] {dagbag.py:587} INFO - Filling up the DagBag from /opt/airflow/dags/nba_data_pipeline.py
[2024-10-29T02:06:18.096+0000] {processor.py:925} INFO - DAG(s) 'nba_data_pipeline' retrieved from /opt/airflow/dags/nba_data_pipeline.py
[2024-10-29T02:06:18.350+0000] {logging_mixin.py:190} INFO - [2024-10-29T02:06:18.349+0000] {override.py:1900} INFO - Created Permission View: can edit on DAG:nba_data_pipeline
[2024-10-29T02:06:18.365+0000] {logging_mixin.py:190} INFO - [2024-10-29T02:06:18.365+0000] {override.py:1900} INFO - Created Permission View: can read on DAG:nba_data_pipeline
[2024-10-29T02:06:18.371+0000] {logging_mixin.py:190} INFO - [2024-10-29T02:06:18.371+0000] {override.py:1900} INFO - Created Permission View: can delete on DAG:nba_data_pipeline
[2024-10-29T02:06:18.377+0000] {logging_mixin.py:190} INFO - [2024-10-29T02:06:18.377+0000] {override.py:1900} INFO - Created Permission View: menu access on DAG Run:nba_data_pipeline
[2024-10-29T02:06:18.382+0000] {logging_mixin.py:190} INFO - [2024-10-29T02:06:18.382+0000] {override.py:1900} INFO - Created Permission View: can read on DAG Run:nba_data_pipeline
[2024-10-29T02:06:18.388+0000] {logging_mixin.py:190} INFO - [2024-10-29T02:06:18.387+0000] {override.py:1900} INFO - Created Permission View: can create on DAG Run:nba_data_pipeline
[2024-10-29T02:06:18.394+0000] {logging_mixin.py:190} INFO - [2024-10-29T02:06:18.393+0000] {override.py:1900} INFO - Created Permission View: can delete on DAG Run:nba_data_pipeline
[2024-10-29T02:06:18.394+0000] {logging_mixin.py:190} INFO - [2024-10-29T02:06:18.394+0000] {dag.py:3229} INFO - Sync 1 DAGs
[2024-10-29T02:06:18.408+0000] {logging_mixin.py:190} INFO - [2024-10-29T02:06:18.407+0000] {dag.py:3252} INFO - Creating ORM DAG for nba_data_pipeline
[2024-10-29T02:06:18.418+0000] {logging_mixin.py:190} INFO - [2024-10-29T02:06:18.418+0000] {dag.py:4156} INFO - Setting next_dagrun for nba_data_pipeline to 2024-10-28 00:00:00+00:00, run_after=2024-10-29 00:00:00+00:00
[2024-10-29T02:06:18.438+0000] {processor.py:208} INFO - Processing /opt/airflow/dags/nba_data_pipeline.py took 0.379 seconds
[2024-10-29T02:06:48.672+0000] {processor.py:186} INFO - Started process (PID=198) to work on /opt/airflow/dags/nba_data_pipeline.py
[2024-10-29T02:06:48.675+0000] {processor.py:914} INFO - Processing file /opt/airflow/dags/nba_data_pipeline.py for tasks to queue
[2024-10-29T02:06:48.681+0000] {logging_mixin.py:190} INFO - [2024-10-29T02:06:48.679+0000] {dagbag.py:587} INFO - Filling up the DagBag from /opt/airflow/dags/nba_data_pipeline.py
[2024-10-29T02:06:48.708+0000] {processor.py:925} INFO - DAG(s) 'nba_data_pipeline' retrieved from /opt/airflow/dags/nba_data_pipeline.py
[2024-10-29T02:06:48.830+0000] {logging_mixin.py:190} INFO - [2024-10-29T02:06:48.829+0000] {dag.py:3229} INFO - Sync 1 DAGs
[2024-10-29T02:06:48.882+0000] {logging_mixin.py:190} INFO - [2024-10-29T02:06:48.882+0000] {dag.py:4156} INFO - Setting next_dagrun for nba_data_pipeline to 2024-10-29 00:00:00+00:00, run_after=2024-10-30 00:00:00+00:00
[2024-10-29T02:06:48.908+0000] {processor.py:208} INFO - Processing /opt/airflow/dags/nba_data_pipeline.py took 0.257 seconds
[2024-10-29T02:07:19.155+0000] {processor.py:186} INFO - Started process (PID=203) to work on /opt/airflow/dags/nba_data_pipeline.py
[2024-10-29T02:07:19.156+0000] {processor.py:914} INFO - Processing file /opt/airflow/dags/nba_data_pipeline.py for tasks to queue
[2024-10-29T02:07:19.160+0000] {logging_mixin.py:190} INFO - [2024-10-29T02:07:19.159+0000] {dagbag.py:587} INFO - Filling up the DagBag from /opt/airflow/dags/nba_data_pipeline.py
[2024-10-29T02:07:19.172+0000] {processor.py:925} INFO - DAG(s) 'nba_data_pipeline' retrieved from /opt/airflow/dags/nba_data_pipeline.py
[2024-10-29T02:07:19.210+0000] {logging_mixin.py:190} INFO - [2024-10-29T02:07:19.210+0000] {dag.py:3229} INFO - Sync 1 DAGs
[2024-10-29T02:07:19.245+0000] {logging_mixin.py:190} INFO - [2024-10-29T02:07:19.245+0000] {dag.py:4156} INFO - Setting next_dagrun for nba_data_pipeline to 2024-10-29 00:00:00+00:00, run_after=2024-10-30 00:00:00+00:00
[2024-10-29T02:07:19.272+0000] {processor.py:208} INFO - Processing /opt/airflow/dags/nba_data_pipeline.py took 0.126 seconds
[2024-10-29T02:07:49.378+0000] {processor.py:186} INFO - Started process (PID=208) to work on /opt/airflow/dags/nba_data_pipeline.py
[2024-10-29T02:07:49.379+0000] {processor.py:914} INFO - Processing file /opt/airflow/dags/nba_data_pipeline.py for tasks to queue
[2024-10-29T02:07:49.382+0000] {logging_mixin.py:190} INFO - [2024-10-29T02:07:49.381+0000] {dagbag.py:587} INFO - Filling up the DagBag from /opt/airflow/dags/nba_data_pipeline.py
[2024-10-29T02:07:49.393+0000] {processor.py:925} INFO - DAG(s) 'nba_data_pipeline' retrieved from /opt/airflow/dags/nba_data_pipeline.py
[2024-10-29T02:07:49.424+0000] {logging_mixin.py:190} INFO - [2024-10-29T02:07:49.424+0000] {dag.py:3229} INFO - Sync 1 DAGs
[2024-10-29T02:07:49.454+0000] {logging_mixin.py:190} INFO - [2024-10-29T02:07:49.454+0000] {dag.py:4156} INFO - Setting next_dagrun for nba_data_pipeline to 2024-10-29 00:00:00+00:00, run_after=2024-10-30 00:00:00+00:00
[2024-10-29T02:07:49.476+0000] {processor.py:208} INFO - Processing /opt/airflow/dags/nba_data_pipeline.py took 0.106 seconds
[2024-10-29T02:08:19.606+0000] {processor.py:186} INFO - Started process (PID=213) to work on /opt/airflow/dags/nba_data_pipeline.py
[2024-10-29T02:08:19.607+0000] {processor.py:914} INFO - Processing file /opt/airflow/dags/nba_data_pipeline.py for tasks to queue
[2024-10-29T02:08:19.611+0000] {logging_mixin.py:190} INFO - [2024-10-29T02:08:19.610+0000] {dagbag.py:587} INFO - Filling up the DagBag from /opt/airflow/dags/nba_data_pipeline.py
[2024-10-29T02:08:19.624+0000] {processor.py:925} INFO - DAG(s) 'nba_data_pipeline' retrieved from /opt/airflow/dags/nba_data_pipeline.py
[2024-10-29T02:08:19.664+0000] {logging_mixin.py:190} INFO - [2024-10-29T02:08:19.664+0000] {dag.py:3229} INFO - Sync 1 DAGs
[2024-10-29T02:08:19.700+0000] {logging_mixin.py:190} INFO - [2024-10-29T02:08:19.700+0000] {dag.py:4156} INFO - Setting next_dagrun for nba_data_pipeline to 2024-10-29 00:00:00+00:00, run_after=2024-10-30 00:00:00+00:00
[2024-10-29T02:08:19.724+0000] {processor.py:208} INFO - Processing /opt/airflow/dags/nba_data_pipeline.py took 0.128 seconds
[2024-10-29T02:08:49.934+0000] {processor.py:186} INFO - Started process (PID=218) to work on /opt/airflow/dags/nba_data_pipeline.py
[2024-10-29T02:08:49.935+0000] {processor.py:914} INFO - Processing file /opt/airflow/dags/nba_data_pipeline.py for tasks to queue
[2024-10-29T02:08:49.939+0000] {logging_mixin.py:190} INFO - [2024-10-29T02:08:49.939+0000] {dagbag.py:587} INFO - Filling up the DagBag from /opt/airflow/dags/nba_data_pipeline.py
[2024-10-29T02:08:49.952+0000] {processor.py:925} INFO - DAG(s) 'nba_data_pipeline' retrieved from /opt/airflow/dags/nba_data_pipeline.py
[2024-10-29T02:08:49.990+0000] {logging_mixin.py:190} INFO - [2024-10-29T02:08:49.990+0000] {dag.py:3229} INFO - Sync 1 DAGs
[2024-10-29T02:08:50.025+0000] {logging_mixin.py:190} INFO - [2024-10-29T02:08:50.024+0000] {dag.py:4156} INFO - Setting next_dagrun for nba_data_pipeline to 2024-10-29 00:00:00+00:00, run_after=2024-10-30 00:00:00+00:00
[2024-10-29T02:08:50.048+0000] {processor.py:208} INFO - Processing /opt/airflow/dags/nba_data_pipeline.py took 0.123 seconds
[2024-10-29T02:09:20.320+0000] {processor.py:186} INFO - Started process (PID=223) to work on /opt/airflow/dags/nba_data_pipeline.py
[2024-10-29T02:09:20.321+0000] {processor.py:914} INFO - Processing file /opt/airflow/dags/nba_data_pipeline.py for tasks to queue
[2024-10-29T02:09:20.325+0000] {logging_mixin.py:190} INFO - [2024-10-29T02:09:20.324+0000] {dagbag.py:587} INFO - Filling up the DagBag from /opt/airflow/dags/nba_data_pipeline.py
[2024-10-29T02:09:20.337+0000] {processor.py:925} INFO - DAG(s) 'nba_data_pipeline' retrieved from /opt/airflow/dags/nba_data_pipeline.py
[2024-10-29T02:09:20.376+0000] {logging_mixin.py:190} INFO - [2024-10-29T02:09:20.375+0000] {dag.py:3229} INFO - Sync 1 DAGs
[2024-10-29T02:09:20.412+0000] {logging_mixin.py:190} INFO - [2024-10-29T02:09:20.411+0000] {dag.py:4156} INFO - Setting next_dagrun for nba_data_pipeline to 2024-10-29 00:00:00+00:00, run_after=2024-10-30 00:00:00+00:00
[2024-10-29T02:09:20.435+0000] {processor.py:208} INFO - Processing /opt/airflow/dags/nba_data_pipeline.py took 0.125 seconds
[2024-10-29T02:09:50.791+0000] {processor.py:186} INFO - Started process (PID=228) to work on /opt/airflow/dags/nba_data_pipeline.py
[2024-10-29T02:09:50.793+0000] {processor.py:914} INFO - Processing file /opt/airflow/dags/nba_data_pipeline.py for tasks to queue
[2024-10-29T02:09:50.799+0000] {logging_mixin.py:190} INFO - [2024-10-29T02:09:50.799+0000] {dagbag.py:587} INFO - Filling up the DagBag from /opt/airflow/dags/nba_data_pipeline.py
[2024-10-29T02:09:50.821+0000] {processor.py:925} INFO - DAG(s) 'nba_data_pipeline' retrieved from /opt/airflow/dags/nba_data_pipeline.py
[2024-10-29T02:09:50.899+0000] {logging_mixin.py:190} INFO - [2024-10-29T02:09:50.898+0000] {dag.py:3229} INFO - Sync 1 DAGs
[2024-10-29T02:09:50.935+0000] {logging_mixin.py:190} INFO - [2024-10-29T02:09:50.935+0000] {dag.py:4156} INFO - Setting next_dagrun for nba_data_pipeline to 2024-10-29 00:00:00+00:00, run_after=2024-10-30 00:00:00+00:00
[2024-10-29T02:09:50.963+0000] {processor.py:208} INFO - Processing /opt/airflow/dags/nba_data_pipeline.py took 0.183 seconds
[2024-10-29T02:10:17.040+0000] {processor.py:186} INFO - Started process (PID=233) to work on /opt/airflow/dags/nba_data_pipeline.py
[2024-10-29T02:10:17.041+0000] {processor.py:914} INFO - Processing file /opt/airflow/dags/nba_data_pipeline.py for tasks to queue
[2024-10-29T02:10:17.045+0000] {logging_mixin.py:190} INFO - [2024-10-29T02:10:17.044+0000] {dagbag.py:587} INFO - Filling up the DagBag from /opt/airflow/dags/nba_data_pipeline.py
[2024-10-29T02:10:17.060+0000] {processor.py:925} INFO - DAG(s) 'nba_data_pipeline' retrieved from /opt/airflow/dags/nba_data_pipeline.py
[2024-10-29T02:10:17.092+0000] {logging_mixin.py:190} INFO - [2024-10-29T02:10:17.092+0000] {dag.py:3229} INFO - Sync 1 DAGs
[2024-10-29T02:10:17.118+0000] {logging_mixin.py:190} INFO - [2024-10-29T02:10:17.118+0000] {dag.py:4156} INFO - Setting next_dagrun for nba_data_pipeline to 2024-10-29 00:00:00+00:00, run_after=2024-10-30 00:00:00+00:00
[2024-10-29T02:10:17.285+0000] {processor.py:208} INFO - Processing /opt/airflow/dags/nba_data_pipeline.py took 0.253 seconds
[2024-10-29T02:10:47.407+0000] {processor.py:186} INFO - Started process (PID=238) to work on /opt/airflow/dags/nba_data_pipeline.py
[2024-10-29T02:10:47.408+0000] {processor.py:914} INFO - Processing file /opt/airflow/dags/nba_data_pipeline.py for tasks to queue
[2024-10-29T02:10:47.412+0000] {logging_mixin.py:190} INFO - [2024-10-29T02:10:47.411+0000] {dagbag.py:587} INFO - Filling up the DagBag from /opt/airflow/dags/nba_data_pipeline.py
[2024-10-29T02:10:47.426+0000] {processor.py:925} INFO - DAG(s) 'nba_data_pipeline' retrieved from /opt/airflow/dags/nba_data_pipeline.py
[2024-10-29T02:10:47.462+0000] {logging_mixin.py:190} INFO - [2024-10-29T02:10:47.462+0000] {dag.py:3229} INFO - Sync 1 DAGs
[2024-10-29T02:10:47.656+0000] {logging_mixin.py:190} INFO - [2024-10-29T02:10:47.655+0000] {dag.py:4156} INFO - Setting next_dagrun for nba_data_pipeline to 2024-10-29 00:00:00+00:00, run_after=2024-10-30 00:00:00+00:00
[2024-10-29T02:10:47.679+0000] {processor.py:208} INFO - Processing /opt/airflow/dags/nba_data_pipeline.py took 0.282 seconds
[2024-10-29T02:13:40.913+0000] {processor.py:186} INFO - Started process (PID=189) to work on /opt/airflow/dags/nba_data_pipeline.py
[2024-10-29T02:13:40.914+0000] {processor.py:914} INFO - Processing file /opt/airflow/dags/nba_data_pipeline.py for tasks to queue
[2024-10-29T02:13:40.917+0000] {logging_mixin.py:190} INFO - [2024-10-29T02:13:40.917+0000] {dagbag.py:587} INFO - Filling up the DagBag from /opt/airflow/dags/nba_data_pipeline.py
[2024-10-29T02:13:40.933+0000] {processor.py:925} INFO - DAG(s) 'nba_data_pipeline' retrieved from /opt/airflow/dags/nba_data_pipeline.py
[2024-10-29T02:13:41.165+0000] {logging_mixin.py:190} INFO - [2024-10-29T02:13:41.165+0000] {override.py:1900} INFO - Created Permission View: can delete on DAG:nba_data_pipeline
[2024-10-29T02:13:41.174+0000] {logging_mixin.py:190} INFO - [2024-10-29T02:13:41.174+0000] {override.py:1900} INFO - Created Permission View: can read on DAG:nba_data_pipeline
[2024-10-29T02:13:41.180+0000] {logging_mixin.py:190} INFO - [2024-10-29T02:13:41.180+0000] {override.py:1900} INFO - Created Permission View: can edit on DAG:nba_data_pipeline
[2024-10-29T02:13:41.187+0000] {logging_mixin.py:190} INFO - [2024-10-29T02:13:41.186+0000] {override.py:1900} INFO - Created Permission View: can create on DAG Run:nba_data_pipeline
[2024-10-29T02:13:41.192+0000] {logging_mixin.py:190} INFO - [2024-10-29T02:13:41.192+0000] {override.py:1900} INFO - Created Permission View: can delete on DAG Run:nba_data_pipeline
[2024-10-29T02:13:41.197+0000] {logging_mixin.py:190} INFO - [2024-10-29T02:13:41.197+0000] {override.py:1900} INFO - Created Permission View: menu access on DAG Run:nba_data_pipeline
[2024-10-29T02:13:41.203+0000] {logging_mixin.py:190} INFO - [2024-10-29T02:13:41.203+0000] {override.py:1900} INFO - Created Permission View: can read on DAG Run:nba_data_pipeline
[2024-10-29T02:13:41.203+0000] {logging_mixin.py:190} INFO - [2024-10-29T02:13:41.203+0000] {dag.py:3229} INFO - Sync 1 DAGs
[2024-10-29T02:13:41.216+0000] {logging_mixin.py:190} INFO - [2024-10-29T02:13:41.216+0000] {dag.py:3252} INFO - Creating ORM DAG for nba_data_pipeline
[2024-10-29T02:13:41.226+0000] {logging_mixin.py:190} INFO - [2024-10-29T02:13:41.226+0000] {dag.py:4156} INFO - Setting next_dagrun for nba_data_pipeline to 2024-10-28 00:00:00+00:00, run_after=2024-10-29 00:00:00+00:00
[2024-10-29T02:13:41.246+0000] {processor.py:208} INFO - Processing /opt/airflow/dags/nba_data_pipeline.py took 0.339 seconds
[2024-10-29T02:14:11.459+0000] {processor.py:186} INFO - Started process (PID=197) to work on /opt/airflow/dags/nba_data_pipeline.py
[2024-10-29T02:14:11.460+0000] {processor.py:914} INFO - Processing file /opt/airflow/dags/nba_data_pipeline.py for tasks to queue
[2024-10-29T02:14:11.463+0000] {logging_mixin.py:190} INFO - [2024-10-29T02:14:11.463+0000] {dagbag.py:587} INFO - Filling up the DagBag from /opt/airflow/dags/nba_data_pipeline.py
[2024-10-29T02:14:11.476+0000] {processor.py:925} INFO - DAG(s) 'nba_data_pipeline' retrieved from /opt/airflow/dags/nba_data_pipeline.py
[2024-10-29T02:14:11.514+0000] {logging_mixin.py:190} INFO - [2024-10-29T02:14:11.514+0000] {dag.py:3229} INFO - Sync 1 DAGs
[2024-10-29T02:14:11.552+0000] {logging_mixin.py:190} INFO - [2024-10-29T02:14:11.551+0000] {dag.py:4156} INFO - Setting next_dagrun for nba_data_pipeline to 2024-10-29 00:00:00+00:00, run_after=2024-10-30 00:00:00+00:00
[2024-10-29T02:14:11.573+0000] {processor.py:208} INFO - Processing /opt/airflow/dags/nba_data_pipeline.py took 0.123 seconds
[2024-10-29T02:14:41.687+0000] {processor.py:186} INFO - Started process (PID=202) to work on /opt/airflow/dags/nba_data_pipeline.py
[2024-10-29T02:14:41.688+0000] {processor.py:914} INFO - Processing file /opt/airflow/dags/nba_data_pipeline.py for tasks to queue
[2024-10-29T02:14:41.691+0000] {logging_mixin.py:190} INFO - [2024-10-29T02:14:41.691+0000] {dagbag.py:587} INFO - Filling up the DagBag from /opt/airflow/dags/nba_data_pipeline.py
[2024-10-29T02:14:41.705+0000] {processor.py:925} INFO - DAG(s) 'nba_data_pipeline' retrieved from /opt/airflow/dags/nba_data_pipeline.py
[2024-10-29T02:14:41.746+0000] {logging_mixin.py:190} INFO - [2024-10-29T02:14:41.746+0000] {dag.py:3229} INFO - Sync 1 DAGs
[2024-10-29T02:14:41.793+0000] {logging_mixin.py:190} INFO - [2024-10-29T02:14:41.793+0000] {dag.py:4156} INFO - Setting next_dagrun for nba_data_pipeline to 2024-10-29 00:00:00+00:00, run_after=2024-10-30 00:00:00+00:00
[2024-10-29T02:14:41.823+0000] {processor.py:208} INFO - Processing /opt/airflow/dags/nba_data_pipeline.py took 0.144 seconds
[2024-10-29T02:15:12.059+0000] {processor.py:186} INFO - Started process (PID=207) to work on /opt/airflow/dags/nba_data_pipeline.py
[2024-10-29T02:15:12.060+0000] {processor.py:914} INFO - Processing file /opt/airflow/dags/nba_data_pipeline.py for tasks to queue
[2024-10-29T02:15:12.063+0000] {logging_mixin.py:190} INFO - [2024-10-29T02:15:12.062+0000] {dagbag.py:587} INFO - Filling up the DagBag from /opt/airflow/dags/nba_data_pipeline.py
[2024-10-29T02:15:12.077+0000] {processor.py:925} INFO - DAG(s) 'nba_data_pipeline' retrieved from /opt/airflow/dags/nba_data_pipeline.py
[2024-10-29T02:15:12.122+0000] {logging_mixin.py:190} INFO - [2024-10-29T02:15:12.121+0000] {dag.py:3229} INFO - Sync 1 DAGs
[2024-10-29T02:15:12.159+0000] {logging_mixin.py:190} INFO - [2024-10-29T02:15:12.159+0000] {dag.py:4156} INFO - Setting next_dagrun for nba_data_pipeline to 2024-10-29 00:00:00+00:00, run_after=2024-10-30 00:00:00+00:00
[2024-10-29T02:15:12.184+0000] {processor.py:208} INFO - Processing /opt/airflow/dags/nba_data_pipeline.py took 0.133 seconds
[2024-10-29T02:21:29.074+0000] {processor.py:186} INFO - Started process (PID=190) to work on /opt/airflow/dags/nba_data_pipeline.py
[2024-10-29T02:21:29.075+0000] {processor.py:914} INFO - Processing file /opt/airflow/dags/nba_data_pipeline.py for tasks to queue
[2024-10-29T02:21:29.077+0000] {logging_mixin.py:190} INFO - [2024-10-29T02:21:29.077+0000] {dagbag.py:587} INFO - Filling up the DagBag from /opt/airflow/dags/nba_data_pipeline.py
[2024-10-29T02:21:29.097+0000] {processor.py:925} INFO - DAG(s) 'nba_data_pipeline' retrieved from /opt/airflow/dags/nba_data_pipeline.py
[2024-10-29T02:21:29.387+0000] {logging_mixin.py:190} INFO - [2024-10-29T02:21:29.386+0000] {override.py:1900} INFO - Created Permission View: can edit on DAG:nba_data_pipeline
[2024-10-29T02:21:29.401+0000] {logging_mixin.py:190} INFO - [2024-10-29T02:21:29.401+0000] {override.py:1900} INFO - Created Permission View: can delete on DAG:nba_data_pipeline
[2024-10-29T02:21:29.410+0000] {logging_mixin.py:190} INFO - [2024-10-29T02:21:29.409+0000] {override.py:1900} INFO - Created Permission View: can read on DAG:nba_data_pipeline
[2024-10-29T02:21:29.419+0000] {logging_mixin.py:190} INFO - [2024-10-29T02:21:29.419+0000] {override.py:1900} INFO - Created Permission View: can delete on DAG Run:nba_data_pipeline
[2024-10-29T02:21:29.428+0000] {logging_mixin.py:190} INFO - [2024-10-29T02:21:29.427+0000] {override.py:1900} INFO - Created Permission View: menu access on DAG Run:nba_data_pipeline
[2024-10-29T02:21:29.437+0000] {logging_mixin.py:190} INFO - [2024-10-29T02:21:29.437+0000] {override.py:1900} INFO - Created Permission View: can create on DAG Run:nba_data_pipeline
[2024-10-29T02:21:29.446+0000] {logging_mixin.py:190} INFO - [2024-10-29T02:21:29.445+0000] {override.py:1900} INFO - Created Permission View: can read on DAG Run:nba_data_pipeline
[2024-10-29T02:21:29.447+0000] {logging_mixin.py:190} INFO - [2024-10-29T02:21:29.446+0000] {dag.py:3229} INFO - Sync 1 DAGs
[2024-10-29T02:21:29.466+0000] {logging_mixin.py:190} INFO - [2024-10-29T02:21:29.465+0000] {dag.py:3252} INFO - Creating ORM DAG for nba_data_pipeline
[2024-10-29T02:21:29.479+0000] {logging_mixin.py:190} INFO - [2024-10-29T02:21:29.479+0000] {dag.py:4156} INFO - Setting next_dagrun for nba_data_pipeline to 2024-10-28 00:00:00+00:00, run_after=2024-10-29 00:00:00+00:00
[2024-10-29T02:21:29.506+0000] {processor.py:208} INFO - Processing /opt/airflow/dags/nba_data_pipeline.py took 0.440 seconds
[2024-10-29T02:21:59.742+0000] {processor.py:186} INFO - Started process (PID=195) to work on /opt/airflow/dags/nba_data_pipeline.py
[2024-10-29T02:21:59.743+0000] {processor.py:914} INFO - Processing file /opt/airflow/dags/nba_data_pipeline.py for tasks to queue
[2024-10-29T02:21:59.747+0000] {logging_mixin.py:190} INFO - [2024-10-29T02:21:59.746+0000] {dagbag.py:587} INFO - Filling up the DagBag from /opt/airflow/dags/nba_data_pipeline.py
[2024-10-29T02:21:59.761+0000] {processor.py:925} INFO - DAG(s) 'nba_data_pipeline' retrieved from /opt/airflow/dags/nba_data_pipeline.py
[2024-10-29T02:21:59.798+0000] {logging_mixin.py:190} INFO - [2024-10-29T02:21:59.798+0000] {dag.py:3229} INFO - Sync 1 DAGs
[2024-10-29T02:21:59.833+0000] {logging_mixin.py:190} INFO - [2024-10-29T02:21:59.833+0000] {dag.py:4156} INFO - Setting next_dagrun for nba_data_pipeline to 2024-10-28 00:00:00+00:00, run_after=2024-10-29 00:00:00+00:00
[2024-10-29T02:21:59.858+0000] {processor.py:208} INFO - Processing /opt/airflow/dags/nba_data_pipeline.py took 0.124 seconds
[2024-10-29T02:22:30.107+0000] {processor.py:186} INFO - Started process (PID=203) to work on /opt/airflow/dags/nba_data_pipeline.py
[2024-10-29T02:22:30.108+0000] {processor.py:914} INFO - Processing file /opt/airflow/dags/nba_data_pipeline.py for tasks to queue
[2024-10-29T02:22:30.111+0000] {logging_mixin.py:190} INFO - [2024-10-29T02:22:30.110+0000] {dagbag.py:587} INFO - Filling up the DagBag from /opt/airflow/dags/nba_data_pipeline.py
[2024-10-29T02:22:30.124+0000] {processor.py:925} INFO - DAG(s) 'nba_data_pipeline' retrieved from /opt/airflow/dags/nba_data_pipeline.py
[2024-10-29T02:22:30.159+0000] {logging_mixin.py:190} INFO - [2024-10-29T02:22:30.158+0000] {dag.py:3229} INFO - Sync 1 DAGs
[2024-10-29T02:22:30.189+0000] {logging_mixin.py:190} INFO - [2024-10-29T02:22:30.189+0000] {dag.py:4156} INFO - Setting next_dagrun for nba_data_pipeline to 2024-10-29 00:00:00+00:00, run_after=2024-10-30 00:00:00+00:00
[2024-10-29T02:22:30.212+0000] {processor.py:208} INFO - Processing /opt/airflow/dags/nba_data_pipeline.py took 0.113 seconds
[2024-10-29T02:23:00.354+0000] {processor.py:186} INFO - Started process (PID=208) to work on /opt/airflow/dags/nba_data_pipeline.py
[2024-10-29T02:23:00.355+0000] {processor.py:914} INFO - Processing file /opt/airflow/dags/nba_data_pipeline.py for tasks to queue
[2024-10-29T02:23:00.358+0000] {logging_mixin.py:190} INFO - [2024-10-29T02:23:00.358+0000] {dagbag.py:587} INFO - Filling up the DagBag from /opt/airflow/dags/nba_data_pipeline.py
[2024-10-29T02:23:00.371+0000] {processor.py:925} INFO - DAG(s) 'nba_data_pipeline' retrieved from /opt/airflow/dags/nba_data_pipeline.py
[2024-10-29T02:23:00.407+0000] {logging_mixin.py:190} INFO - [2024-10-29T02:23:00.407+0000] {dag.py:3229} INFO - Sync 1 DAGs
[2024-10-29T02:23:00.444+0000] {logging_mixin.py:190} INFO - [2024-10-29T02:23:00.444+0000] {dag.py:4156} INFO - Setting next_dagrun for nba_data_pipeline to 2024-10-29 00:00:00+00:00, run_after=2024-10-30 00:00:00+00:00
[2024-10-29T02:23:00.466+0000] {processor.py:208} INFO - Processing /opt/airflow/dags/nba_data_pipeline.py took 0.122 seconds
[2024-10-29T02:23:30.686+0000] {processor.py:186} INFO - Started process (PID=213) to work on /opt/airflow/dags/nba_data_pipeline.py
[2024-10-29T02:23:30.687+0000] {processor.py:914} INFO - Processing file /opt/airflow/dags/nba_data_pipeline.py for tasks to queue
[2024-10-29T02:23:30.690+0000] {logging_mixin.py:190} INFO - [2024-10-29T02:23:30.690+0000] {dagbag.py:587} INFO - Filling up the DagBag from /opt/airflow/dags/nba_data_pipeline.py
[2024-10-29T02:23:30.704+0000] {processor.py:925} INFO - DAG(s) 'nba_data_pipeline' retrieved from /opt/airflow/dags/nba_data_pipeline.py
[2024-10-29T02:23:30.738+0000] {logging_mixin.py:190} INFO - [2024-10-29T02:23:30.738+0000] {dag.py:3229} INFO - Sync 1 DAGs
[2024-10-29T02:23:30.768+0000] {logging_mixin.py:190} INFO - [2024-10-29T02:23:30.768+0000] {dag.py:4156} INFO - Setting next_dagrun for nba_data_pipeline to 2024-10-29 00:00:00+00:00, run_after=2024-10-30 00:00:00+00:00
[2024-10-29T02:23:30.790+0000] {processor.py:208} INFO - Processing /opt/airflow/dags/nba_data_pipeline.py took 0.113 seconds
[2024-10-29T02:25:33.189+0000] {processor.py:186} INFO - Started process (PID=190) to work on /opt/airflow/dags/nba_data_pipeline.py
[2024-10-29T02:25:33.191+0000] {processor.py:914} INFO - Processing file /opt/airflow/dags/nba_data_pipeline.py for tasks to queue
[2024-10-29T02:25:33.194+0000] {logging_mixin.py:190} INFO - [2024-10-29T02:25:33.194+0000] {dagbag.py:587} INFO - Filling up the DagBag from /opt/airflow/dags/nba_data_pipeline.py
[2024-10-29T02:25:33.211+0000] {processor.py:925} INFO - DAG(s) 'nba_data_pipeline' retrieved from /opt/airflow/dags/nba_data_pipeline.py
[2024-10-29T02:25:33.473+0000] {logging_mixin.py:190} INFO - [2024-10-29T02:25:33.472+0000] {override.py:1900} INFO - Created Permission View: can read on DAG:nba_data_pipeline
[2024-10-29T02:25:33.484+0000] {logging_mixin.py:190} INFO - [2024-10-29T02:25:33.484+0000] {override.py:1900} INFO - Created Permission View: can edit on DAG:nba_data_pipeline
[2024-10-29T02:25:33.491+0000] {logging_mixin.py:190} INFO - [2024-10-29T02:25:33.491+0000] {override.py:1900} INFO - Created Permission View: can delete on DAG:nba_data_pipeline
[2024-10-29T02:25:33.499+0000] {logging_mixin.py:190} INFO - [2024-10-29T02:25:33.498+0000] {override.py:1900} INFO - Created Permission View: can read on DAG Run:nba_data_pipeline
[2024-10-29T02:25:33.505+0000] {logging_mixin.py:190} INFO - [2024-10-29T02:25:33.504+0000] {override.py:1900} INFO - Created Permission View: menu access on DAG Run:nba_data_pipeline
[2024-10-29T02:25:33.511+0000] {logging_mixin.py:190} INFO - [2024-10-29T02:25:33.511+0000] {override.py:1900} INFO - Created Permission View: can delete on DAG Run:nba_data_pipeline
[2024-10-29T02:25:33.518+0000] {logging_mixin.py:190} INFO - [2024-10-29T02:25:33.518+0000] {override.py:1900} INFO - Created Permission View: can create on DAG Run:nba_data_pipeline
[2024-10-29T02:25:33.519+0000] {logging_mixin.py:190} INFO - [2024-10-29T02:25:33.518+0000] {dag.py:3229} INFO - Sync 1 DAGs
[2024-10-29T02:25:33.534+0000] {logging_mixin.py:190} INFO - [2024-10-29T02:25:33.533+0000] {dag.py:3252} INFO - Creating ORM DAG for nba_data_pipeline
[2024-10-29T02:25:33.546+0000] {logging_mixin.py:190} INFO - [2024-10-29T02:25:33.545+0000] {dag.py:4156} INFO - Setting next_dagrun for nba_data_pipeline to 2024-10-28 00:00:00+00:00, run_after=2024-10-29 00:00:00+00:00
[2024-10-29T02:25:33.575+0000] {processor.py:208} INFO - Processing /opt/airflow/dags/nba_data_pipeline.py took 0.394 seconds
[2024-10-29T02:26:03.987+0000] {processor.py:186} INFO - Started process (PID=195) to work on /opt/airflow/dags/nba_data_pipeline.py
[2024-10-29T02:26:03.988+0000] {processor.py:914} INFO - Processing file /opt/airflow/dags/nba_data_pipeline.py for tasks to queue
[2024-10-29T02:26:03.991+0000] {logging_mixin.py:190} INFO - [2024-10-29T02:26:03.991+0000] {dagbag.py:587} INFO - Filling up the DagBag from /opt/airflow/dags/nba_data_pipeline.py
[2024-10-29T02:26:04.004+0000] {processor.py:925} INFO - DAG(s) 'nba_data_pipeline' retrieved from /opt/airflow/dags/nba_data_pipeline.py
[2024-10-29T02:26:04.043+0000] {logging_mixin.py:190} INFO - [2024-10-29T02:26:04.042+0000] {dag.py:3229} INFO - Sync 1 DAGs
[2024-10-29T02:26:04.081+0000] {logging_mixin.py:190} INFO - [2024-10-29T02:26:04.081+0000] {dag.py:4156} INFO - Setting next_dagrun for nba_data_pipeline to 2024-10-28 00:00:00+00:00, run_after=2024-10-29 00:00:00+00:00
[2024-10-29T02:26:04.108+0000] {processor.py:208} INFO - Processing /opt/airflow/dags/nba_data_pipeline.py took 0.129 seconds
[2024-10-29T02:26:34.200+0000] {processor.py:186} INFO - Started process (PID=200) to work on /opt/airflow/dags/nba_data_pipeline.py
[2024-10-29T02:26:34.201+0000] {processor.py:914} INFO - Processing file /opt/airflow/dags/nba_data_pipeline.py for tasks to queue
[2024-10-29T02:26:34.204+0000] {logging_mixin.py:190} INFO - [2024-10-29T02:26:34.204+0000] {dagbag.py:587} INFO - Filling up the DagBag from /opt/airflow/dags/nba_data_pipeline.py
[2024-10-29T02:26:34.215+0000] {processor.py:925} INFO - DAG(s) 'nba_data_pipeline' retrieved from /opt/airflow/dags/nba_data_pipeline.py
[2024-10-29T02:26:34.248+0000] {logging_mixin.py:190} INFO - [2024-10-29T02:26:34.248+0000] {dag.py:3229} INFO - Sync 1 DAGs
[2024-10-29T02:26:34.277+0000] {logging_mixin.py:190} INFO - [2024-10-29T02:26:34.276+0000] {dag.py:4156} INFO - Setting next_dagrun for nba_data_pipeline to 2024-10-28 00:00:00+00:00, run_after=2024-10-29 00:00:00+00:00
[2024-10-29T02:26:34.300+0000] {processor.py:208} INFO - Processing /opt/airflow/dags/nba_data_pipeline.py took 0.106 seconds
[2024-10-29T02:30:01.053+0000] {processor.py:186} INFO - Started process (PID=190) to work on /opt/airflow/dags/nba_data_pipeline.py
[2024-10-29T02:30:01.054+0000] {processor.py:914} INFO - Processing file /opt/airflow/dags/nba_data_pipeline.py for tasks to queue
[2024-10-29T02:30:01.056+0000] {logging_mixin.py:190} INFO - [2024-10-29T02:30:01.056+0000] {dagbag.py:587} INFO - Filling up the DagBag from /opt/airflow/dags/nba_data_pipeline.py
[2024-10-29T02:30:01.078+0000] {processor.py:925} INFO - DAG(s) 'nba_data_pipeline' retrieved from /opt/airflow/dags/nba_data_pipeline.py
[2024-10-29T02:30:01.316+0000] {logging_mixin.py:190} INFO - [2024-10-29T02:30:01.315+0000] {override.py:1900} INFO - Created Permission View: can read on DAG:nba_data_pipeline
[2024-10-29T02:30:01.326+0000] {logging_mixin.py:190} INFO - [2024-10-29T02:30:01.326+0000] {override.py:1900} INFO - Created Permission View: can edit on DAG:nba_data_pipeline
[2024-10-29T02:30:01.332+0000] {logging_mixin.py:190} INFO - [2024-10-29T02:30:01.332+0000] {override.py:1900} INFO - Created Permission View: can delete on DAG:nba_data_pipeline
[2024-10-29T02:30:01.340+0000] {logging_mixin.py:190} INFO - [2024-10-29T02:30:01.340+0000] {override.py:1900} INFO - Created Permission View: can read on DAG Run:nba_data_pipeline
[2024-10-29T02:30:01.346+0000] {logging_mixin.py:190} INFO - [2024-10-29T02:30:01.346+0000] {override.py:1900} INFO - Created Permission View: menu access on DAG Run:nba_data_pipeline
[2024-10-29T02:30:01.352+0000] {logging_mixin.py:190} INFO - [2024-10-29T02:30:01.352+0000] {override.py:1900} INFO - Created Permission View: can create on DAG Run:nba_data_pipeline
[2024-10-29T02:30:01.358+0000] {logging_mixin.py:190} INFO - [2024-10-29T02:30:01.358+0000] {override.py:1900} INFO - Created Permission View: can delete on DAG Run:nba_data_pipeline
[2024-10-29T02:30:01.359+0000] {logging_mixin.py:190} INFO - [2024-10-29T02:30:01.359+0000] {dag.py:3229} INFO - Sync 1 DAGs
[2024-10-29T02:30:01.374+0000] {logging_mixin.py:190} INFO - [2024-10-29T02:30:01.373+0000] {dag.py:3252} INFO - Creating ORM DAG for nba_data_pipeline
[2024-10-29T02:30:01.385+0000] {logging_mixin.py:190} INFO - [2024-10-29T02:30:01.384+0000] {dag.py:4156} INFO - Setting next_dagrun for nba_data_pipeline to 2024-10-28 00:00:00+00:00, run_after=2024-10-29 00:00:00+00:00
[2024-10-29T02:30:01.408+0000] {processor.py:208} INFO - Processing /opt/airflow/dags/nba_data_pipeline.py took 0.362 seconds
[2024-10-29T02:30:31.637+0000] {processor.py:186} INFO - Started process (PID=195) to work on /opt/airflow/dags/nba_data_pipeline.py
[2024-10-29T02:30:31.639+0000] {processor.py:914} INFO - Processing file /opt/airflow/dags/nba_data_pipeline.py for tasks to queue
[2024-10-29T02:30:31.642+0000] {logging_mixin.py:190} INFO - [2024-10-29T02:30:31.641+0000] {dagbag.py:587} INFO - Filling up the DagBag from /opt/airflow/dags/nba_data_pipeline.py
[2024-10-29T02:30:31.656+0000] {processor.py:925} INFO - DAG(s) 'nba_data_pipeline' retrieved from /opt/airflow/dags/nba_data_pipeline.py
[2024-10-29T02:30:31.693+0000] {logging_mixin.py:190} INFO - [2024-10-29T02:30:31.693+0000] {dag.py:3229} INFO - Sync 1 DAGs
[2024-10-29T02:30:31.724+0000] {logging_mixin.py:190} INFO - [2024-10-29T02:30:31.723+0000] {dag.py:4156} INFO - Setting next_dagrun for nba_data_pipeline to 2024-10-28 00:00:00+00:00, run_after=2024-10-29 00:00:00+00:00
[2024-10-29T02:30:31.745+0000] {processor.py:208} INFO - Processing /opt/airflow/dags/nba_data_pipeline.py took 0.119 seconds
[2024-10-29T02:31:01.859+0000] {processor.py:186} INFO - Started process (PID=200) to work on /opt/airflow/dags/nba_data_pipeline.py
[2024-10-29T02:31:01.860+0000] {processor.py:914} INFO - Processing file /opt/airflow/dags/nba_data_pipeline.py for tasks to queue
[2024-10-29T02:31:01.863+0000] {logging_mixin.py:190} INFO - [2024-10-29T02:31:01.862+0000] {dagbag.py:587} INFO - Filling up the DagBag from /opt/airflow/dags/nba_data_pipeline.py
[2024-10-29T02:31:01.875+0000] {processor.py:925} INFO - DAG(s) 'nba_data_pipeline' retrieved from /opt/airflow/dags/nba_data_pipeline.py
[2024-10-29T02:31:01.907+0000] {logging_mixin.py:190} INFO - [2024-10-29T02:31:01.907+0000] {dag.py:3229} INFO - Sync 1 DAGs
[2024-10-29T02:31:01.935+0000] {logging_mixin.py:190} INFO - [2024-10-29T02:31:01.935+0000] {dag.py:4156} INFO - Setting next_dagrun for nba_data_pipeline to 2024-10-28 00:00:00+00:00, run_after=2024-10-29 00:00:00+00:00
[2024-10-29T02:31:01.956+0000] {processor.py:208} INFO - Processing /opt/airflow/dags/nba_data_pipeline.py took 0.107 seconds
[2024-10-29T02:31:32.209+0000] {processor.py:186} INFO - Started process (PID=205) to work on /opt/airflow/dags/nba_data_pipeline.py
[2024-10-29T02:31:32.210+0000] {processor.py:914} INFO - Processing file /opt/airflow/dags/nba_data_pipeline.py for tasks to queue
[2024-10-29T02:31:32.213+0000] {logging_mixin.py:190} INFO - [2024-10-29T02:31:32.213+0000] {dagbag.py:587} INFO - Filling up the DagBag from /opt/airflow/dags/nba_data_pipeline.py
[2024-10-29T02:31:32.225+0000] {processor.py:925} INFO - DAG(s) 'nba_data_pipeline' retrieved from /opt/airflow/dags/nba_data_pipeline.py
[2024-10-29T02:31:32.257+0000] {logging_mixin.py:190} INFO - [2024-10-29T02:31:32.257+0000] {dag.py:3229} INFO - Sync 1 DAGs
[2024-10-29T02:31:32.287+0000] {logging_mixin.py:190} INFO - [2024-10-29T02:31:32.286+0000] {dag.py:4156} INFO - Setting next_dagrun for nba_data_pipeline to 2024-10-28 00:00:00+00:00, run_after=2024-10-29 00:00:00+00:00
[2024-10-29T02:31:32.308+0000] {processor.py:208} INFO - Processing /opt/airflow/dags/nba_data_pipeline.py took 0.108 seconds
[2024-10-29T02:32:02.604+0000] {processor.py:186} INFO - Started process (PID=210) to work on /opt/airflow/dags/nba_data_pipeline.py
[2024-10-29T02:32:02.605+0000] {processor.py:914} INFO - Processing file /opt/airflow/dags/nba_data_pipeline.py for tasks to queue
[2024-10-29T02:32:02.610+0000] {logging_mixin.py:190} INFO - [2024-10-29T02:32:02.609+0000] {dagbag.py:587} INFO - Filling up the DagBag from /opt/airflow/dags/nba_data_pipeline.py
[2024-10-29T02:32:02.625+0000] {processor.py:925} INFO - DAG(s) 'nba_data_pipeline' retrieved from /opt/airflow/dags/nba_data_pipeline.py
[2024-10-29T02:32:02.664+0000] {logging_mixin.py:190} INFO - [2024-10-29T02:32:02.664+0000] {dag.py:3229} INFO - Sync 1 DAGs
[2024-10-29T02:32:02.694+0000] {logging_mixin.py:190} INFO - [2024-10-29T02:32:02.694+0000] {dag.py:4156} INFO - Setting next_dagrun for nba_data_pipeline to 2024-10-28 00:00:00+00:00, run_after=2024-10-29 00:00:00+00:00
[2024-10-29T02:32:02.715+0000] {processor.py:208} INFO - Processing /opt/airflow/dags/nba_data_pipeline.py took 0.132 seconds
[2024-10-29T02:32:32.866+0000] {processor.py:186} INFO - Started process (PID=218) to work on /opt/airflow/dags/nba_data_pipeline.py
[2024-10-29T02:32:32.867+0000] {processor.py:914} INFO - Processing file /opt/airflow/dags/nba_data_pipeline.py for tasks to queue
[2024-10-29T02:32:32.870+0000] {logging_mixin.py:190} INFO - [2024-10-29T02:32:32.870+0000] {dagbag.py:587} INFO - Filling up the DagBag from /opt/airflow/dags/nba_data_pipeline.py
[2024-10-29T02:32:32.883+0000] {processor.py:925} INFO - DAG(s) 'nba_data_pipeline' retrieved from /opt/airflow/dags/nba_data_pipeline.py
[2024-10-29T02:32:32.916+0000] {logging_mixin.py:190} INFO - [2024-10-29T02:32:32.916+0000] {dag.py:3229} INFO - Sync 1 DAGs
[2024-10-29T02:32:32.945+0000] {logging_mixin.py:190} INFO - [2024-10-29T02:32:32.945+0000] {dag.py:4156} INFO - Setting next_dagrun for nba_data_pipeline to 2024-10-29 00:00:00+00:00, run_after=2024-10-30 00:00:00+00:00
[2024-10-29T02:32:32.965+0000] {processor.py:208} INFO - Processing /opt/airflow/dags/nba_data_pipeline.py took 0.109 seconds
[2024-10-29T02:33:03.120+0000] {processor.py:186} INFO - Started process (PID=223) to work on /opt/airflow/dags/nba_data_pipeline.py
[2024-10-29T02:33:03.121+0000] {processor.py:914} INFO - Processing file /opt/airflow/dags/nba_data_pipeline.py for tasks to queue
[2024-10-29T02:33:03.124+0000] {logging_mixin.py:190} INFO - [2024-10-29T02:33:03.124+0000] {dagbag.py:587} INFO - Filling up the DagBag from /opt/airflow/dags/nba_data_pipeline.py
[2024-10-29T02:33:03.137+0000] {processor.py:925} INFO - DAG(s) 'nba_data_pipeline' retrieved from /opt/airflow/dags/nba_data_pipeline.py
[2024-10-29T02:33:03.173+0000] {logging_mixin.py:190} INFO - [2024-10-29T02:33:03.173+0000] {dag.py:3229} INFO - Sync 1 DAGs
[2024-10-29T02:33:03.206+0000] {logging_mixin.py:190} INFO - [2024-10-29T02:33:03.206+0000] {dag.py:4156} INFO - Setting next_dagrun for nba_data_pipeline to 2024-10-29 00:00:00+00:00, run_after=2024-10-30 00:00:00+00:00
[2024-10-29T02:33:03.225+0000] {processor.py:208} INFO - Processing /opt/airflow/dags/nba_data_pipeline.py took 0.115 seconds
[2024-10-29T02:33:33.440+0000] {processor.py:186} INFO - Started process (PID=228) to work on /opt/airflow/dags/nba_data_pipeline.py
[2024-10-29T02:33:33.441+0000] {processor.py:914} INFO - Processing file /opt/airflow/dags/nba_data_pipeline.py for tasks to queue
[2024-10-29T02:33:33.444+0000] {logging_mixin.py:190} INFO - [2024-10-29T02:33:33.444+0000] {dagbag.py:587} INFO - Filling up the DagBag from /opt/airflow/dags/nba_data_pipeline.py
[2024-10-29T02:33:33.458+0000] {processor.py:925} INFO - DAG(s) 'nba_data_pipeline' retrieved from /opt/airflow/dags/nba_data_pipeline.py
[2024-10-29T02:33:33.493+0000] {logging_mixin.py:190} INFO - [2024-10-29T02:33:33.493+0000] {dag.py:3229} INFO - Sync 1 DAGs
[2024-10-29T02:33:33.525+0000] {logging_mixin.py:190} INFO - [2024-10-29T02:33:33.524+0000] {dag.py:4156} INFO - Setting next_dagrun for nba_data_pipeline to 2024-10-29 00:00:00+00:00, run_after=2024-10-30 00:00:00+00:00
[2024-10-29T02:33:33.546+0000] {processor.py:208} INFO - Processing /opt/airflow/dags/nba_data_pipeline.py took 0.115 seconds
[2024-10-29T02:34:03.703+0000] {processor.py:186} INFO - Started process (PID=233) to work on /opt/airflow/dags/nba_data_pipeline.py
[2024-10-29T02:34:03.704+0000] {processor.py:914} INFO - Processing file /opt/airflow/dags/nba_data_pipeline.py for tasks to queue
[2024-10-29T02:34:03.707+0000] {logging_mixin.py:190} INFO - [2024-10-29T02:34:03.707+0000] {dagbag.py:587} INFO - Filling up the DagBag from /opt/airflow/dags/nba_data_pipeline.py
[2024-10-29T02:34:03.720+0000] {processor.py:925} INFO - DAG(s) 'nba_data_pipeline' retrieved from /opt/airflow/dags/nba_data_pipeline.py
[2024-10-29T02:34:03.756+0000] {logging_mixin.py:190} INFO - [2024-10-29T02:34:03.756+0000] {dag.py:3229} INFO - Sync 1 DAGs
[2024-10-29T02:34:03.788+0000] {logging_mixin.py:190} INFO - [2024-10-29T02:34:03.788+0000] {dag.py:4156} INFO - Setting next_dagrun for nba_data_pipeline to 2024-10-29 00:00:00+00:00, run_after=2024-10-30 00:00:00+00:00
[2024-10-29T02:34:03.961+0000] {processor.py:208} INFO - Processing /opt/airflow/dags/nba_data_pipeline.py took 0.269 seconds
[2024-10-29T02:34:34.007+0000] {processor.py:186} INFO - Started process (PID=238) to work on /opt/airflow/dags/nba_data_pipeline.py
[2024-10-29T02:34:34.008+0000] {processor.py:914} INFO - Processing file /opt/airflow/dags/nba_data_pipeline.py for tasks to queue
[2024-10-29T02:34:34.010+0000] {logging_mixin.py:190} INFO - [2024-10-29T02:34:34.010+0000] {dagbag.py:587} INFO - Filling up the DagBag from /opt/airflow/dags/nba_data_pipeline.py
[2024-10-29T02:34:34.020+0000] {processor.py:925} INFO - DAG(s) 'nba_data_pipeline' retrieved from /opt/airflow/dags/nba_data_pipeline.py
[2024-10-29T02:34:34.048+0000] {logging_mixin.py:190} INFO - [2024-10-29T02:34:34.048+0000] {dag.py:3229} INFO - Sync 1 DAGs
[2024-10-29T02:34:34.226+0000] {logging_mixin.py:190} INFO - [2024-10-29T02:34:34.226+0000] {dag.py:4156} INFO - Setting next_dagrun for nba_data_pipeline to 2024-10-29 00:00:00+00:00, run_after=2024-10-30 00:00:00+00:00
[2024-10-29T02:34:34.249+0000] {processor.py:208} INFO - Processing /opt/airflow/dags/nba_data_pipeline.py took 0.250 seconds
[2024-10-29T02:35:04.444+0000] {processor.py:186} INFO - Started process (PID=243) to work on /opt/airflow/dags/nba_data_pipeline.py
[2024-10-29T02:35:04.445+0000] {processor.py:914} INFO - Processing file /opt/airflow/dags/nba_data_pipeline.py for tasks to queue
[2024-10-29T02:35:04.449+0000] {logging_mixin.py:190} INFO - [2024-10-29T02:35:04.449+0000] {dagbag.py:587} INFO - Filling up the DagBag from /opt/airflow/dags/nba_data_pipeline.py
[2024-10-29T02:35:04.462+0000] {processor.py:925} INFO - DAG(s) 'nba_data_pipeline' retrieved from /opt/airflow/dags/nba_data_pipeline.py
[2024-10-29T02:35:04.497+0000] {logging_mixin.py:190} INFO - [2024-10-29T02:35:04.497+0000] {dag.py:3229} INFO - Sync 1 DAGs
[2024-10-29T02:35:04.682+0000] {logging_mixin.py:190} INFO - [2024-10-29T02:35:04.681+0000] {dag.py:4156} INFO - Setting next_dagrun for nba_data_pipeline to 2024-10-29 00:00:00+00:00, run_after=2024-10-30 00:00:00+00:00
[2024-10-29T02:35:04.703+0000] {processor.py:208} INFO - Processing /opt/airflow/dags/nba_data_pipeline.py took 0.268 seconds
[2024-10-29T02:35:34.963+0000] {processor.py:186} INFO - Started process (PID=248) to work on /opt/airflow/dags/nba_data_pipeline.py
[2024-10-29T02:35:34.965+0000] {processor.py:914} INFO - Processing file /opt/airflow/dags/nba_data_pipeline.py for tasks to queue
[2024-10-29T02:35:34.968+0000] {logging_mixin.py:190} INFO - [2024-10-29T02:35:34.968+0000] {dagbag.py:587} INFO - Filling up the DagBag from /opt/airflow/dags/nba_data_pipeline.py
[2024-10-29T02:35:34.981+0000] {processor.py:925} INFO - DAG(s) 'nba_data_pipeline' retrieved from /opt/airflow/dags/nba_data_pipeline.py
[2024-10-29T02:35:35.174+0000] {logging_mixin.py:190} INFO - [2024-10-29T02:35:35.174+0000] {dag.py:3229} INFO - Sync 1 DAGs
[2024-10-29T02:35:35.203+0000] {logging_mixin.py:190} INFO - [2024-10-29T02:35:35.202+0000] {dag.py:4156} INFO - Setting next_dagrun for nba_data_pipeline to 2024-10-29 00:00:00+00:00, run_after=2024-10-30 00:00:00+00:00
[2024-10-29T02:35:35.227+0000] {processor.py:208} INFO - Processing /opt/airflow/dags/nba_data_pipeline.py took 0.274 seconds
[2024-10-29T02:36:05.566+0000] {processor.py:186} INFO - Started process (PID=253) to work on /opt/airflow/dags/nba_data_pipeline.py
[2024-10-29T02:36:05.567+0000] {processor.py:914} INFO - Processing file /opt/airflow/dags/nba_data_pipeline.py for tasks to queue
[2024-10-29T02:36:05.571+0000] {logging_mixin.py:190} INFO - [2024-10-29T02:36:05.570+0000] {dagbag.py:587} INFO - Filling up the DagBag from /opt/airflow/dags/nba_data_pipeline.py
[2024-10-29T02:36:05.584+0000] {processor.py:925} INFO - DAG(s) 'nba_data_pipeline' retrieved from /opt/airflow/dags/nba_data_pipeline.py
[2024-10-29T02:36:05.621+0000] {logging_mixin.py:190} INFO - [2024-10-29T02:36:05.621+0000] {dag.py:3229} INFO - Sync 1 DAGs
[2024-10-29T02:36:05.651+0000] {logging_mixin.py:190} INFO - [2024-10-29T02:36:05.651+0000] {dag.py:4156} INFO - Setting next_dagrun for nba_data_pipeline to 2024-10-29 00:00:00+00:00, run_after=2024-10-30 00:00:00+00:00
[2024-10-29T02:36:05.675+0000] {processor.py:208} INFO - Processing /opt/airflow/dags/nba_data_pipeline.py took 0.119 seconds
[2024-10-29T02:36:35.775+0000] {processor.py:186} INFO - Started process (PID=261) to work on /opt/airflow/dags/nba_data_pipeline.py
[2024-10-29T02:36:35.776+0000] {processor.py:914} INFO - Processing file /opt/airflow/dags/nba_data_pipeline.py for tasks to queue
[2024-10-29T02:36:35.779+0000] {logging_mixin.py:190} INFO - [2024-10-29T02:36:35.779+0000] {dagbag.py:587} INFO - Filling up the DagBag from /opt/airflow/dags/nba_data_pipeline.py
[2024-10-29T02:36:35.792+0000] {processor.py:925} INFO - DAG(s) 'nba_data_pipeline' retrieved from /opt/airflow/dags/nba_data_pipeline.py
[2024-10-29T02:36:35.828+0000] {logging_mixin.py:190} INFO - [2024-10-29T02:36:35.828+0000] {dag.py:3229} INFO - Sync 1 DAGs
[2024-10-29T02:36:35.861+0000] {logging_mixin.py:190} INFO - [2024-10-29T02:36:35.860+0000] {dag.py:4156} INFO - Setting next_dagrun for nba_data_pipeline to 2024-10-29 00:00:00+00:00, run_after=2024-10-30 00:00:00+00:00
[2024-10-29T02:36:35.887+0000] {processor.py:208} INFO - Processing /opt/airflow/dags/nba_data_pipeline.py took 0.122 seconds
[2024-10-29T02:37:06.133+0000] {processor.py:186} INFO - Started process (PID=266) to work on /opt/airflow/dags/nba_data_pipeline.py
[2024-10-29T02:37:06.134+0000] {processor.py:914} INFO - Processing file /opt/airflow/dags/nba_data_pipeline.py for tasks to queue
[2024-10-29T02:37:06.138+0000] {logging_mixin.py:190} INFO - [2024-10-29T02:37:06.138+0000] {dagbag.py:587} INFO - Filling up the DagBag from /opt/airflow/dags/nba_data_pipeline.py
[2024-10-29T02:37:06.151+0000] {processor.py:925} INFO - DAG(s) 'nba_data_pipeline' retrieved from /opt/airflow/dags/nba_data_pipeline.py
[2024-10-29T02:37:06.190+0000] {logging_mixin.py:190} INFO - [2024-10-29T02:37:06.190+0000] {dag.py:3229} INFO - Sync 1 DAGs
[2024-10-29T02:37:06.397+0000] {logging_mixin.py:190} INFO - [2024-10-29T02:37:06.397+0000] {dag.py:4156} INFO - Setting next_dagrun for nba_data_pipeline to 2024-10-29 00:00:00+00:00, run_after=2024-10-30 00:00:00+00:00
[2024-10-29T02:37:06.423+0000] {processor.py:208} INFO - Processing /opt/airflow/dags/nba_data_pipeline.py took 0.299 seconds
[2024-10-29T02:37:36.498+0000] {processor.py:186} INFO - Started process (PID=274) to work on /opt/airflow/dags/nba_data_pipeline.py
[2024-10-29T02:37:36.499+0000] {processor.py:914} INFO - Processing file /opt/airflow/dags/nba_data_pipeline.py for tasks to queue
[2024-10-29T02:37:36.502+0000] {logging_mixin.py:190} INFO - [2024-10-29T02:37:36.502+0000] {dagbag.py:587} INFO - Filling up the DagBag from /opt/airflow/dags/nba_data_pipeline.py
[2024-10-29T02:37:36.515+0000] {processor.py:925} INFO - DAG(s) 'nba_data_pipeline' retrieved from /opt/airflow/dags/nba_data_pipeline.py
[2024-10-29T02:37:36.553+0000] {logging_mixin.py:190} INFO - [2024-10-29T02:37:36.552+0000] {dag.py:3229} INFO - Sync 1 DAGs
[2024-10-29T02:37:36.751+0000] {logging_mixin.py:190} INFO - [2024-10-29T02:37:36.751+0000] {dag.py:4156} INFO - Setting next_dagrun for nba_data_pipeline to 2024-10-29 00:00:00+00:00, run_after=2024-10-30 00:00:00+00:00
[2024-10-29T02:37:36.773+0000] {processor.py:208} INFO - Processing /opt/airflow/dags/nba_data_pipeline.py took 0.285 seconds
[2024-10-29T02:38:06.900+0000] {processor.py:186} INFO - Started process (PID=279) to work on /opt/airflow/dags/nba_data_pipeline.py
[2024-10-29T02:38:06.901+0000] {processor.py:914} INFO - Processing file /opt/airflow/dags/nba_data_pipeline.py for tasks to queue
[2024-10-29T02:38:06.904+0000] {logging_mixin.py:190} INFO - [2024-10-29T02:38:06.903+0000] {dagbag.py:587} INFO - Filling up the DagBag from /opt/airflow/dags/nba_data_pipeline.py
[2024-10-29T02:38:06.917+0000] {processor.py:925} INFO - DAG(s) 'nba_data_pipeline' retrieved from /opt/airflow/dags/nba_data_pipeline.py
[2024-10-29T02:38:07.116+0000] {logging_mixin.py:190} INFO - [2024-10-29T02:38:07.116+0000] {dag.py:3229} INFO - Sync 1 DAGs
[2024-10-29T02:38:07.147+0000] {logging_mixin.py:190} INFO - [2024-10-29T02:38:07.147+0000] {dag.py:4156} INFO - Setting next_dagrun for nba_data_pipeline to 2024-10-29 00:00:00+00:00, run_after=2024-10-30 00:00:00+00:00
[2024-10-29T02:38:07.169+0000] {processor.py:208} INFO - Processing /opt/airflow/dags/nba_data_pipeline.py took 0.280 seconds
[2024-10-29T02:38:37.433+0000] {processor.py:186} INFO - Started process (PID=284) to work on /opt/airflow/dags/nba_data_pipeline.py
[2024-10-29T02:38:37.434+0000] {processor.py:914} INFO - Processing file /opt/airflow/dags/nba_data_pipeline.py for tasks to queue
[2024-10-29T02:38:37.438+0000] {logging_mixin.py:190} INFO - [2024-10-29T02:38:37.438+0000] {dagbag.py:587} INFO - Filling up the DagBag from /opt/airflow/dags/nba_data_pipeline.py
[2024-10-29T02:38:37.455+0000] {processor.py:925} INFO - DAG(s) 'nba_data_pipeline' retrieved from /opt/airflow/dags/nba_data_pipeline.py
[2024-10-29T02:38:37.494+0000] {logging_mixin.py:190} INFO - [2024-10-29T02:38:37.493+0000] {dag.py:3229} INFO - Sync 1 DAGs
[2024-10-29T02:38:37.525+0000] {logging_mixin.py:190} INFO - [2024-10-29T02:38:37.525+0000] {dag.py:4156} INFO - Setting next_dagrun for nba_data_pipeline to 2024-10-29 00:00:00+00:00, run_after=2024-10-30 00:00:00+00:00
[2024-10-29T02:38:37.547+0000] {processor.py:208} INFO - Processing /opt/airflow/dags/nba_data_pipeline.py took 0.122 seconds
[2024-10-29T02:39:07.686+0000] {processor.py:186} INFO - Started process (PID=289) to work on /opt/airflow/dags/nba_data_pipeline.py
[2024-10-29T02:39:07.687+0000] {processor.py:914} INFO - Processing file /opt/airflow/dags/nba_data_pipeline.py for tasks to queue
[2024-10-29T02:39:07.690+0000] {logging_mixin.py:190} INFO - [2024-10-29T02:39:07.690+0000] {dagbag.py:587} INFO - Filling up the DagBag from /opt/airflow/dags/nba_data_pipeline.py
[2024-10-29T02:39:07.701+0000] {processor.py:925} INFO - DAG(s) 'nba_data_pipeline' retrieved from /opt/airflow/dags/nba_data_pipeline.py
[2024-10-29T02:39:07.734+0000] {logging_mixin.py:190} INFO - [2024-10-29T02:39:07.734+0000] {dag.py:3229} INFO - Sync 1 DAGs
[2024-10-29T02:39:07.763+0000] {logging_mixin.py:190} INFO - [2024-10-29T02:39:07.763+0000] {dag.py:4156} INFO - Setting next_dagrun for nba_data_pipeline to 2024-10-29 00:00:00+00:00, run_after=2024-10-30 00:00:00+00:00
[2024-10-29T02:39:07.785+0000] {processor.py:208} INFO - Processing /opt/airflow/dags/nba_data_pipeline.py took 0.108 seconds
[2024-10-29T02:39:38.015+0000] {processor.py:186} INFO - Started process (PID=294) to work on /opt/airflow/dags/nba_data_pipeline.py
[2024-10-29T02:39:38.016+0000] {processor.py:914} INFO - Processing file /opt/airflow/dags/nba_data_pipeline.py for tasks to queue
[2024-10-29T02:39:38.019+0000] {logging_mixin.py:190} INFO - [2024-10-29T02:39:38.019+0000] {dagbag.py:587} INFO - Filling up the DagBag from /opt/airflow/dags/nba_data_pipeline.py
[2024-10-29T02:39:38.032+0000] {processor.py:925} INFO - DAG(s) 'nba_data_pipeline' retrieved from /opt/airflow/dags/nba_data_pipeline.py
[2024-10-29T02:39:38.066+0000] {logging_mixin.py:190} INFO - [2024-10-29T02:39:38.066+0000] {dag.py:3229} INFO - Sync 1 DAGs
[2024-10-29T02:39:38.096+0000] {logging_mixin.py:190} INFO - [2024-10-29T02:39:38.096+0000] {dag.py:4156} INFO - Setting next_dagrun for nba_data_pipeline to 2024-10-29 00:00:00+00:00, run_after=2024-10-30 00:00:00+00:00
[2024-10-29T02:39:38.270+0000] {processor.py:208} INFO - Processing /opt/airflow/dags/nba_data_pipeline.py took 0.264 seconds
[2024-10-29T02:40:08.586+0000] {processor.py:186} INFO - Started process (PID=299) to work on /opt/airflow/dags/nba_data_pipeline.py
[2024-10-29T02:40:08.588+0000] {processor.py:914} INFO - Processing file /opt/airflow/dags/nba_data_pipeline.py for tasks to queue
[2024-10-29T02:40:08.591+0000] {logging_mixin.py:190} INFO - [2024-10-29T02:40:08.590+0000] {dagbag.py:587} INFO - Filling up the DagBag from /opt/airflow/dags/nba_data_pipeline.py
[2024-10-29T02:40:08.604+0000] {processor.py:925} INFO - DAG(s) 'nba_data_pipeline' retrieved from /opt/airflow/dags/nba_data_pipeline.py
[2024-10-29T02:40:08.641+0000] {logging_mixin.py:190} INFO - [2024-10-29T02:40:08.640+0000] {dag.py:3229} INFO - Sync 1 DAGs
[2024-10-29T02:40:08.842+0000] {logging_mixin.py:190} INFO - [2024-10-29T02:40:08.841+0000] {dag.py:4156} INFO - Setting next_dagrun for nba_data_pipeline to 2024-10-29 00:00:00+00:00, run_after=2024-10-30 00:00:00+00:00
[2024-10-29T02:40:08.866+0000] {processor.py:208} INFO - Processing /opt/airflow/dags/nba_data_pipeline.py took 0.290 seconds
[2024-10-29T02:40:39.132+0000] {processor.py:186} INFO - Started process (PID=304) to work on /opt/airflow/dags/nba_data_pipeline.py
[2024-10-29T02:40:39.133+0000] {processor.py:914} INFO - Processing file /opt/airflow/dags/nba_data_pipeline.py for tasks to queue
[2024-10-29T02:40:39.136+0000] {logging_mixin.py:190} INFO - [2024-10-29T02:40:39.136+0000] {dagbag.py:587} INFO - Filling up the DagBag from /opt/airflow/dags/nba_data_pipeline.py
[2024-10-29T02:40:39.150+0000] {processor.py:925} INFO - DAG(s) 'nba_data_pipeline' retrieved from /opt/airflow/dags/nba_data_pipeline.py
[2024-10-29T02:40:39.191+0000] {logging_mixin.py:190} INFO - [2024-10-29T02:40:39.190+0000] {dag.py:3229} INFO - Sync 1 DAGs
[2024-10-29T02:40:39.395+0000] {logging_mixin.py:190} INFO - [2024-10-29T02:40:39.394+0000] {dag.py:4156} INFO - Setting next_dagrun for nba_data_pipeline to 2024-10-29 00:00:00+00:00, run_after=2024-10-30 00:00:00+00:00
[2024-10-29T02:40:39.417+0000] {processor.py:208} INFO - Processing /opt/airflow/dags/nba_data_pipeline.py took 0.295 seconds
[2024-10-29T02:41:09.668+0000] {processor.py:186} INFO - Started process (PID=309) to work on /opt/airflow/dags/nba_data_pipeline.py
[2024-10-29T02:41:09.669+0000] {processor.py:914} INFO - Processing file /opt/airflow/dags/nba_data_pipeline.py for tasks to queue
[2024-10-29T02:41:09.672+0000] {logging_mixin.py:190} INFO - [2024-10-29T02:41:09.671+0000] {dagbag.py:587} INFO - Filling up the DagBag from /opt/airflow/dags/nba_data_pipeline.py
[2024-10-29T02:41:09.684+0000] {processor.py:925} INFO - DAG(s) 'nba_data_pipeline' retrieved from /opt/airflow/dags/nba_data_pipeline.py
[2024-10-29T02:41:09.877+0000] {logging_mixin.py:190} INFO - [2024-10-29T02:41:09.877+0000] {dag.py:3229} INFO - Sync 1 DAGs
[2024-10-29T02:41:09.906+0000] {logging_mixin.py:190} INFO - [2024-10-29T02:41:09.906+0000] {dag.py:4156} INFO - Setting next_dagrun for nba_data_pipeline to 2024-10-29 00:00:00+00:00, run_after=2024-10-30 00:00:00+00:00
[2024-10-29T02:41:09.928+0000] {processor.py:208} INFO - Processing /opt/airflow/dags/nba_data_pipeline.py took 0.269 seconds
[2024-10-29T02:41:40.175+0000] {processor.py:186} INFO - Started process (PID=317) to work on /opt/airflow/dags/nba_data_pipeline.py
[2024-10-29T02:41:40.176+0000] {processor.py:914} INFO - Processing file /opt/airflow/dags/nba_data_pipeline.py for tasks to queue
[2024-10-29T02:41:40.179+0000] {logging_mixin.py:190} INFO - [2024-10-29T02:41:40.179+0000] {dagbag.py:587} INFO - Filling up the DagBag from /opt/airflow/dags/nba_data_pipeline.py
[2024-10-29T02:41:40.195+0000] {processor.py:925} INFO - DAG(s) 'nba_data_pipeline' retrieved from /opt/airflow/dags/nba_data_pipeline.py
[2024-10-29T02:41:40.228+0000] {logging_mixin.py:190} INFO - [2024-10-29T02:41:40.227+0000] {dag.py:3229} INFO - Sync 1 DAGs
[2024-10-29T02:41:40.261+0000] {logging_mixin.py:190} INFO - [2024-10-29T02:41:40.261+0000] {dag.py:4156} INFO - Setting next_dagrun for nba_data_pipeline to 2024-10-29 00:00:00+00:00, run_after=2024-10-30 00:00:00+00:00
[2024-10-29T02:41:40.284+0000] {processor.py:208} INFO - Processing /opt/airflow/dags/nba_data_pipeline.py took 0.118 seconds
[2024-10-29T02:42:10.416+0000] {processor.py:186} INFO - Started process (PID=322) to work on /opt/airflow/dags/nba_data_pipeline.py
[2024-10-29T02:42:10.417+0000] {processor.py:914} INFO - Processing file /opt/airflow/dags/nba_data_pipeline.py for tasks to queue
[2024-10-29T02:42:10.421+0000] {logging_mixin.py:190} INFO - [2024-10-29T02:42:10.420+0000] {dagbag.py:587} INFO - Filling up the DagBag from /opt/airflow/dags/nba_data_pipeline.py
[2024-10-29T02:42:10.433+0000] {processor.py:925} INFO - DAG(s) 'nba_data_pipeline' retrieved from /opt/airflow/dags/nba_data_pipeline.py
[2024-10-29T02:42:10.472+0000] {logging_mixin.py:190} INFO - [2024-10-29T02:42:10.471+0000] {dag.py:3229} INFO - Sync 1 DAGs
[2024-10-29T02:42:10.502+0000] {logging_mixin.py:190} INFO - [2024-10-29T02:42:10.502+0000] {dag.py:4156} INFO - Setting next_dagrun for nba_data_pipeline to 2024-10-29 00:00:00+00:00, run_after=2024-10-30 00:00:00+00:00
[2024-10-29T02:42:10.526+0000] {processor.py:208} INFO - Processing /opt/airflow/dags/nba_data_pipeline.py took 0.119 seconds
[2024-10-29T02:42:40.664+0000] {processor.py:186} INFO - Started process (PID=330) to work on /opt/airflow/dags/nba_data_pipeline.py
[2024-10-29T02:42:40.665+0000] {processor.py:914} INFO - Processing file /opt/airflow/dags/nba_data_pipeline.py for tasks to queue
[2024-10-29T02:42:40.668+0000] {logging_mixin.py:190} INFO - [2024-10-29T02:42:40.668+0000] {dagbag.py:587} INFO - Filling up the DagBag from /opt/airflow/dags/nba_data_pipeline.py
[2024-10-29T02:42:40.682+0000] {processor.py:925} INFO - DAG(s) 'nba_data_pipeline' retrieved from /opt/airflow/dags/nba_data_pipeline.py
[2024-10-29T02:42:40.719+0000] {logging_mixin.py:190} INFO - [2024-10-29T02:42:40.718+0000] {dag.py:3229} INFO - Sync 1 DAGs
[2024-10-29T02:42:40.754+0000] {logging_mixin.py:190} INFO - [2024-10-29T02:42:40.753+0000] {dag.py:4156} INFO - Setting next_dagrun for nba_data_pipeline to 2024-10-29 00:00:00+00:00, run_after=2024-10-30 00:00:00+00:00
[2024-10-29T02:42:40.942+0000] {processor.py:208} INFO - Processing /opt/airflow/dags/nba_data_pipeline.py took 0.289 seconds
[2024-10-29T02:43:11.044+0000] {processor.py:186} INFO - Started process (PID=335) to work on /opt/airflow/dags/nba_data_pipeline.py
[2024-10-29T02:43:11.045+0000] {processor.py:914} INFO - Processing file /opt/airflow/dags/nba_data_pipeline.py for tasks to queue
[2024-10-29T02:43:11.049+0000] {logging_mixin.py:190} INFO - [2024-10-29T02:43:11.048+0000] {dagbag.py:587} INFO - Filling up the DagBag from /opt/airflow/dags/nba_data_pipeline.py
[2024-10-29T02:43:11.062+0000] {processor.py:925} INFO - DAG(s) 'nba_data_pipeline' retrieved from /opt/airflow/dags/nba_data_pipeline.py
[2024-10-29T02:43:11.097+0000] {logging_mixin.py:190} INFO - [2024-10-29T02:43:11.096+0000] {dag.py:3229} INFO - Sync 1 DAGs
[2024-10-29T02:43:11.294+0000] {logging_mixin.py:190} INFO - [2024-10-29T02:43:11.294+0000] {dag.py:4156} INFO - Setting next_dagrun for nba_data_pipeline to 2024-10-29 00:00:00+00:00, run_after=2024-10-30 00:00:00+00:00
[2024-10-29T02:43:11.317+0000] {processor.py:208} INFO - Processing /opt/airflow/dags/nba_data_pipeline.py took 0.283 seconds
[2024-10-29T02:43:41.438+0000] {processor.py:186} INFO - Started process (PID=340) to work on /opt/airflow/dags/nba_data_pipeline.py
[2024-10-29T02:43:41.439+0000] {processor.py:914} INFO - Processing file /opt/airflow/dags/nba_data_pipeline.py for tasks to queue
[2024-10-29T02:43:41.443+0000] {logging_mixin.py:190} INFO - [2024-10-29T02:43:41.442+0000] {dagbag.py:587} INFO - Filling up the DagBag from /opt/airflow/dags/nba_data_pipeline.py
[2024-10-29T02:43:41.456+0000] {processor.py:925} INFO - DAG(s) 'nba_data_pipeline' retrieved from /opt/airflow/dags/nba_data_pipeline.py
[2024-10-29T02:43:41.494+0000] {logging_mixin.py:190} INFO - [2024-10-29T02:43:41.494+0000] {dag.py:3229} INFO - Sync 1 DAGs
[2024-10-29T02:43:41.709+0000] {logging_mixin.py:190} INFO - [2024-10-29T02:43:41.709+0000] {dag.py:4156} INFO - Setting next_dagrun for nba_data_pipeline to 2024-10-29 00:00:00+00:00, run_after=2024-10-30 00:00:00+00:00
[2024-10-29T02:43:41.734+0000] {processor.py:208} INFO - Processing /opt/airflow/dags/nba_data_pipeline.py took 0.307 seconds
[2024-10-29T02:44:11.828+0000] {processor.py:186} INFO - Started process (PID=345) to work on /opt/airflow/dags/nba_data_pipeline.py
[2024-10-29T02:44:11.829+0000] {processor.py:914} INFO - Processing file /opt/airflow/dags/nba_data_pipeline.py for tasks to queue
[2024-10-29T02:44:11.832+0000] {logging_mixin.py:190} INFO - [2024-10-29T02:44:11.832+0000] {dagbag.py:587} INFO - Filling up the DagBag from /opt/airflow/dags/nba_data_pipeline.py
[2024-10-29T02:44:11.845+0000] {processor.py:925} INFO - DAG(s) 'nba_data_pipeline' retrieved from /opt/airflow/dags/nba_data_pipeline.py
[2024-10-29T02:44:12.046+0000] {logging_mixin.py:190} INFO - [2024-10-29T02:44:12.046+0000] {dag.py:3229} INFO - Sync 1 DAGs
[2024-10-29T02:44:12.079+0000] {logging_mixin.py:190} INFO - [2024-10-29T02:44:12.079+0000] {dag.py:4156} INFO - Setting next_dagrun for nba_data_pipeline to 2024-10-29 00:00:00+00:00, run_after=2024-10-30 00:00:00+00:00
[2024-10-29T02:44:12.151+0000] {processor.py:208} INFO - Processing /opt/airflow/dags/nba_data_pipeline.py took 0.332 seconds
[2024-10-29T02:44:42.218+0000] {processor.py:186} INFO - Started process (PID=350) to work on /opt/airflow/dags/nba_data_pipeline.py
[2024-10-29T02:44:42.219+0000] {processor.py:914} INFO - Processing file /opt/airflow/dags/nba_data_pipeline.py for tasks to queue
[2024-10-29T02:44:42.223+0000] {logging_mixin.py:190} INFO - [2024-10-29T02:44:42.222+0000] {dagbag.py:587} INFO - Filling up the DagBag from /opt/airflow/dags/nba_data_pipeline.py
[2024-10-29T02:44:42.237+0000] {processor.py:925} INFO - DAG(s) 'nba_data_pipeline' retrieved from /opt/airflow/dags/nba_data_pipeline.py
[2024-10-29T02:44:42.270+0000] {logging_mixin.py:190} INFO - [2024-10-29T02:44:42.270+0000] {dag.py:3229} INFO - Sync 1 DAGs
[2024-10-29T02:44:42.301+0000] {logging_mixin.py:190} INFO - [2024-10-29T02:44:42.300+0000] {dag.py:4156} INFO - Setting next_dagrun for nba_data_pipeline to 2024-10-29 00:00:00+00:00, run_after=2024-10-30 00:00:00+00:00
[2024-10-29T02:44:42.323+0000] {processor.py:208} INFO - Processing /opt/airflow/dags/nba_data_pipeline.py took 0.114 seconds
[2024-10-29T02:45:12.488+0000] {processor.py:186} INFO - Started process (PID=355) to work on /opt/airflow/dags/nba_data_pipeline.py
[2024-10-29T02:45:12.489+0000] {processor.py:914} INFO - Processing file /opt/airflow/dags/nba_data_pipeline.py for tasks to queue
[2024-10-29T02:45:12.493+0000] {logging_mixin.py:190} INFO - [2024-10-29T02:45:12.492+0000] {dagbag.py:587} INFO - Filling up the DagBag from /opt/airflow/dags/nba_data_pipeline.py
[2024-10-29T02:45:12.506+0000] {processor.py:925} INFO - DAG(s) 'nba_data_pipeline' retrieved from /opt/airflow/dags/nba_data_pipeline.py
[2024-10-29T02:45:12.541+0000] {logging_mixin.py:190} INFO - [2024-10-29T02:45:12.541+0000] {dag.py:3229} INFO - Sync 1 DAGs
[2024-10-29T02:45:12.570+0000] {logging_mixin.py:190} INFO - [2024-10-29T02:45:12.570+0000] {dag.py:4156} INFO - Setting next_dagrun for nba_data_pipeline to 2024-10-29 00:00:00+00:00, run_after=2024-10-30 00:00:00+00:00
[2024-10-29T02:45:12.594+0000] {processor.py:208} INFO - Processing /opt/airflow/dags/nba_data_pipeline.py took 0.116 seconds
[2024-10-29T02:45:42.740+0000] {processor.py:186} INFO - Started process (PID=360) to work on /opt/airflow/dags/nba_data_pipeline.py
[2024-10-29T02:45:42.741+0000] {processor.py:914} INFO - Processing file /opt/airflow/dags/nba_data_pipeline.py for tasks to queue
[2024-10-29T02:45:42.744+0000] {logging_mixin.py:190} INFO - [2024-10-29T02:45:42.744+0000] {dagbag.py:587} INFO - Filling up the DagBag from /opt/airflow/dags/nba_data_pipeline.py
[2024-10-29T02:45:42.756+0000] {processor.py:925} INFO - DAG(s) 'nba_data_pipeline' retrieved from /opt/airflow/dags/nba_data_pipeline.py
[2024-10-29T02:45:42.787+0000] {logging_mixin.py:190} INFO - [2024-10-29T02:45:42.786+0000] {dag.py:3229} INFO - Sync 1 DAGs
[2024-10-29T02:45:42.974+0000] {logging_mixin.py:190} INFO - [2024-10-29T02:45:42.973+0000] {dag.py:4156} INFO - Setting next_dagrun for nba_data_pipeline to 2024-10-29 00:00:00+00:00, run_after=2024-10-30 00:00:00+00:00
[2024-10-29T02:45:42.995+0000] {processor.py:208} INFO - Processing /opt/airflow/dags/nba_data_pipeline.py took 0.264 seconds
[2024-10-29T02:46:13.205+0000] {processor.py:186} INFO - Started process (PID=365) to work on /opt/airflow/dags/nba_data_pipeline.py
[2024-10-29T02:46:13.206+0000] {processor.py:914} INFO - Processing file /opt/airflow/dags/nba_data_pipeline.py for tasks to queue
[2024-10-29T02:46:13.210+0000] {logging_mixin.py:190} INFO - [2024-10-29T02:46:13.209+0000] {dagbag.py:587} INFO - Filling up the DagBag from /opt/airflow/dags/nba_data_pipeline.py
[2024-10-29T02:46:13.225+0000] {processor.py:925} INFO - DAG(s) 'nba_data_pipeline' retrieved from /opt/airflow/dags/nba_data_pipeline.py
[2024-10-29T02:46:13.266+0000] {logging_mixin.py:190} INFO - [2024-10-29T02:46:13.265+0000] {dag.py:3229} INFO - Sync 1 DAGs
[2024-10-29T02:46:13.476+0000] {logging_mixin.py:190} INFO - [2024-10-29T02:46:13.475+0000] {dag.py:4156} INFO - Setting next_dagrun for nba_data_pipeline to 2024-10-29 00:00:00+00:00, run_after=2024-10-30 00:00:00+00:00
[2024-10-29T02:46:13.500+0000] {processor.py:208} INFO - Processing /opt/airflow/dags/nba_data_pipeline.py took 0.307 seconds
[2024-10-29T02:46:43.796+0000] {processor.py:186} INFO - Started process (PID=373) to work on /opt/airflow/dags/nba_data_pipeline.py
[2024-10-29T02:46:43.797+0000] {processor.py:914} INFO - Processing file /opt/airflow/dags/nba_data_pipeline.py for tasks to queue
[2024-10-29T02:46:43.801+0000] {logging_mixin.py:190} INFO - [2024-10-29T02:46:43.801+0000] {dagbag.py:587} INFO - Filling up the DagBag from /opt/airflow/dags/nba_data_pipeline.py
[2024-10-29T02:46:43.816+0000] {processor.py:925} INFO - DAG(s) 'nba_data_pipeline' retrieved from /opt/airflow/dags/nba_data_pipeline.py
[2024-10-29T02:46:44.044+0000] {logging_mixin.py:190} INFO - [2024-10-29T02:46:44.044+0000] {dag.py:3229} INFO - Sync 1 DAGs
[2024-10-29T02:46:44.077+0000] {logging_mixin.py:190} INFO - [2024-10-29T02:46:44.077+0000] {dag.py:4156} INFO - Setting next_dagrun for nba_data_pipeline to 2024-10-29 00:00:00+00:00, run_after=2024-10-30 00:00:00+00:00
[2024-10-29T02:46:44.110+0000] {processor.py:208} INFO - Processing /opt/airflow/dags/nba_data_pipeline.py took 0.326 seconds
[2024-10-29T02:47:14.393+0000] {processor.py:186} INFO - Started process (PID=378) to work on /opt/airflow/dags/nba_data_pipeline.py
[2024-10-29T02:47:14.395+0000] {processor.py:914} INFO - Processing file /opt/airflow/dags/nba_data_pipeline.py for tasks to queue
[2024-10-29T02:47:14.398+0000] {logging_mixin.py:190} INFO - [2024-10-29T02:47:14.397+0000] {dagbag.py:587} INFO - Filling up the DagBag from /opt/airflow/dags/nba_data_pipeline.py
[2024-10-29T02:47:14.411+0000] {processor.py:925} INFO - DAG(s) 'nba_data_pipeline' retrieved from /opt/airflow/dags/nba_data_pipeline.py
[2024-10-29T02:47:14.446+0000] {logging_mixin.py:190} INFO - [2024-10-29T02:47:14.446+0000] {dag.py:3229} INFO - Sync 1 DAGs
[2024-10-29T02:47:14.476+0000] {logging_mixin.py:190} INFO - [2024-10-29T02:47:14.475+0000] {dag.py:4156} INFO - Setting next_dagrun for nba_data_pipeline to 2024-10-29 00:00:00+00:00, run_after=2024-10-30 00:00:00+00:00
[2024-10-29T02:47:14.497+0000] {processor.py:208} INFO - Processing /opt/airflow/dags/nba_data_pipeline.py took 0.113 seconds
[2024-10-29T02:47:44.647+0000] {processor.py:186} INFO - Started process (PID=386) to work on /opt/airflow/dags/nba_data_pipeline.py
[2024-10-29T02:47:44.648+0000] {processor.py:914} INFO - Processing file /opt/airflow/dags/nba_data_pipeline.py for tasks to queue
[2024-10-29T02:47:44.651+0000] {logging_mixin.py:190} INFO - [2024-10-29T02:47:44.650+0000] {dagbag.py:587} INFO - Filling up the DagBag from /opt/airflow/dags/nba_data_pipeline.py
[2024-10-29T02:47:44.664+0000] {processor.py:925} INFO - DAG(s) 'nba_data_pipeline' retrieved from /opt/airflow/dags/nba_data_pipeline.py
[2024-10-29T02:47:44.706+0000] {logging_mixin.py:190} INFO - [2024-10-29T02:47:44.705+0000] {dag.py:3229} INFO - Sync 1 DAGs
[2024-10-29T02:47:44.738+0000] {logging_mixin.py:190} INFO - [2024-10-29T02:47:44.738+0000] {dag.py:4156} INFO - Setting next_dagrun for nba_data_pipeline to 2024-10-29 00:00:00+00:00, run_after=2024-10-30 00:00:00+00:00
[2024-10-29T02:47:44.762+0000] {processor.py:208} INFO - Processing /opt/airflow/dags/nba_data_pipeline.py took 0.126 seconds
[2024-10-29T02:48:14.977+0000] {processor.py:186} INFO - Started process (PID=391) to work on /opt/airflow/dags/nba_data_pipeline.py
[2024-10-29T02:48:14.978+0000] {processor.py:914} INFO - Processing file /opt/airflow/dags/nba_data_pipeline.py for tasks to queue
[2024-10-29T02:48:14.981+0000] {logging_mixin.py:190} INFO - [2024-10-29T02:48:14.981+0000] {dagbag.py:587} INFO - Filling up the DagBag from /opt/airflow/dags/nba_data_pipeline.py
[2024-10-29T02:48:14.996+0000] {processor.py:925} INFO - DAG(s) 'nba_data_pipeline' retrieved from /opt/airflow/dags/nba_data_pipeline.py
[2024-10-29T02:48:15.031+0000] {logging_mixin.py:190} INFO - [2024-10-29T02:48:15.031+0000] {dag.py:3229} INFO - Sync 1 DAGs
[2024-10-29T02:48:15.062+0000] {logging_mixin.py:190} INFO - [2024-10-29T02:48:15.061+0000] {dag.py:4156} INFO - Setting next_dagrun for nba_data_pipeline to 2024-10-29 00:00:00+00:00, run_after=2024-10-30 00:00:00+00:00
[2024-10-29T02:48:15.248+0000] {processor.py:208} INFO - Processing /opt/airflow/dags/nba_data_pipeline.py took 0.281 seconds
[2024-10-29T02:48:45.516+0000] {processor.py:186} INFO - Started process (PID=396) to work on /opt/airflow/dags/nba_data_pipeline.py
[2024-10-29T02:48:45.517+0000] {processor.py:914} INFO - Processing file /opt/airflow/dags/nba_data_pipeline.py for tasks to queue
[2024-10-29T02:48:45.521+0000] {logging_mixin.py:190} INFO - [2024-10-29T02:48:45.521+0000] {dagbag.py:587} INFO - Filling up the DagBag from /opt/airflow/dags/nba_data_pipeline.py
[2024-10-29T02:48:45.533+0000] {processor.py:925} INFO - DAG(s) 'nba_data_pipeline' retrieved from /opt/airflow/dags/nba_data_pipeline.py
[2024-10-29T02:48:45.566+0000] {logging_mixin.py:190} INFO - [2024-10-29T02:48:45.566+0000] {dag.py:3229} INFO - Sync 1 DAGs
[2024-10-29T02:48:45.752+0000] {logging_mixin.py:190} INFO - [2024-10-29T02:48:45.752+0000] {dag.py:4156} INFO - Setting next_dagrun for nba_data_pipeline to 2024-10-29 00:00:00+00:00, run_after=2024-10-30 00:00:00+00:00
[2024-10-29T02:48:45.777+0000] {processor.py:208} INFO - Processing /opt/airflow/dags/nba_data_pipeline.py took 0.271 seconds
[2024-10-29T02:49:16.053+0000] {processor.py:186} INFO - Started process (PID=401) to work on /opt/airflow/dags/nba_data_pipeline.py
[2024-10-29T02:49:16.054+0000] {processor.py:914} INFO - Processing file /opt/airflow/dags/nba_data_pipeline.py for tasks to queue
[2024-10-29T02:49:16.058+0000] {logging_mixin.py:190} INFO - [2024-10-29T02:49:16.058+0000] {dagbag.py:587} INFO - Filling up the DagBag from /opt/airflow/dags/nba_data_pipeline.py
[2024-10-29T02:49:16.072+0000] {processor.py:925} INFO - DAG(s) 'nba_data_pipeline' retrieved from /opt/airflow/dags/nba_data_pipeline.py
[2024-10-29T02:49:16.110+0000] {logging_mixin.py:190} INFO - [2024-10-29T02:49:16.110+0000] {dag.py:3229} INFO - Sync 1 DAGs
[2024-10-29T02:49:16.305+0000] {logging_mixin.py:190} INFO - [2024-10-29T02:49:16.305+0000] {dag.py:4156} INFO - Setting next_dagrun for nba_data_pipeline to 2024-10-29 00:00:00+00:00, run_after=2024-10-30 00:00:00+00:00
[2024-10-29T02:49:16.328+0000] {processor.py:208} INFO - Processing /opt/airflow/dags/nba_data_pipeline.py took 0.285 seconds
[2024-10-29T02:49:46.598+0000] {processor.py:186} INFO - Started process (PID=406) to work on /opt/airflow/dags/nba_data_pipeline.py
[2024-10-29T02:49:46.599+0000] {processor.py:914} INFO - Processing file /opt/airflow/dags/nba_data_pipeline.py for tasks to queue
[2024-10-29T02:49:46.603+0000] {logging_mixin.py:190} INFO - [2024-10-29T02:49:46.603+0000] {dagbag.py:587} INFO - Filling up the DagBag from /opt/airflow/dags/nba_data_pipeline.py
[2024-10-29T02:49:46.615+0000] {processor.py:925} INFO - DAG(s) 'nba_data_pipeline' retrieved from /opt/airflow/dags/nba_data_pipeline.py
[2024-10-29T02:49:46.800+0000] {logging_mixin.py:190} INFO - [2024-10-29T02:49:46.800+0000] {dag.py:3229} INFO - Sync 1 DAGs
[2024-10-29T02:49:46.828+0000] {logging_mixin.py:190} INFO - [2024-10-29T02:49:46.828+0000] {dag.py:4156} INFO - Setting next_dagrun for nba_data_pipeline to 2024-10-29 00:00:00+00:00, run_after=2024-10-30 00:00:00+00:00
[2024-10-29T02:49:46.848+0000] {processor.py:208} INFO - Processing /opt/airflow/dags/nba_data_pipeline.py took 0.260 seconds
[2024-10-29T02:50:17.268+0000] {processor.py:186} INFO - Started process (PID=411) to work on /opt/airflow/dags/nba_data_pipeline.py
[2024-10-29T02:50:17.269+0000] {processor.py:914} INFO - Processing file /opt/airflow/dags/nba_data_pipeline.py for tasks to queue
[2024-10-29T02:50:17.273+0000] {logging_mixin.py:190} INFO - [2024-10-29T02:50:17.272+0000] {dagbag.py:587} INFO - Filling up the DagBag from /opt/airflow/dags/nba_data_pipeline.py
[2024-10-29T02:50:17.287+0000] {processor.py:925} INFO - DAG(s) 'nba_data_pipeline' retrieved from /opt/airflow/dags/nba_data_pipeline.py
[2024-10-29T02:50:17.325+0000] {logging_mixin.py:190} INFO - [2024-10-29T02:50:17.324+0000] {dag.py:3229} INFO - Sync 1 DAGs
[2024-10-29T02:50:17.360+0000] {logging_mixin.py:190} INFO - [2024-10-29T02:50:17.359+0000] {dag.py:4156} INFO - Setting next_dagrun for nba_data_pipeline to 2024-10-29 00:00:00+00:00, run_after=2024-10-30 00:00:00+00:00
[2024-10-29T02:50:17.383+0000] {processor.py:208} INFO - Processing /opt/airflow/dags/nba_data_pipeline.py took 0.126 seconds
[2024-10-29T02:50:47.506+0000] {processor.py:186} INFO - Started process (PID=416) to work on /opt/airflow/dags/nba_data_pipeline.py
[2024-10-29T02:50:47.507+0000] {processor.py:914} INFO - Processing file /opt/airflow/dags/nba_data_pipeline.py for tasks to queue
[2024-10-29T02:50:47.510+0000] {logging_mixin.py:190} INFO - [2024-10-29T02:50:47.510+0000] {dagbag.py:587} INFO - Filling up the DagBag from /opt/airflow/dags/nba_data_pipeline.py
[2024-10-29T02:50:47.524+0000] {processor.py:925} INFO - DAG(s) 'nba_data_pipeline' retrieved from /opt/airflow/dags/nba_data_pipeline.py
[2024-10-29T02:50:47.563+0000] {logging_mixin.py:190} INFO - [2024-10-29T02:50:47.563+0000] {dag.py:3229} INFO - Sync 1 DAGs
[2024-10-29T02:50:47.597+0000] {logging_mixin.py:190} INFO - [2024-10-29T02:50:47.597+0000] {dag.py:4156} INFO - Setting next_dagrun for nba_data_pipeline to 2024-10-29 00:00:00+00:00, run_after=2024-10-30 00:00:00+00:00
[2024-10-29T02:50:47.624+0000] {processor.py:208} INFO - Processing /opt/airflow/dags/nba_data_pipeline.py took 0.128 seconds
[2024-10-29T02:51:17.860+0000] {processor.py:186} INFO - Started process (PID=424) to work on /opt/airflow/dags/nba_data_pipeline.py
[2024-10-29T02:51:17.861+0000] {processor.py:914} INFO - Processing file /opt/airflow/dags/nba_data_pipeline.py for tasks to queue
[2024-10-29T02:51:17.863+0000] {logging_mixin.py:190} INFO - [2024-10-29T02:51:17.863+0000] {dagbag.py:587} INFO - Filling up the DagBag from /opt/airflow/dags/nba_data_pipeline.py
[2024-10-29T02:51:17.875+0000] {processor.py:925} INFO - DAG(s) 'nba_data_pipeline' retrieved from /opt/airflow/dags/nba_data_pipeline.py
[2024-10-29T02:51:17.908+0000] {logging_mixin.py:190} INFO - [2024-10-29T02:51:17.908+0000] {dag.py:3229} INFO - Sync 1 DAGs
[2024-10-29T02:51:17.938+0000] {logging_mixin.py:190} INFO - [2024-10-29T02:51:17.937+0000] {dag.py:4156} INFO - Setting next_dagrun for nba_data_pipeline to 2024-10-29 00:00:00+00:00, run_after=2024-10-30 00:00:00+00:00
[2024-10-29T02:51:17.959+0000] {processor.py:208} INFO - Processing /opt/airflow/dags/nba_data_pipeline.py took 0.109 seconds
[2024-10-29T02:51:48.104+0000] {processor.py:186} INFO - Started process (PID=429) to work on /opt/airflow/dags/nba_data_pipeline.py
[2024-10-29T02:51:48.105+0000] {processor.py:914} INFO - Processing file /opt/airflow/dags/nba_data_pipeline.py for tasks to queue
[2024-10-29T02:51:48.109+0000] {logging_mixin.py:190} INFO - [2024-10-29T02:51:48.108+0000] {dagbag.py:587} INFO - Filling up the DagBag from /opt/airflow/dags/nba_data_pipeline.py
[2024-10-29T02:51:48.123+0000] {processor.py:925} INFO - DAG(s) 'nba_data_pipeline' retrieved from /opt/airflow/dags/nba_data_pipeline.py
[2024-10-29T02:51:48.160+0000] {logging_mixin.py:190} INFO - [2024-10-29T02:51:48.159+0000] {dag.py:3229} INFO - Sync 1 DAGs
[2024-10-29T02:51:48.195+0000] {logging_mixin.py:190} INFO - [2024-10-29T02:51:48.194+0000] {dag.py:4156} INFO - Setting next_dagrun for nba_data_pipeline to 2024-10-29 00:00:00+00:00, run_after=2024-10-30 00:00:00+00:00
[2024-10-29T02:51:48.216+0000] {processor.py:208} INFO - Processing /opt/airflow/dags/nba_data_pipeline.py took 0.122 seconds
[2024-10-29T02:52:18.431+0000] {processor.py:186} INFO - Started process (PID=434) to work on /opt/airflow/dags/nba_data_pipeline.py
[2024-10-29T02:52:18.432+0000] {processor.py:914} INFO - Processing file /opt/airflow/dags/nba_data_pipeline.py for tasks to queue
[2024-10-29T02:52:18.436+0000] {logging_mixin.py:190} INFO - [2024-10-29T02:52:18.435+0000] {dagbag.py:587} INFO - Filling up the DagBag from /opt/airflow/dags/nba_data_pipeline.py
[2024-10-29T02:52:18.449+0000] {processor.py:925} INFO - DAG(s) 'nba_data_pipeline' retrieved from /opt/airflow/dags/nba_data_pipeline.py
[2024-10-29T02:52:18.483+0000] {logging_mixin.py:190} INFO - [2024-10-29T02:52:18.483+0000] {dag.py:3229} INFO - Sync 1 DAGs
[2024-10-29T02:52:18.512+0000] {logging_mixin.py:190} INFO - [2024-10-29T02:52:18.512+0000] {dag.py:4156} INFO - Setting next_dagrun for nba_data_pipeline to 2024-10-29 00:00:00+00:00, run_after=2024-10-30 00:00:00+00:00
[2024-10-29T02:52:18.533+0000] {processor.py:208} INFO - Processing /opt/airflow/dags/nba_data_pipeline.py took 0.113 seconds
[2024-10-29T02:52:48.695+0000] {processor.py:186} INFO - Started process (PID=439) to work on /opt/airflow/dags/nba_data_pipeline.py
[2024-10-29T02:52:48.696+0000] {processor.py:914} INFO - Processing file /opt/airflow/dags/nba_data_pipeline.py for tasks to queue
[2024-10-29T02:52:48.699+0000] {logging_mixin.py:190} INFO - [2024-10-29T02:52:48.699+0000] {dagbag.py:587} INFO - Filling up the DagBag from /opt/airflow/dags/nba_data_pipeline.py
[2024-10-29T02:52:48.713+0000] {processor.py:925} INFO - DAG(s) 'nba_data_pipeline' retrieved from /opt/airflow/dags/nba_data_pipeline.py
[2024-10-29T02:52:48.753+0000] {logging_mixin.py:190} INFO - [2024-10-29T02:52:48.752+0000] {dag.py:3229} INFO - Sync 1 DAGs
[2024-10-29T02:52:48.783+0000] {logging_mixin.py:190} INFO - [2024-10-29T02:52:48.783+0000] {dag.py:4156} INFO - Setting next_dagrun for nba_data_pipeline to 2024-10-29 00:00:00+00:00, run_after=2024-10-30 00:00:00+00:00
[2024-10-29T02:52:48.805+0000] {processor.py:208} INFO - Processing /opt/airflow/dags/nba_data_pipeline.py took 0.121 seconds
[2024-10-29T03:21:50.510+0000] {processor.py:186} INFO - Started process (PID=190) to work on /opt/airflow/dags/nba_data_pipeline.py
[2024-10-29T03:21:50.512+0000] {processor.py:914} INFO - Processing file /opt/airflow/dags/nba_data_pipeline.py for tasks to queue
[2024-10-29T03:21:50.515+0000] {logging_mixin.py:190} INFO - [2024-10-29T03:21:50.514+0000] {dagbag.py:587} INFO - Filling up the DagBag from /opt/airflow/dags/nba_data_pipeline.py
[2024-10-29T03:21:50.534+0000] {processor.py:925} INFO - DAG(s) 'nba_data_pipeline' retrieved from /opt/airflow/dags/nba_data_pipeline.py
[2024-10-29T03:21:50.791+0000] {logging_mixin.py:190} INFO - [2024-10-29T03:21:50.790+0000] {override.py:1900} INFO - Created Permission View: can delete on DAG:nba_data_pipeline
[2024-10-29T03:21:50.801+0000] {logging_mixin.py:190} INFO - [2024-10-29T03:21:50.801+0000] {override.py:1900} INFO - Created Permission View: can edit on DAG:nba_data_pipeline
[2024-10-29T03:21:50.808+0000] {logging_mixin.py:190} INFO - [2024-10-29T03:21:50.808+0000] {override.py:1900} INFO - Created Permission View: can read on DAG:nba_data_pipeline
[2024-10-29T03:21:50.818+0000] {logging_mixin.py:190} INFO - [2024-10-29T03:21:50.817+0000] {override.py:1900} INFO - Created Permission View: can delete on DAG Run:nba_data_pipeline
[2024-10-29T03:21:50.827+0000] {logging_mixin.py:190} INFO - [2024-10-29T03:21:50.826+0000] {override.py:1900} INFO - Created Permission View: menu access on DAG Run:nba_data_pipeline
[2024-10-29T03:21:50.836+0000] {logging_mixin.py:190} INFO - [2024-10-29T03:21:50.836+0000] {override.py:1900} INFO - Created Permission View: can read on DAG Run:nba_data_pipeline
[2024-10-29T03:21:50.847+0000] {logging_mixin.py:190} INFO - [2024-10-29T03:21:50.846+0000] {override.py:1900} INFO - Created Permission View: can create on DAG Run:nba_data_pipeline
[2024-10-29T03:21:50.847+0000] {logging_mixin.py:190} INFO - [2024-10-29T03:21:50.847+0000] {dag.py:3229} INFO - Sync 1 DAGs
[2024-10-29T03:21:50.869+0000] {logging_mixin.py:190} INFO - [2024-10-29T03:21:50.868+0000] {dag.py:3252} INFO - Creating ORM DAG for nba_data_pipeline
[2024-10-29T03:21:50.884+0000] {logging_mixin.py:190} INFO - [2024-10-29T03:21:50.883+0000] {dag.py:4156} INFO - Setting next_dagrun for nba_data_pipeline to 2024-10-28 00:00:00+00:00, run_after=2024-10-29 00:00:00+00:00
[2024-10-29T03:21:50.913+0000] {processor.py:208} INFO - Processing /opt/airflow/dags/nba_data_pipeline.py took 0.411 seconds
[2024-10-29T03:22:21.136+0000] {processor.py:186} INFO - Started process (PID=195) to work on /opt/airflow/dags/nba_data_pipeline.py
[2024-10-29T03:22:21.138+0000] {processor.py:914} INFO - Processing file /opt/airflow/dags/nba_data_pipeline.py for tasks to queue
[2024-10-29T03:22:21.141+0000] {logging_mixin.py:190} INFO - [2024-10-29T03:22:21.140+0000] {dagbag.py:587} INFO - Filling up the DagBag from /opt/airflow/dags/nba_data_pipeline.py
[2024-10-29T03:22:21.155+0000] {processor.py:925} INFO - DAG(s) 'nba_data_pipeline' retrieved from /opt/airflow/dags/nba_data_pipeline.py
[2024-10-29T03:22:21.191+0000] {logging_mixin.py:190} INFO - [2024-10-29T03:22:21.191+0000] {dag.py:3229} INFO - Sync 1 DAGs
[2024-10-29T03:22:21.225+0000] {logging_mixin.py:190} INFO - [2024-10-29T03:22:21.225+0000] {dag.py:4156} INFO - Setting next_dagrun for nba_data_pipeline to 2024-10-28 00:00:00+00:00, run_after=2024-10-29 00:00:00+00:00
[2024-10-29T03:22:21.250+0000] {processor.py:208} INFO - Processing /opt/airflow/dags/nba_data_pipeline.py took 0.125 seconds
[2024-10-29T03:22:51.384+0000] {processor.py:186} INFO - Started process (PID=200) to work on /opt/airflow/dags/nba_data_pipeline.py
[2024-10-29T03:22:51.385+0000] {processor.py:914} INFO - Processing file /opt/airflow/dags/nba_data_pipeline.py for tasks to queue
[2024-10-29T03:22:51.389+0000] {logging_mixin.py:190} INFO - [2024-10-29T03:22:51.388+0000] {dagbag.py:587} INFO - Filling up the DagBag from /opt/airflow/dags/nba_data_pipeline.py
[2024-10-29T03:22:51.402+0000] {processor.py:925} INFO - DAG(s) 'nba_data_pipeline' retrieved from /opt/airflow/dags/nba_data_pipeline.py
[2024-10-29T03:22:51.438+0000] {logging_mixin.py:190} INFO - [2024-10-29T03:22:51.437+0000] {dag.py:3229} INFO - Sync 1 DAGs
[2024-10-29T03:22:51.466+0000] {logging_mixin.py:190} INFO - [2024-10-29T03:22:51.465+0000] {dag.py:4156} INFO - Setting next_dagrun for nba_data_pipeline to 2024-10-28 00:00:00+00:00, run_after=2024-10-29 00:00:00+00:00
[2024-10-29T03:22:51.487+0000] {processor.py:208} INFO - Processing /opt/airflow/dags/nba_data_pipeline.py took 0.113 seconds
[2024-10-29T03:23:21.793+0000] {processor.py:186} INFO - Started process (PID=208) to work on /opt/airflow/dags/nba_data_pipeline.py
[2024-10-29T03:23:21.794+0000] {processor.py:914} INFO - Processing file /opt/airflow/dags/nba_data_pipeline.py for tasks to queue
[2024-10-29T03:23:21.798+0000] {logging_mixin.py:190} INFO - [2024-10-29T03:23:21.797+0000] {dagbag.py:587} INFO - Filling up the DagBag from /opt/airflow/dags/nba_data_pipeline.py
[2024-10-29T03:23:21.812+0000] {processor.py:925} INFO - DAG(s) 'nba_data_pipeline' retrieved from /opt/airflow/dags/nba_data_pipeline.py
[2024-10-29T03:23:21.852+0000] {logging_mixin.py:190} INFO - [2024-10-29T03:23:21.851+0000] {dag.py:3229} INFO - Sync 1 DAGs
[2024-10-29T03:23:21.895+0000] {logging_mixin.py:190} INFO - [2024-10-29T03:23:21.894+0000] {dag.py:4156} INFO - Setting next_dagrun for nba_data_pipeline to 2024-10-29 00:00:00+00:00, run_after=2024-10-30 00:00:00+00:00
[2024-10-29T03:23:21.919+0000] {processor.py:208} INFO - Processing /opt/airflow/dags/nba_data_pipeline.py took 0.136 seconds
[2024-10-29T03:23:52.054+0000] {processor.py:186} INFO - Started process (PID=213) to work on /opt/airflow/dags/nba_data_pipeline.py
[2024-10-29T03:23:52.055+0000] {processor.py:914} INFO - Processing file /opt/airflow/dags/nba_data_pipeline.py for tasks to queue
[2024-10-29T03:23:52.059+0000] {logging_mixin.py:190} INFO - [2024-10-29T03:23:52.059+0000] {dagbag.py:587} INFO - Filling up the DagBag from /opt/airflow/dags/nba_data_pipeline.py
[2024-10-29T03:23:52.072+0000] {processor.py:925} INFO - DAG(s) 'nba_data_pipeline' retrieved from /opt/airflow/dags/nba_data_pipeline.py
[2024-10-29T03:23:52.108+0000] {logging_mixin.py:190} INFO - [2024-10-29T03:23:52.108+0000] {dag.py:3229} INFO - Sync 1 DAGs
[2024-10-29T03:23:52.139+0000] {logging_mixin.py:190} INFO - [2024-10-29T03:23:52.139+0000] {dag.py:4156} INFO - Setting next_dagrun for nba_data_pipeline to 2024-10-29 00:00:00+00:00, run_after=2024-10-30 00:00:00+00:00
[2024-10-29T03:23:52.163+0000] {processor.py:208} INFO - Processing /opt/airflow/dags/nba_data_pipeline.py took 0.119 seconds
[2024-10-29T03:24:22.376+0000] {processor.py:186} INFO - Started process (PID=218) to work on /opt/airflow/dags/nba_data_pipeline.py
[2024-10-29T03:24:22.377+0000] {processor.py:914} INFO - Processing file /opt/airflow/dags/nba_data_pipeline.py for tasks to queue
[2024-10-29T03:24:22.380+0000] {logging_mixin.py:190} INFO - [2024-10-29T03:24:22.380+0000] {dagbag.py:587} INFO - Filling up the DagBag from /opt/airflow/dags/nba_data_pipeline.py
[2024-10-29T03:24:22.394+0000] {processor.py:925} INFO - DAG(s) 'nba_data_pipeline' retrieved from /opt/airflow/dags/nba_data_pipeline.py
[2024-10-29T03:24:22.432+0000] {logging_mixin.py:190} INFO - [2024-10-29T03:24:22.432+0000] {dag.py:3229} INFO - Sync 1 DAGs
[2024-10-29T03:24:22.464+0000] {logging_mixin.py:190} INFO - [2024-10-29T03:24:22.463+0000] {dag.py:4156} INFO - Setting next_dagrun for nba_data_pipeline to 2024-10-29 00:00:00+00:00, run_after=2024-10-30 00:00:00+00:00
[2024-10-29T03:24:22.486+0000] {processor.py:208} INFO - Processing /opt/airflow/dags/nba_data_pipeline.py took 0.121 seconds
[2024-10-29T03:24:52.606+0000] {processor.py:186} INFO - Started process (PID=223) to work on /opt/airflow/dags/nba_data_pipeline.py
[2024-10-29T03:24:52.607+0000] {processor.py:914} INFO - Processing file /opt/airflow/dags/nba_data_pipeline.py for tasks to queue
[2024-10-29T03:24:52.611+0000] {logging_mixin.py:190} INFO - [2024-10-29T03:24:52.611+0000] {dagbag.py:587} INFO - Filling up the DagBag from /opt/airflow/dags/nba_data_pipeline.py
[2024-10-29T03:24:52.624+0000] {processor.py:925} INFO - DAG(s) 'nba_data_pipeline' retrieved from /opt/airflow/dags/nba_data_pipeline.py
[2024-10-29T03:24:52.660+0000] {logging_mixin.py:190} INFO - [2024-10-29T03:24:52.660+0000] {dag.py:3229} INFO - Sync 1 DAGs
[2024-10-29T03:24:52.691+0000] {logging_mixin.py:190} INFO - [2024-10-29T03:24:52.691+0000] {dag.py:4156} INFO - Setting next_dagrun for nba_data_pipeline to 2024-10-29 00:00:00+00:00, run_after=2024-10-30 00:00:00+00:00
[2024-10-29T03:24:52.714+0000] {processor.py:208} INFO - Processing /opt/airflow/dags/nba_data_pipeline.py took 0.119 seconds
[2024-10-29T03:25:22.850+0000] {processor.py:186} INFO - Started process (PID=228) to work on /opt/airflow/dags/nba_data_pipeline.py
[2024-10-29T03:25:22.851+0000] {processor.py:914} INFO - Processing file /opt/airflow/dags/nba_data_pipeline.py for tasks to queue
[2024-10-29T03:25:22.855+0000] {logging_mixin.py:190} INFO - [2024-10-29T03:25:22.855+0000] {dagbag.py:587} INFO - Filling up the DagBag from /opt/airflow/dags/nba_data_pipeline.py
[2024-10-29T03:25:22.869+0000] {processor.py:925} INFO - DAG(s) 'nba_data_pipeline' retrieved from /opt/airflow/dags/nba_data_pipeline.py
[2024-10-29T03:25:22.908+0000] {logging_mixin.py:190} INFO - [2024-10-29T03:25:22.907+0000] {dag.py:3229} INFO - Sync 1 DAGs
[2024-10-29T03:25:22.943+0000] {logging_mixin.py:190} INFO - [2024-10-29T03:25:22.943+0000] {dag.py:4156} INFO - Setting next_dagrun for nba_data_pipeline to 2024-10-29 00:00:00+00:00, run_after=2024-10-30 00:00:00+00:00
[2024-10-29T03:25:22.969+0000] {processor.py:208} INFO - Processing /opt/airflow/dags/nba_data_pipeline.py took 0.129 seconds
[2024-10-29T03:25:53.220+0000] {processor.py:186} INFO - Started process (PID=233) to work on /opt/airflow/dags/nba_data_pipeline.py
[2024-10-29T03:25:53.221+0000] {processor.py:914} INFO - Processing file /opt/airflow/dags/nba_data_pipeline.py for tasks to queue
[2024-10-29T03:25:53.224+0000] {logging_mixin.py:190} INFO - [2024-10-29T03:25:53.223+0000] {dagbag.py:587} INFO - Filling up the DagBag from /opt/airflow/dags/nba_data_pipeline.py
[2024-10-29T03:25:53.237+0000] {processor.py:925} INFO - DAG(s) 'nba_data_pipeline' retrieved from /opt/airflow/dags/nba_data_pipeline.py
[2024-10-29T03:25:53.275+0000] {logging_mixin.py:190} INFO - [2024-10-29T03:25:53.275+0000] {dag.py:3229} INFO - Sync 1 DAGs
[2024-10-29T03:25:53.312+0000] {logging_mixin.py:190} INFO - [2024-10-29T03:25:53.312+0000] {dag.py:4156} INFO - Setting next_dagrun for nba_data_pipeline to 2024-10-29 00:00:00+00:00, run_after=2024-10-30 00:00:00+00:00
[2024-10-29T03:25:53.507+0000] {processor.py:208} INFO - Processing /opt/airflow/dags/nba_data_pipeline.py took 0.298 seconds
[2024-10-29T03:26:23.760+0000] {processor.py:186} INFO - Started process (PID=238) to work on /opt/airflow/dags/nba_data_pipeline.py
[2024-10-29T03:26:23.761+0000] {processor.py:914} INFO - Processing file /opt/airflow/dags/nba_data_pipeline.py for tasks to queue
[2024-10-29T03:26:23.764+0000] {logging_mixin.py:190} INFO - [2024-10-29T03:26:23.764+0000] {dagbag.py:587} INFO - Filling up the DagBag from /opt/airflow/dags/nba_data_pipeline.py
[2024-10-29T03:26:23.778+0000] {processor.py:925} INFO - DAG(s) 'nba_data_pipeline' retrieved from /opt/airflow/dags/nba_data_pipeline.py
[2024-10-29T03:26:23.816+0000] {logging_mixin.py:190} INFO - [2024-10-29T03:26:23.815+0000] {dag.py:3229} INFO - Sync 1 DAGs
[2024-10-29T03:26:24.007+0000] {logging_mixin.py:190} INFO - [2024-10-29T03:26:24.007+0000] {dag.py:4156} INFO - Setting next_dagrun for nba_data_pipeline to 2024-10-29 00:00:00+00:00, run_after=2024-10-30 00:00:00+00:00
[2024-10-29T03:26:24.031+0000] {processor.py:208} INFO - Processing /opt/airflow/dags/nba_data_pipeline.py took 0.282 seconds
[2024-10-29T03:26:39.260+0000] {processor.py:186} INFO - Started process (PID=243) to work on /opt/airflow/dags/nba_data_pipeline.py
[2024-10-29T03:26:39.261+0000] {processor.py:914} INFO - Processing file /opt/airflow/dags/nba_data_pipeline.py for tasks to queue
[2024-10-29T03:26:39.265+0000] {logging_mixin.py:190} INFO - [2024-10-29T03:26:39.264+0000] {dagbag.py:587} INFO - Filling up the DagBag from /opt/airflow/dags/nba_data_pipeline.py
[2024-10-29T03:26:39.283+0000] {processor.py:925} INFO - DAG(s) 'nba_data_pipeline' retrieved from /opt/airflow/dags/nba_data_pipeline.py
[2024-10-29T03:26:39.323+0000] {logging_mixin.py:190} INFO - [2024-10-29T03:26:39.323+0000] {dag.py:3229} INFO - Sync 1 DAGs
[2024-10-29T03:26:39.499+0000] {logging_mixin.py:190} INFO - [2024-10-29T03:26:39.499+0000] {dag.py:4156} INFO - Setting next_dagrun for nba_data_pipeline to 2024-10-29 00:00:00+00:00, run_after=2024-10-30 00:00:00+00:00
[2024-10-29T03:26:39.519+0000] {processor.py:208} INFO - Processing /opt/airflow/dags/nba_data_pipeline.py took 0.271 seconds
[2024-10-29T03:27:09.775+0000] {processor.py:186} INFO - Started process (PID=248) to work on /opt/airflow/dags/nba_data_pipeline.py
[2024-10-29T03:27:09.777+0000] {processor.py:914} INFO - Processing file /opt/airflow/dags/nba_data_pipeline.py for tasks to queue
[2024-10-29T03:27:09.780+0000] {logging_mixin.py:190} INFO - [2024-10-29T03:27:09.780+0000] {dagbag.py:587} INFO - Filling up the DagBag from /opt/airflow/dags/nba_data_pipeline.py
[2024-10-29T03:27:09.794+0000] {processor.py:925} INFO - DAG(s) 'nba_data_pipeline' retrieved from /opt/airflow/dags/nba_data_pipeline.py
[2024-10-29T03:27:10.000+0000] {logging_mixin.py:190} INFO - [2024-10-29T03:27:09.999+0000] {dag.py:3229} INFO - Sync 1 DAGs
[2024-10-29T03:27:10.033+0000] {logging_mixin.py:190} INFO - [2024-10-29T03:27:10.032+0000] {dag.py:4156} INFO - Setting next_dagrun for nba_data_pipeline to 2024-10-29 00:00:00+00:00, run_after=2024-10-30 00:00:00+00:00
[2024-10-29T03:27:10.057+0000] {processor.py:208} INFO - Processing /opt/airflow/dags/nba_data_pipeline.py took 0.294 seconds
[2024-10-29T03:27:40.317+0000] {processor.py:186} INFO - Started process (PID=253) to work on /opt/airflow/dags/nba_data_pipeline.py
[2024-10-29T03:27:40.318+0000] {processor.py:914} INFO - Processing file /opt/airflow/dags/nba_data_pipeline.py for tasks to queue
[2024-10-29T03:27:40.322+0000] {logging_mixin.py:190} INFO - [2024-10-29T03:27:40.322+0000] {dagbag.py:587} INFO - Filling up the DagBag from /opt/airflow/dags/nba_data_pipeline.py
[2024-10-29T03:27:40.335+0000] {processor.py:925} INFO - DAG(s) 'nba_data_pipeline' retrieved from /opt/airflow/dags/nba_data_pipeline.py
[2024-10-29T03:27:40.372+0000] {logging_mixin.py:190} INFO - [2024-10-29T03:27:40.372+0000] {dag.py:3229} INFO - Sync 1 DAGs
[2024-10-29T03:27:40.402+0000] {logging_mixin.py:190} INFO - [2024-10-29T03:27:40.401+0000] {dag.py:4156} INFO - Setting next_dagrun for nba_data_pipeline to 2024-10-29 00:00:00+00:00, run_after=2024-10-30 00:00:00+00:00
[2024-10-29T03:27:40.426+0000] {processor.py:208} INFO - Processing /opt/airflow/dags/nba_data_pipeline.py took 0.120 seconds
[2024-10-29T03:28:10.554+0000] {processor.py:186} INFO - Started process (PID=261) to work on /opt/airflow/dags/nba_data_pipeline.py
[2024-10-29T03:28:10.556+0000] {processor.py:914} INFO - Processing file /opt/airflow/dags/nba_data_pipeline.py for tasks to queue
[2024-10-29T03:28:10.560+0000] {logging_mixin.py:190} INFO - [2024-10-29T03:28:10.559+0000] {dagbag.py:587} INFO - Filling up the DagBag from /opt/airflow/dags/nba_data_pipeline.py
[2024-10-29T03:28:10.573+0000] {processor.py:925} INFO - DAG(s) 'nba_data_pipeline' retrieved from /opt/airflow/dags/nba_data_pipeline.py
[2024-10-29T03:28:10.611+0000] {logging_mixin.py:190} INFO - [2024-10-29T03:28:10.610+0000] {dag.py:3229} INFO - Sync 1 DAGs
[2024-10-29T03:28:10.643+0000] {logging_mixin.py:190} INFO - [2024-10-29T03:28:10.643+0000] {dag.py:4156} INFO - Setting next_dagrun for nba_data_pipeline to 2024-10-29 00:00:00+00:00, run_after=2024-10-30 00:00:00+00:00
[2024-10-29T03:28:10.668+0000] {processor.py:208} INFO - Processing /opt/airflow/dags/nba_data_pipeline.py took 0.125 seconds
[2024-10-29T03:28:40.803+0000] {processor.py:186} INFO - Started process (PID=266) to work on /opt/airflow/dags/nba_data_pipeline.py
[2024-10-29T03:28:40.804+0000] {processor.py:914} INFO - Processing file /opt/airflow/dags/nba_data_pipeline.py for tasks to queue
[2024-10-29T03:28:40.807+0000] {logging_mixin.py:190} INFO - [2024-10-29T03:28:40.807+0000] {dagbag.py:587} INFO - Filling up the DagBag from /opt/airflow/dags/nba_data_pipeline.py
[2024-10-29T03:28:40.821+0000] {processor.py:925} INFO - DAG(s) 'nba_data_pipeline' retrieved from /opt/airflow/dags/nba_data_pipeline.py
[2024-10-29T03:28:40.862+0000] {logging_mixin.py:190} INFO - [2024-10-29T03:28:40.862+0000] {dag.py:3229} INFO - Sync 1 DAGs
[2024-10-29T03:28:40.897+0000] {logging_mixin.py:190} INFO - [2024-10-29T03:28:40.896+0000] {dag.py:4156} INFO - Setting next_dagrun for nba_data_pipeline to 2024-10-29 00:00:00+00:00, run_after=2024-10-30 00:00:00+00:00
[2024-10-29T03:28:41.081+0000] {processor.py:208} INFO - Processing /opt/airflow/dags/nba_data_pipeline.py took 0.288 seconds
[2024-10-29T03:35:39.711+0000] {processor.py:186} INFO - Started process (PID=190) to work on /opt/airflow/dags/nba_data_pipeline.py
[2024-10-29T03:35:39.712+0000] {processor.py:914} INFO - Processing file /opt/airflow/dags/nba_data_pipeline.py for tasks to queue
[2024-10-29T03:35:39.714+0000] {logging_mixin.py:190} INFO - [2024-10-29T03:35:39.714+0000] {dagbag.py:587} INFO - Filling up the DagBag from /opt/airflow/dags/nba_data_pipeline.py
[2024-10-29T03:35:39.741+0000] {processor.py:925} INFO - DAG(s) 'nba_data_pipeline' retrieved from /opt/airflow/dags/nba_data_pipeline.py
[2024-10-29T03:35:40.004+0000] {logging_mixin.py:190} INFO - [2024-10-29T03:35:40.004+0000] {override.py:1900} INFO - Created Permission View: can delete on DAG:nba_data_pipeline
[2024-10-29T03:35:40.015+0000] {logging_mixin.py:190} INFO - [2024-10-29T03:35:40.015+0000] {override.py:1900} INFO - Created Permission View: can edit on DAG:nba_data_pipeline
[2024-10-29T03:35:40.022+0000] {logging_mixin.py:190} INFO - [2024-10-29T03:35:40.022+0000] {override.py:1900} INFO - Created Permission View: can read on DAG:nba_data_pipeline
[2024-10-29T03:35:40.029+0000] {logging_mixin.py:190} INFO - [2024-10-29T03:35:40.028+0000] {override.py:1900} INFO - Created Permission View: can delete on DAG Run:nba_data_pipeline
[2024-10-29T03:35:40.035+0000] {logging_mixin.py:190} INFO - [2024-10-29T03:35:40.034+0000] {override.py:1900} INFO - Created Permission View: can create on DAG Run:nba_data_pipeline
[2024-10-29T03:35:40.040+0000] {logging_mixin.py:190} INFO - [2024-10-29T03:35:40.040+0000] {override.py:1900} INFO - Created Permission View: menu access on DAG Run:nba_data_pipeline
[2024-10-29T03:35:40.046+0000] {logging_mixin.py:190} INFO - [2024-10-29T03:35:40.045+0000] {override.py:1900} INFO - Created Permission View: can read on DAG Run:nba_data_pipeline
[2024-10-29T03:35:40.046+0000] {logging_mixin.py:190} INFO - [2024-10-29T03:35:40.046+0000] {dag.py:3229} INFO - Sync 1 DAGs
[2024-10-29T03:35:40.060+0000] {logging_mixin.py:190} INFO - [2024-10-29T03:35:40.059+0000] {dag.py:3252} INFO - Creating ORM DAG for nba_data_pipeline
[2024-10-29T03:35:40.071+0000] {logging_mixin.py:190} INFO - [2024-10-29T03:35:40.070+0000] {dag.py:4156} INFO - Setting next_dagrun for nba_data_pipeline to 2024-10-28 00:00:00+00:00, run_after=2024-10-29 00:00:00+00:00
[2024-10-29T03:35:40.092+0000] {processor.py:208} INFO - Processing /opt/airflow/dags/nba_data_pipeline.py took 0.391 seconds
[2024-10-29T03:36:10.307+0000] {processor.py:186} INFO - Started process (PID=195) to work on /opt/airflow/dags/nba_data_pipeline.py
[2024-10-29T03:36:10.308+0000] {processor.py:914} INFO - Processing file /opt/airflow/dags/nba_data_pipeline.py for tasks to queue
[2024-10-29T03:36:10.311+0000] {logging_mixin.py:190} INFO - [2024-10-29T03:36:10.311+0000] {dagbag.py:587} INFO - Filling up the DagBag from /opt/airflow/dags/nba_data_pipeline.py
[2024-10-29T03:36:10.324+0000] {processor.py:925} INFO - DAG(s) 'nba_data_pipeline' retrieved from /opt/airflow/dags/nba_data_pipeline.py
[2024-10-29T03:36:10.359+0000] {logging_mixin.py:190} INFO - [2024-10-29T03:36:10.358+0000] {dag.py:3229} INFO - Sync 1 DAGs
[2024-10-29T03:36:10.386+0000] {logging_mixin.py:190} INFO - [2024-10-29T03:36:10.386+0000] {dag.py:4156} INFO - Setting next_dagrun for nba_data_pipeline to 2024-10-28 00:00:00+00:00, run_after=2024-10-29 00:00:00+00:00
[2024-10-29T03:36:10.408+0000] {processor.py:208} INFO - Processing /opt/airflow/dags/nba_data_pipeline.py took 0.111 seconds
[2024-10-29T03:36:40.562+0000] {processor.py:186} INFO - Started process (PID=200) to work on /opt/airflow/dags/nba_data_pipeline.py
[2024-10-29T03:36:40.563+0000] {processor.py:914} INFO - Processing file /opt/airflow/dags/nba_data_pipeline.py for tasks to queue
[2024-10-29T03:36:40.565+0000] {logging_mixin.py:190} INFO - [2024-10-29T03:36:40.565+0000] {dagbag.py:587} INFO - Filling up the DagBag from /opt/airflow/dags/nba_data_pipeline.py
[2024-10-29T03:36:40.577+0000] {processor.py:925} INFO - DAG(s) 'nba_data_pipeline' retrieved from /opt/airflow/dags/nba_data_pipeline.py
[2024-10-29T03:36:40.609+0000] {logging_mixin.py:190} INFO - [2024-10-29T03:36:40.609+0000] {dag.py:3229} INFO - Sync 1 DAGs
[2024-10-29T03:36:40.638+0000] {logging_mixin.py:190} INFO - [2024-10-29T03:36:40.638+0000] {dag.py:4156} INFO - Setting next_dagrun for nba_data_pipeline to 2024-10-28 00:00:00+00:00, run_after=2024-10-29 00:00:00+00:00
[2024-10-29T03:36:40.660+0000] {processor.py:208} INFO - Processing /opt/airflow/dags/nba_data_pipeline.py took 0.107 seconds
[2024-10-29T03:37:10.890+0000] {processor.py:186} INFO - Started process (PID=205) to work on /opt/airflow/dags/nba_data_pipeline.py
[2024-10-29T03:37:10.890+0000] {processor.py:914} INFO - Processing file /opt/airflow/dags/nba_data_pipeline.py for tasks to queue
[2024-10-29T03:37:10.893+0000] {logging_mixin.py:190} INFO - [2024-10-29T03:37:10.893+0000] {dagbag.py:587} INFO - Filling up the DagBag from /opt/airflow/dags/nba_data_pipeline.py
[2024-10-29T03:37:10.902+0000] {processor.py:925} INFO - DAG(s) 'nba_data_pipeline' retrieved from /opt/airflow/dags/nba_data_pipeline.py
[2024-10-29T03:37:10.929+0000] {logging_mixin.py:190} INFO - [2024-10-29T03:37:10.929+0000] {dag.py:3229} INFO - Sync 1 DAGs
[2024-10-29T03:37:10.956+0000] {logging_mixin.py:190} INFO - [2024-10-29T03:37:10.956+0000] {dag.py:4156} INFO - Setting next_dagrun for nba_data_pipeline to 2024-10-28 00:00:00+00:00, run_after=2024-10-29 00:00:00+00:00
[2024-10-29T03:37:10.976+0000] {processor.py:208} INFO - Processing /opt/airflow/dags/nba_data_pipeline.py took 0.093 seconds
[2024-10-29T03:37:41.132+0000] {processor.py:186} INFO - Started process (PID=210) to work on /opt/airflow/dags/nba_data_pipeline.py
[2024-10-29T03:37:41.133+0000] {processor.py:914} INFO - Processing file /opt/airflow/dags/nba_data_pipeline.py for tasks to queue
[2024-10-29T03:37:41.136+0000] {logging_mixin.py:190} INFO - [2024-10-29T03:37:41.136+0000] {dagbag.py:587} INFO - Filling up the DagBag from /opt/airflow/dags/nba_data_pipeline.py
[2024-10-29T03:37:41.146+0000] {processor.py:925} INFO - DAG(s) 'nba_data_pipeline' retrieved from /opt/airflow/dags/nba_data_pipeline.py
[2024-10-29T03:37:41.175+0000] {logging_mixin.py:190} INFO - [2024-10-29T03:37:41.175+0000] {dag.py:3229} INFO - Sync 1 DAGs
[2024-10-29T03:37:41.203+0000] {logging_mixin.py:190} INFO - [2024-10-29T03:37:41.203+0000] {dag.py:4156} INFO - Setting next_dagrun for nba_data_pipeline to 2024-10-28 00:00:00+00:00, run_after=2024-10-29 00:00:00+00:00
[2024-10-29T03:37:41.222+0000] {processor.py:208} INFO - Processing /opt/airflow/dags/nba_data_pipeline.py took 0.097 seconds
[2024-10-29T03:38:11.464+0000] {processor.py:186} INFO - Started process (PID=215) to work on /opt/airflow/dags/nba_data_pipeline.py
[2024-10-29T03:38:11.465+0000] {processor.py:914} INFO - Processing file /opt/airflow/dags/nba_data_pipeline.py for tasks to queue
[2024-10-29T03:38:11.469+0000] {logging_mixin.py:190} INFO - [2024-10-29T03:38:11.468+0000] {dagbag.py:587} INFO - Filling up the DagBag from /opt/airflow/dags/nba_data_pipeline.py
[2024-10-29T03:38:11.482+0000] {processor.py:925} INFO - DAG(s) 'nba_data_pipeline' retrieved from /opt/airflow/dags/nba_data_pipeline.py
[2024-10-29T03:38:11.515+0000] {logging_mixin.py:190} INFO - [2024-10-29T03:38:11.514+0000] {dag.py:3229} INFO - Sync 1 DAGs
[2024-10-29T03:38:11.543+0000] {logging_mixin.py:190} INFO - [2024-10-29T03:38:11.542+0000] {dag.py:4156} INFO - Setting next_dagrun for nba_data_pipeline to 2024-10-28 00:00:00+00:00, run_after=2024-10-29 00:00:00+00:00
[2024-10-29T03:38:11.564+0000] {processor.py:208} INFO - Processing /opt/airflow/dags/nba_data_pipeline.py took 0.110 seconds
[2024-10-29T03:38:41.716+0000] {processor.py:186} INFO - Started process (PID=220) to work on /opt/airflow/dags/nba_data_pipeline.py
[2024-10-29T03:38:41.717+0000] {processor.py:914} INFO - Processing file /opt/airflow/dags/nba_data_pipeline.py for tasks to queue
[2024-10-29T03:38:41.720+0000] {logging_mixin.py:190} INFO - [2024-10-29T03:38:41.719+0000] {dagbag.py:587} INFO - Filling up the DagBag from /opt/airflow/dags/nba_data_pipeline.py
[2024-10-29T03:38:41.733+0000] {processor.py:925} INFO - DAG(s) 'nba_data_pipeline' retrieved from /opt/airflow/dags/nba_data_pipeline.py
[2024-10-29T03:38:41.768+0000] {logging_mixin.py:190} INFO - [2024-10-29T03:38:41.767+0000] {dag.py:3229} INFO - Sync 1 DAGs
[2024-10-29T03:38:41.796+0000] {logging_mixin.py:190} INFO - [2024-10-29T03:38:41.796+0000] {dag.py:4156} INFO - Setting next_dagrun for nba_data_pipeline to 2024-10-28 00:00:00+00:00, run_after=2024-10-29 00:00:00+00:00
[2024-10-29T03:38:41.818+0000] {processor.py:208} INFO - Processing /opt/airflow/dags/nba_data_pipeline.py took 0.113 seconds
[2024-10-29T03:39:12.056+0000] {processor.py:186} INFO - Started process (PID=225) to work on /opt/airflow/dags/nba_data_pipeline.py
[2024-10-29T03:39:12.057+0000] {processor.py:914} INFO - Processing file /opt/airflow/dags/nba_data_pipeline.py for tasks to queue
[2024-10-29T03:39:12.060+0000] {logging_mixin.py:190} INFO - [2024-10-29T03:39:12.059+0000] {dagbag.py:587} INFO - Filling up the DagBag from /opt/airflow/dags/nba_data_pipeline.py
[2024-10-29T03:39:12.073+0000] {processor.py:925} INFO - DAG(s) 'nba_data_pipeline' retrieved from /opt/airflow/dags/nba_data_pipeline.py
[2024-10-29T03:39:12.109+0000] {logging_mixin.py:190} INFO - [2024-10-29T03:39:12.109+0000] {dag.py:3229} INFO - Sync 1 DAGs
[2024-10-29T03:39:12.139+0000] {logging_mixin.py:190} INFO - [2024-10-29T03:39:12.139+0000] {dag.py:4156} INFO - Setting next_dagrun for nba_data_pipeline to 2024-10-28 00:00:00+00:00, run_after=2024-10-29 00:00:00+00:00
[2024-10-29T03:39:12.160+0000] {processor.py:208} INFO - Processing /opt/airflow/dags/nba_data_pipeline.py took 0.115 seconds
[2024-10-29T03:39:42.322+0000] {processor.py:186} INFO - Started process (PID=230) to work on /opt/airflow/dags/nba_data_pipeline.py
[2024-10-29T03:39:42.323+0000] {processor.py:914} INFO - Processing file /opt/airflow/dags/nba_data_pipeline.py for tasks to queue
[2024-10-29T03:39:42.326+0000] {logging_mixin.py:190} INFO - [2024-10-29T03:39:42.326+0000] {dagbag.py:587} INFO - Filling up the DagBag from /opt/airflow/dags/nba_data_pipeline.py
[2024-10-29T03:39:42.340+0000] {processor.py:925} INFO - DAG(s) 'nba_data_pipeline' retrieved from /opt/airflow/dags/nba_data_pipeline.py
[2024-10-29T03:39:42.374+0000] {logging_mixin.py:190} INFO - [2024-10-29T03:39:42.374+0000] {dag.py:3229} INFO - Sync 1 DAGs
[2024-10-29T03:39:42.404+0000] {logging_mixin.py:190} INFO - [2024-10-29T03:39:42.403+0000] {dag.py:4156} INFO - Setting next_dagrun for nba_data_pipeline to 2024-10-28 00:00:00+00:00, run_after=2024-10-29 00:00:00+00:00
[2024-10-29T03:39:42.589+0000] {processor.py:208} INFO - Processing /opt/airflow/dags/nba_data_pipeline.py took 0.277 seconds
[2024-10-29T03:40:12.648+0000] {processor.py:186} INFO - Started process (PID=235) to work on /opt/airflow/dags/nba_data_pipeline.py
[2024-10-29T03:40:12.649+0000] {processor.py:914} INFO - Processing file /opt/airflow/dags/nba_data_pipeline.py for tasks to queue
[2024-10-29T03:40:12.652+0000] {logging_mixin.py:190} INFO - [2024-10-29T03:40:12.652+0000] {dagbag.py:587} INFO - Filling up the DagBag from /opt/airflow/dags/nba_data_pipeline.py
[2024-10-29T03:40:12.665+0000] {processor.py:925} INFO - DAG(s) 'nba_data_pipeline' retrieved from /opt/airflow/dags/nba_data_pipeline.py
[2024-10-29T03:40:12.700+0000] {logging_mixin.py:190} INFO - [2024-10-29T03:40:12.700+0000] {dag.py:3229} INFO - Sync 1 DAGs
[2024-10-29T03:40:12.894+0000] {logging_mixin.py:190} INFO - [2024-10-29T03:40:12.894+0000] {dag.py:4156} INFO - Setting next_dagrun for nba_data_pipeline to 2024-10-28 00:00:00+00:00, run_after=2024-10-29 00:00:00+00:00
[2024-10-29T03:40:12.920+0000] {processor.py:208} INFO - Processing /opt/airflow/dags/nba_data_pipeline.py took 0.282 seconds
[2024-10-29T03:40:43.171+0000] {processor.py:186} INFO - Started process (PID=240) to work on /opt/airflow/dags/nba_data_pipeline.py
[2024-10-29T03:40:43.172+0000] {processor.py:914} INFO - Processing file /opt/airflow/dags/nba_data_pipeline.py for tasks to queue
[2024-10-29T03:40:43.175+0000] {logging_mixin.py:190} INFO - [2024-10-29T03:40:43.175+0000] {dagbag.py:587} INFO - Filling up the DagBag from /opt/airflow/dags/nba_data_pipeline.py
[2024-10-29T03:40:43.188+0000] {processor.py:925} INFO - DAG(s) 'nba_data_pipeline' retrieved from /opt/airflow/dags/nba_data_pipeline.py
[2024-10-29T03:40:43.221+0000] {logging_mixin.py:190} INFO - [2024-10-29T03:40:43.221+0000] {dag.py:3229} INFO - Sync 1 DAGs
[2024-10-29T03:40:43.399+0000] {logging_mixin.py:190} INFO - [2024-10-29T03:40:43.399+0000] {dag.py:4156} INFO - Setting next_dagrun for nba_data_pipeline to 2024-10-28 00:00:00+00:00, run_after=2024-10-29 00:00:00+00:00
[2024-10-29T03:40:43.421+0000] {processor.py:208} INFO - Processing /opt/airflow/dags/nba_data_pipeline.py took 0.261 seconds
[2024-10-29T03:41:13.692+0000] {processor.py:186} INFO - Started process (PID=245) to work on /opt/airflow/dags/nba_data_pipeline.py
[2024-10-29T03:41:13.693+0000] {processor.py:914} INFO - Processing file /opt/airflow/dags/nba_data_pipeline.py for tasks to queue
[2024-10-29T03:41:13.696+0000] {logging_mixin.py:190} INFO - [2024-10-29T03:41:13.696+0000] {dagbag.py:587} INFO - Filling up the DagBag from /opt/airflow/dags/nba_data_pipeline.py
[2024-10-29T03:41:13.710+0000] {processor.py:925} INFO - DAG(s) 'nba_data_pipeline' retrieved from /opt/airflow/dags/nba_data_pipeline.py
[2024-10-29T03:41:13.905+0000] {logging_mixin.py:190} INFO - [2024-10-29T03:41:13.905+0000] {dag.py:3229} INFO - Sync 1 DAGs
[2024-10-29T03:41:13.934+0000] {logging_mixin.py:190} INFO - [2024-10-29T03:41:13.933+0000] {dag.py:4156} INFO - Setting next_dagrun for nba_data_pipeline to 2024-10-28 00:00:00+00:00, run_after=2024-10-29 00:00:00+00:00
[2024-10-29T03:41:13.956+0000] {processor.py:208} INFO - Processing /opt/airflow/dags/nba_data_pipeline.py took 0.275 seconds
[2024-10-29T03:41:44.053+0000] {processor.py:186} INFO - Started process (PID=253) to work on /opt/airflow/dags/nba_data_pipeline.py
[2024-10-29T03:41:44.054+0000] {processor.py:914} INFO - Processing file /opt/airflow/dags/nba_data_pipeline.py for tasks to queue
[2024-10-29T03:41:44.058+0000] {logging_mixin.py:190} INFO - [2024-10-29T03:41:44.058+0000] {dagbag.py:587} INFO - Filling up the DagBag from /opt/airflow/dags/nba_data_pipeline.py
[2024-10-29T03:41:44.071+0000] {processor.py:925} INFO - DAG(s) 'nba_data_pipeline' retrieved from /opt/airflow/dags/nba_data_pipeline.py
[2024-10-29T03:41:44.107+0000] {logging_mixin.py:190} INFO - [2024-10-29T03:41:44.107+0000] {dag.py:3229} INFO - Sync 1 DAGs
[2024-10-29T03:41:44.137+0000] {logging_mixin.py:190} INFO - [2024-10-29T03:41:44.137+0000] {dag.py:4156} INFO - Setting next_dagrun for nba_data_pipeline to 2024-10-29 00:00:00+00:00, run_after=2024-10-30 00:00:00+00:00
[2024-10-29T03:41:44.158+0000] {processor.py:208} INFO - Processing /opt/airflow/dags/nba_data_pipeline.py took 0.116 seconds
[2024-10-29T03:42:14.288+0000] {processor.py:186} INFO - Started process (PID=258) to work on /opt/airflow/dags/nba_data_pipeline.py
[2024-10-29T03:42:14.289+0000] {processor.py:914} INFO - Processing file /opt/airflow/dags/nba_data_pipeline.py for tasks to queue
[2024-10-29T03:42:14.292+0000] {logging_mixin.py:190} INFO - [2024-10-29T03:42:14.292+0000] {dagbag.py:587} INFO - Filling up the DagBag from /opt/airflow/dags/nba_data_pipeline.py
[2024-10-29T03:42:14.303+0000] {processor.py:925} INFO - DAG(s) 'nba_data_pipeline' retrieved from /opt/airflow/dags/nba_data_pipeline.py
[2024-10-29T03:42:14.336+0000] {logging_mixin.py:190} INFO - [2024-10-29T03:42:14.335+0000] {dag.py:3229} INFO - Sync 1 DAGs
[2024-10-29T03:42:14.364+0000] {logging_mixin.py:190} INFO - [2024-10-29T03:42:14.364+0000] {dag.py:4156} INFO - Setting next_dagrun for nba_data_pipeline to 2024-10-29 00:00:00+00:00, run_after=2024-10-30 00:00:00+00:00
[2024-10-29T03:42:14.386+0000] {processor.py:208} INFO - Processing /opt/airflow/dags/nba_data_pipeline.py took 0.107 seconds
[2024-10-29T03:42:44.632+0000] {processor.py:186} INFO - Started process (PID=263) to work on /opt/airflow/dags/nba_data_pipeline.py
[2024-10-29T03:42:44.633+0000] {processor.py:914} INFO - Processing file /opt/airflow/dags/nba_data_pipeline.py for tasks to queue
[2024-10-29T03:42:44.636+0000] {logging_mixin.py:190} INFO - [2024-10-29T03:42:44.636+0000] {dagbag.py:587} INFO - Filling up the DagBag from /opt/airflow/dags/nba_data_pipeline.py
[2024-10-29T03:42:44.648+0000] {processor.py:925} INFO - DAG(s) 'nba_data_pipeline' retrieved from /opt/airflow/dags/nba_data_pipeline.py
[2024-10-29T03:42:44.682+0000] {logging_mixin.py:190} INFO - [2024-10-29T03:42:44.682+0000] {dag.py:3229} INFO - Sync 1 DAGs
[2024-10-29T03:42:44.713+0000] {logging_mixin.py:190} INFO - [2024-10-29T03:42:44.712+0000] {dag.py:4156} INFO - Setting next_dagrun for nba_data_pipeline to 2024-10-29 00:00:00+00:00, run_after=2024-10-30 00:00:00+00:00
[2024-10-29T03:42:44.901+0000] {processor.py:208} INFO - Processing /opt/airflow/dags/nba_data_pipeline.py took 0.280 seconds
[2024-10-29T03:43:15.148+0000] {processor.py:186} INFO - Started process (PID=268) to work on /opt/airflow/dags/nba_data_pipeline.py
[2024-10-29T03:43:15.150+0000] {processor.py:914} INFO - Processing file /opt/airflow/dags/nba_data_pipeline.py for tasks to queue
[2024-10-29T03:43:15.153+0000] {logging_mixin.py:190} INFO - [2024-10-29T03:43:15.152+0000] {dagbag.py:587} INFO - Filling up the DagBag from /opt/airflow/dags/nba_data_pipeline.py
[2024-10-29T03:43:15.166+0000] {processor.py:925} INFO - DAG(s) 'nba_data_pipeline' retrieved from /opt/airflow/dags/nba_data_pipeline.py
[2024-10-29T03:43:15.202+0000] {logging_mixin.py:190} INFO - [2024-10-29T03:43:15.202+0000] {dag.py:3229} INFO - Sync 1 DAGs
[2024-10-29T03:43:15.402+0000] {logging_mixin.py:190} INFO - [2024-10-29T03:43:15.402+0000] {dag.py:4156} INFO - Setting next_dagrun for nba_data_pipeline to 2024-10-29 00:00:00+00:00, run_after=2024-10-30 00:00:00+00:00
[2024-10-29T03:43:15.426+0000] {processor.py:208} INFO - Processing /opt/airflow/dags/nba_data_pipeline.py took 0.288 seconds
[2024-10-29T03:43:45.685+0000] {processor.py:186} INFO - Started process (PID=273) to work on /opt/airflow/dags/nba_data_pipeline.py
[2024-10-29T03:43:45.686+0000] {processor.py:914} INFO - Processing file /opt/airflow/dags/nba_data_pipeline.py for tasks to queue
[2024-10-29T03:43:45.689+0000] {logging_mixin.py:190} INFO - [2024-10-29T03:43:45.689+0000] {dagbag.py:587} INFO - Filling up the DagBag from /opt/airflow/dags/nba_data_pipeline.py
[2024-10-29T03:43:45.703+0000] {processor.py:925} INFO - DAG(s) 'nba_data_pipeline' retrieved from /opt/airflow/dags/nba_data_pipeline.py
[2024-10-29T03:43:45.900+0000] {logging_mixin.py:190} INFO - [2024-10-29T03:43:45.899+0000] {dag.py:3229} INFO - Sync 1 DAGs
[2024-10-29T03:43:45.932+0000] {logging_mixin.py:190} INFO - [2024-10-29T03:43:45.932+0000] {dag.py:4156} INFO - Setting next_dagrun for nba_data_pipeline to 2024-10-29 00:00:00+00:00, run_after=2024-10-30 00:00:00+00:00
[2024-10-29T03:43:45.956+0000] {processor.py:208} INFO - Processing /opt/airflow/dags/nba_data_pipeline.py took 0.282 seconds
[2024-10-29T03:44:16.204+0000] {processor.py:186} INFO - Started process (PID=278) to work on /opt/airflow/dags/nba_data_pipeline.py
[2024-10-29T03:44:16.205+0000] {processor.py:914} INFO - Processing file /opt/airflow/dags/nba_data_pipeline.py for tasks to queue
[2024-10-29T03:44:16.208+0000] {logging_mixin.py:190} INFO - [2024-10-29T03:44:16.208+0000] {dagbag.py:587} INFO - Filling up the DagBag from /opt/airflow/dags/nba_data_pipeline.py
[2024-10-29T03:44:16.219+0000] {processor.py:925} INFO - DAG(s) 'nba_data_pipeline' retrieved from /opt/airflow/dags/nba_data_pipeline.py
[2024-10-29T03:44:16.257+0000] {logging_mixin.py:190} INFO - [2024-10-29T03:44:16.257+0000] {dag.py:3229} INFO - Sync 1 DAGs
[2024-10-29T03:44:16.291+0000] {logging_mixin.py:190} INFO - [2024-10-29T03:44:16.291+0000] {dag.py:4156} INFO - Setting next_dagrun for nba_data_pipeline to 2024-10-29 00:00:00+00:00, run_after=2024-10-30 00:00:00+00:00
[2024-10-29T03:44:16.314+0000] {processor.py:208} INFO - Processing /opt/airflow/dags/nba_data_pipeline.py took 0.119 seconds
[2024-10-29T03:44:46.448+0000] {processor.py:186} INFO - Started process (PID=283) to work on /opt/airflow/dags/nba_data_pipeline.py
[2024-10-29T03:44:46.449+0000] {processor.py:914} INFO - Processing file /opt/airflow/dags/nba_data_pipeline.py for tasks to queue
[2024-10-29T03:44:46.452+0000] {logging_mixin.py:190} INFO - [2024-10-29T03:44:46.452+0000] {dagbag.py:587} INFO - Filling up the DagBag from /opt/airflow/dags/nba_data_pipeline.py
[2024-10-29T03:44:46.465+0000] {processor.py:925} INFO - DAG(s) 'nba_data_pipeline' retrieved from /opt/airflow/dags/nba_data_pipeline.py
[2024-10-29T03:44:46.503+0000] {logging_mixin.py:190} INFO - [2024-10-29T03:44:46.503+0000] {dag.py:3229} INFO - Sync 1 DAGs
[2024-10-29T03:44:46.534+0000] {logging_mixin.py:190} INFO - [2024-10-29T03:44:46.534+0000] {dag.py:4156} INFO - Setting next_dagrun for nba_data_pipeline to 2024-10-29 00:00:00+00:00, run_after=2024-10-30 00:00:00+00:00
[2024-10-29T03:44:46.555+0000] {processor.py:208} INFO - Processing /opt/airflow/dags/nba_data_pipeline.py took 0.118 seconds
[2024-10-29T03:45:16.779+0000] {processor.py:186} INFO - Started process (PID=288) to work on /opt/airflow/dags/nba_data_pipeline.py
[2024-10-29T03:45:16.780+0000] {processor.py:914} INFO - Processing file /opt/airflow/dags/nba_data_pipeline.py for tasks to queue
[2024-10-29T03:45:16.784+0000] {logging_mixin.py:190} INFO - [2024-10-29T03:45:16.783+0000] {dagbag.py:587} INFO - Filling up the DagBag from /opt/airflow/dags/nba_data_pipeline.py
[2024-10-29T03:45:16.796+0000] {processor.py:925} INFO - DAG(s) 'nba_data_pipeline' retrieved from /opt/airflow/dags/nba_data_pipeline.py
[2024-10-29T03:45:16.836+0000] {logging_mixin.py:190} INFO - [2024-10-29T03:45:16.836+0000] {dag.py:3229} INFO - Sync 1 DAGs
[2024-10-29T03:45:16.867+0000] {logging_mixin.py:190} INFO - [2024-10-29T03:45:16.867+0000] {dag.py:4156} INFO - Setting next_dagrun for nba_data_pipeline to 2024-10-29 00:00:00+00:00, run_after=2024-10-30 00:00:00+00:00
[2024-10-29T03:45:16.891+0000] {processor.py:208} INFO - Processing /opt/airflow/dags/nba_data_pipeline.py took 0.122 seconds
[2024-10-29T03:45:47.060+0000] {processor.py:186} INFO - Started process (PID=296) to work on /opt/airflow/dags/nba_data_pipeline.py
[2024-10-29T03:45:47.061+0000] {processor.py:914} INFO - Processing file /opt/airflow/dags/nba_data_pipeline.py for tasks to queue
[2024-10-29T03:45:47.064+0000] {logging_mixin.py:190} INFO - [2024-10-29T03:45:47.063+0000] {dagbag.py:587} INFO - Filling up the DagBag from /opt/airflow/dags/nba_data_pipeline.py
[2024-10-29T03:45:47.077+0000] {processor.py:925} INFO - DAG(s) 'nba_data_pipeline' retrieved from /opt/airflow/dags/nba_data_pipeline.py
[2024-10-29T03:45:47.115+0000] {logging_mixin.py:190} INFO - [2024-10-29T03:45:47.114+0000] {dag.py:3229} INFO - Sync 1 DAGs
[2024-10-29T03:45:47.314+0000] {logging_mixin.py:190} INFO - [2024-10-29T03:45:47.313+0000] {dag.py:4156} INFO - Setting next_dagrun for nba_data_pipeline to 2024-10-29 00:00:00+00:00, run_after=2024-10-30 00:00:00+00:00
[2024-10-29T03:45:47.338+0000] {processor.py:208} INFO - Processing /opt/airflow/dags/nba_data_pipeline.py took 0.291 seconds
[2024-10-29T03:46:17.428+0000] {processor.py:186} INFO - Started process (PID=301) to work on /opt/airflow/dags/nba_data_pipeline.py
[2024-10-29T03:46:17.429+0000] {processor.py:914} INFO - Processing file /opt/airflow/dags/nba_data_pipeline.py for tasks to queue
[2024-10-29T03:46:17.433+0000] {logging_mixin.py:190} INFO - [2024-10-29T03:46:17.432+0000] {dagbag.py:587} INFO - Filling up the DagBag from /opt/airflow/dags/nba_data_pipeline.py
[2024-10-29T03:46:17.446+0000] {processor.py:925} INFO - DAG(s) 'nba_data_pipeline' retrieved from /opt/airflow/dags/nba_data_pipeline.py
[2024-10-29T03:46:17.484+0000] {logging_mixin.py:190} INFO - [2024-10-29T03:46:17.483+0000] {dag.py:3229} INFO - Sync 1 DAGs
[2024-10-29T03:46:17.684+0000] {logging_mixin.py:190} INFO - [2024-10-29T03:46:17.683+0000] {dag.py:4156} INFO - Setting next_dagrun for nba_data_pipeline to 2024-10-29 00:00:00+00:00, run_after=2024-10-30 00:00:00+00:00
[2024-10-29T03:46:17.707+0000] {processor.py:208} INFO - Processing /opt/airflow/dags/nba_data_pipeline.py took 0.289 seconds
[2024-10-29T03:46:47.832+0000] {processor.py:186} INFO - Started process (PID=306) to work on /opt/airflow/dags/nba_data_pipeline.py
[2024-10-29T03:46:47.832+0000] {processor.py:914} INFO - Processing file /opt/airflow/dags/nba_data_pipeline.py for tasks to queue
[2024-10-29T03:46:47.836+0000] {logging_mixin.py:190} INFO - [2024-10-29T03:46:47.835+0000] {dagbag.py:587} INFO - Filling up the DagBag from /opt/airflow/dags/nba_data_pipeline.py
[2024-10-29T03:46:47.848+0000] {processor.py:925} INFO - DAG(s) 'nba_data_pipeline' retrieved from /opt/airflow/dags/nba_data_pipeline.py
[2024-10-29T03:46:48.054+0000] {logging_mixin.py:190} INFO - [2024-10-29T03:46:48.054+0000] {dag.py:3229} INFO - Sync 1 DAGs
[2024-10-29T03:46:48.084+0000] {logging_mixin.py:190} INFO - [2024-10-29T03:46:48.084+0000] {dag.py:4156} INFO - Setting next_dagrun for nba_data_pipeline to 2024-10-29 00:00:00+00:00, run_after=2024-10-30 00:00:00+00:00
[2024-10-29T03:46:48.108+0000] {processor.py:208} INFO - Processing /opt/airflow/dags/nba_data_pipeline.py took 0.287 seconds
[2024-10-29T03:47:18.200+0000] {processor.py:186} INFO - Started process (PID=311) to work on /opt/airflow/dags/nba_data_pipeline.py
[2024-10-29T03:47:18.201+0000] {processor.py:914} INFO - Processing file /opt/airflow/dags/nba_data_pipeline.py for tasks to queue
[2024-10-29T03:47:18.205+0000] {logging_mixin.py:190} INFO - [2024-10-29T03:47:18.204+0000] {dagbag.py:587} INFO - Filling up the DagBag from /opt/airflow/dags/nba_data_pipeline.py
[2024-10-29T03:47:18.217+0000] {processor.py:925} INFO - DAG(s) 'nba_data_pipeline' retrieved from /opt/airflow/dags/nba_data_pipeline.py
[2024-10-29T03:47:18.253+0000] {logging_mixin.py:190} INFO - [2024-10-29T03:47:18.253+0000] {dag.py:3229} INFO - Sync 1 DAGs
[2024-10-29T03:47:18.284+0000] {logging_mixin.py:190} INFO - [2024-10-29T03:47:18.283+0000] {dag.py:4156} INFO - Setting next_dagrun for nba_data_pipeline to 2024-10-29 00:00:00+00:00, run_after=2024-10-30 00:00:00+00:00
[2024-10-29T03:47:18.306+0000] {processor.py:208} INFO - Processing /opt/airflow/dags/nba_data_pipeline.py took 0.116 seconds
[2024-10-29T03:47:48.451+0000] {processor.py:186} INFO - Started process (PID=316) to work on /opt/airflow/dags/nba_data_pipeline.py
[2024-10-29T03:47:48.452+0000] {processor.py:914} INFO - Processing file /opt/airflow/dags/nba_data_pipeline.py for tasks to queue
[2024-10-29T03:47:48.456+0000] {logging_mixin.py:190} INFO - [2024-10-29T03:47:48.455+0000] {dagbag.py:587} INFO - Filling up the DagBag from /opt/airflow/dags/nba_data_pipeline.py
[2024-10-29T03:47:48.469+0000] {processor.py:925} INFO - DAG(s) 'nba_data_pipeline' retrieved from /opt/airflow/dags/nba_data_pipeline.py
[2024-10-29T03:47:48.505+0000] {logging_mixin.py:190} INFO - [2024-10-29T03:47:48.504+0000] {dag.py:3229} INFO - Sync 1 DAGs
[2024-10-29T03:47:48.536+0000] {logging_mixin.py:190} INFO - [2024-10-29T03:47:48.536+0000] {dag.py:4156} INFO - Setting next_dagrun for nba_data_pipeline to 2024-10-29 00:00:00+00:00, run_after=2024-10-30 00:00:00+00:00
[2024-10-29T03:47:48.562+0000] {processor.py:208} INFO - Processing /opt/airflow/dags/nba_data_pipeline.py took 0.122 seconds
[2024-10-29T03:48:18.884+0000] {processor.py:186} INFO - Started process (PID=321) to work on /opt/airflow/dags/nba_data_pipeline.py
[2024-10-29T03:48:18.885+0000] {processor.py:914} INFO - Processing file /opt/airflow/dags/nba_data_pipeline.py for tasks to queue
[2024-10-29T03:48:18.889+0000] {logging_mixin.py:190} INFO - [2024-10-29T03:48:18.889+0000] {dagbag.py:587} INFO - Filling up the DagBag from /opt/airflow/dags/nba_data_pipeline.py
[2024-10-29T03:48:18.901+0000] {processor.py:925} INFO - DAG(s) 'nba_data_pipeline' retrieved from /opt/airflow/dags/nba_data_pipeline.py
[2024-10-29T03:48:18.936+0000] {logging_mixin.py:190} INFO - [2024-10-29T03:48:18.936+0000] {dag.py:3229} INFO - Sync 1 DAGs
[2024-10-29T03:48:18.970+0000] {logging_mixin.py:190} INFO - [2024-10-29T03:48:18.970+0000] {dag.py:4156} INFO - Setting next_dagrun for nba_data_pipeline to 2024-10-29 00:00:00+00:00, run_after=2024-10-30 00:00:00+00:00
[2024-10-29T03:48:19.153+0000] {processor.py:208} INFO - Processing /opt/airflow/dags/nba_data_pipeline.py took 0.279 seconds
[2024-10-29T03:48:49.419+0000] {processor.py:186} INFO - Started process (PID=326) to work on /opt/airflow/dags/nba_data_pipeline.py
[2024-10-29T03:48:49.420+0000] {processor.py:914} INFO - Processing file /opt/airflow/dags/nba_data_pipeline.py for tasks to queue
[2024-10-29T03:48:49.424+0000] {logging_mixin.py:190} INFO - [2024-10-29T03:48:49.423+0000] {dagbag.py:587} INFO - Filling up the DagBag from /opt/airflow/dags/nba_data_pipeline.py
[2024-10-29T03:48:49.437+0000] {processor.py:925} INFO - DAG(s) 'nba_data_pipeline' retrieved from /opt/airflow/dags/nba_data_pipeline.py
[2024-10-29T03:48:49.473+0000] {logging_mixin.py:190} INFO - [2024-10-29T03:48:49.473+0000] {dag.py:3229} INFO - Sync 1 DAGs
[2024-10-29T03:48:49.669+0000] {logging_mixin.py:190} INFO - [2024-10-29T03:48:49.668+0000] {dag.py:4156} INFO - Setting next_dagrun for nba_data_pipeline to 2024-10-29 00:00:00+00:00, run_after=2024-10-30 00:00:00+00:00
[2024-10-29T03:48:49.690+0000] {processor.py:208} INFO - Processing /opt/airflow/dags/nba_data_pipeline.py took 0.283 seconds
[2024-10-29T03:49:20.021+0000] {processor.py:186} INFO - Started process (PID=331) to work on /opt/airflow/dags/nba_data_pipeline.py
[2024-10-29T03:49:20.022+0000] {processor.py:914} INFO - Processing file /opt/airflow/dags/nba_data_pipeline.py for tasks to queue
[2024-10-29T03:49:20.026+0000] {logging_mixin.py:190} INFO - [2024-10-29T03:49:20.026+0000] {dagbag.py:587} INFO - Filling up the DagBag from /opt/airflow/dags/nba_data_pipeline.py
[2024-10-29T03:49:20.039+0000] {processor.py:925} INFO - DAG(s) 'nba_data_pipeline' retrieved from /opt/airflow/dags/nba_data_pipeline.py
[2024-10-29T03:49:20.075+0000] {logging_mixin.py:190} INFO - [2024-10-29T03:49:20.075+0000] {dag.py:3229} INFO - Sync 1 DAGs
[2024-10-29T03:49:20.275+0000] {logging_mixin.py:190} INFO - [2024-10-29T03:49:20.275+0000] {dag.py:4156} INFO - Setting next_dagrun for nba_data_pipeline to 2024-10-29 00:00:00+00:00, run_after=2024-10-30 00:00:00+00:00
[2024-10-29T03:49:20.297+0000] {processor.py:208} INFO - Processing /opt/airflow/dags/nba_data_pipeline.py took 0.287 seconds
[2024-10-29T03:49:50.555+0000] {processor.py:186} INFO - Started process (PID=336) to work on /opt/airflow/dags/nba_data_pipeline.py
[2024-10-29T03:49:50.556+0000] {processor.py:914} INFO - Processing file /opt/airflow/dags/nba_data_pipeline.py for tasks to queue
[2024-10-29T03:49:50.560+0000] {logging_mixin.py:190} INFO - [2024-10-29T03:49:50.559+0000] {dagbag.py:587} INFO - Filling up the DagBag from /opt/airflow/dags/nba_data_pipeline.py
[2024-10-29T03:49:50.573+0000] {processor.py:925} INFO - DAG(s) 'nba_data_pipeline' retrieved from /opt/airflow/dags/nba_data_pipeline.py
[2024-10-29T03:49:50.783+0000] {logging_mixin.py:190} INFO - [2024-10-29T03:49:50.782+0000] {dag.py:3229} INFO - Sync 1 DAGs
[2024-10-29T03:49:50.812+0000] {logging_mixin.py:190} INFO - [2024-10-29T03:49:50.812+0000] {dag.py:4156} INFO - Setting next_dagrun for nba_data_pipeline to 2024-10-29 00:00:00+00:00, run_after=2024-10-30 00:00:00+00:00
[2024-10-29T03:49:50.835+0000] {processor.py:208} INFO - Processing /opt/airflow/dags/nba_data_pipeline.py took 0.292 seconds
[2024-10-29T03:50:21.162+0000] {processor.py:186} INFO - Started process (PID=341) to work on /opt/airflow/dags/nba_data_pipeline.py
[2024-10-29T03:50:21.163+0000] {processor.py:914} INFO - Processing file /opt/airflow/dags/nba_data_pipeline.py for tasks to queue
[2024-10-29T03:50:21.167+0000] {logging_mixin.py:190} INFO - [2024-10-29T03:50:21.166+0000] {dagbag.py:587} INFO - Filling up the DagBag from /opt/airflow/dags/nba_data_pipeline.py
[2024-10-29T03:50:21.180+0000] {processor.py:925} INFO - DAG(s) 'nba_data_pipeline' retrieved from /opt/airflow/dags/nba_data_pipeline.py
[2024-10-29T03:50:21.218+0000] {logging_mixin.py:190} INFO - [2024-10-29T03:50:21.217+0000] {dag.py:3229} INFO - Sync 1 DAGs
[2024-10-29T03:50:21.248+0000] {logging_mixin.py:190} INFO - [2024-10-29T03:50:21.247+0000] {dag.py:4156} INFO - Setting next_dagrun for nba_data_pipeline to 2024-10-29 00:00:00+00:00, run_after=2024-10-30 00:00:00+00:00
[2024-10-29T03:50:21.270+0000] {processor.py:208} INFO - Processing /opt/airflow/dags/nba_data_pipeline.py took 0.118 seconds
[2024-10-29T04:36:05.974+0000] {processor.py:186} INFO - Started process (PID=190) to work on /opt/airflow/dags/nba_data_pipeline.py
[2024-10-29T04:36:05.979+0000] {processor.py:914} INFO - Processing file /opt/airflow/dags/nba_data_pipeline.py for tasks to queue
[2024-10-29T04:36:05.988+0000] {logging_mixin.py:190} INFO - [2024-10-29T04:36:05.986+0000] {dagbag.py:587} INFO - Filling up the DagBag from /opt/airflow/dags/nba_data_pipeline.py
[2024-10-29T04:36:06.045+0000] {processor.py:925} INFO - DAG(s) 'nba_data_pipeline' retrieved from /opt/airflow/dags/nba_data_pipeline.py
[2024-10-29T04:36:06.556+0000] {logging_mixin.py:190} INFO - [2024-10-29T04:36:06.555+0000] {override.py:1900} INFO - Created Permission View: can read on DAG:nba_data_pipeline
[2024-10-29T04:36:06.571+0000] {logging_mixin.py:190} INFO - [2024-10-29T04:36:06.570+0000] {override.py:1900} INFO - Created Permission View: can delete on DAG:nba_data_pipeline
[2024-10-29T04:36:06.579+0000] {logging_mixin.py:190} INFO - [2024-10-29T04:36:06.579+0000] {override.py:1900} INFO - Created Permission View: can edit on DAG:nba_data_pipeline
[2024-10-29T04:36:06.588+0000] {logging_mixin.py:190} INFO - [2024-10-29T04:36:06.588+0000] {override.py:1900} INFO - Created Permission View: can read on DAG Run:nba_data_pipeline
[2024-10-29T04:36:06.603+0000] {logging_mixin.py:190} INFO - [2024-10-29T04:36:06.602+0000] {override.py:1900} INFO - Created Permission View: can delete on DAG Run:nba_data_pipeline
[2024-10-29T04:36:06.648+0000] {logging_mixin.py:190} INFO - [2024-10-29T04:36:06.647+0000] {override.py:1900} INFO - Created Permission View: menu access on DAG Run:nba_data_pipeline
[2024-10-29T04:36:06.687+0000] {logging_mixin.py:190} INFO - [2024-10-29T04:36:06.686+0000] {override.py:1900} INFO - Created Permission View: can create on DAG Run:nba_data_pipeline
[2024-10-29T04:36:06.688+0000] {logging_mixin.py:190} INFO - [2024-10-29T04:36:06.687+0000] {dag.py:3229} INFO - Sync 1 DAGs
[2024-10-29T04:36:06.723+0000] {logging_mixin.py:190} INFO - [2024-10-29T04:36:06.723+0000] {dag.py:3252} INFO - Creating ORM DAG for nba_data_pipeline
[2024-10-29T04:36:06.746+0000] {logging_mixin.py:190} INFO - [2024-10-29T04:36:06.746+0000] {dag.py:4156} INFO - Setting next_dagrun for nba_data_pipeline to 2024-10-28 00:00:00+00:00, run_after=2024-10-29 00:00:00+00:00
[2024-10-29T04:36:06.783+0000] {processor.py:208} INFO - Processing /opt/airflow/dags/nba_data_pipeline.py took 0.843 seconds
[2024-10-29T04:36:37.044+0000] {processor.py:186} INFO - Started process (PID=195) to work on /opt/airflow/dags/nba_data_pipeline.py
[2024-10-29T04:36:37.045+0000] {processor.py:914} INFO - Processing file /opt/airflow/dags/nba_data_pipeline.py for tasks to queue
[2024-10-29T04:36:37.050+0000] {logging_mixin.py:190} INFO - [2024-10-29T04:36:37.049+0000] {dagbag.py:587} INFO - Filling up the DagBag from /opt/airflow/dags/nba_data_pipeline.py
[2024-10-29T04:36:37.065+0000] {processor.py:925} INFO - DAG(s) 'nba_data_pipeline' retrieved from /opt/airflow/dags/nba_data_pipeline.py
[2024-10-29T04:36:37.111+0000] {logging_mixin.py:190} INFO - [2024-10-29T04:36:37.111+0000] {dag.py:3229} INFO - Sync 1 DAGs
[2024-10-29T04:36:37.166+0000] {logging_mixin.py:190} INFO - [2024-10-29T04:36:37.165+0000] {dag.py:4156} INFO - Setting next_dagrun for nba_data_pipeline to 2024-10-28 00:00:00+00:00, run_after=2024-10-29 00:00:00+00:00
[2024-10-29T04:36:37.215+0000] {processor.py:208} INFO - Processing /opt/airflow/dags/nba_data_pipeline.py took 0.180 seconds
[2024-10-29T04:37:07.464+0000] {processor.py:186} INFO - Started process (PID=200) to work on /opt/airflow/dags/nba_data_pipeline.py
[2024-10-29T04:37:07.465+0000] {processor.py:914} INFO - Processing file /opt/airflow/dags/nba_data_pipeline.py for tasks to queue
[2024-10-29T04:37:07.468+0000] {logging_mixin.py:190} INFO - [2024-10-29T04:37:07.468+0000] {dagbag.py:587} INFO - Filling up the DagBag from /opt/airflow/dags/nba_data_pipeline.py
[2024-10-29T04:37:07.480+0000] {processor.py:925} INFO - DAG(s) 'nba_data_pipeline' retrieved from /opt/airflow/dags/nba_data_pipeline.py
[2024-10-29T04:37:07.515+0000] {logging_mixin.py:190} INFO - [2024-10-29T04:37:07.515+0000] {dag.py:3229} INFO - Sync 1 DAGs
[2024-10-29T04:37:07.550+0000] {logging_mixin.py:190} INFO - [2024-10-29T04:37:07.550+0000] {dag.py:4156} INFO - Setting next_dagrun for nba_data_pipeline to 2024-10-28 00:00:00+00:00, run_after=2024-10-29 00:00:00+00:00
[2024-10-29T04:37:07.575+0000] {processor.py:208} INFO - Processing /opt/airflow/dags/nba_data_pipeline.py took 0.121 seconds
[2024-10-29T04:37:37.775+0000] {processor.py:186} INFO - Started process (PID=205) to work on /opt/airflow/dags/nba_data_pipeline.py
[2024-10-29T04:37:37.777+0000] {processor.py:914} INFO - Processing file /opt/airflow/dags/nba_data_pipeline.py for tasks to queue
[2024-10-29T04:37:37.781+0000] {logging_mixin.py:190} INFO - [2024-10-29T04:37:37.780+0000] {dagbag.py:587} INFO - Filling up the DagBag from /opt/airflow/dags/nba_data_pipeline.py
[2024-10-29T04:37:37.799+0000] {processor.py:925} INFO - DAG(s) 'nba_data_pipeline' retrieved from /opt/airflow/dags/nba_data_pipeline.py
[2024-10-29T04:37:37.848+0000] {logging_mixin.py:190} INFO - [2024-10-29T04:37:37.848+0000] {dag.py:3229} INFO - Sync 1 DAGs
[2024-10-29T04:37:37.897+0000] {logging_mixin.py:190} INFO - [2024-10-29T04:37:37.897+0000] {dag.py:4156} INFO - Setting next_dagrun for nba_data_pipeline to 2024-10-28 00:00:00+00:00, run_after=2024-10-29 00:00:00+00:00
[2024-10-29T04:37:37.931+0000] {processor.py:208} INFO - Processing /opt/airflow/dags/nba_data_pipeline.py took 0.172 seconds
[2024-10-29T04:38:08.072+0000] {processor.py:186} INFO - Started process (PID=210) to work on /opt/airflow/dags/nba_data_pipeline.py
[2024-10-29T04:38:08.073+0000] {processor.py:914} INFO - Processing file /opt/airflow/dags/nba_data_pipeline.py for tasks to queue
[2024-10-29T04:38:08.077+0000] {logging_mixin.py:190} INFO - [2024-10-29T04:38:08.077+0000] {dagbag.py:587} INFO - Filling up the DagBag from /opt/airflow/dags/nba_data_pipeline.py
[2024-10-29T04:38:08.091+0000] {processor.py:925} INFO - DAG(s) 'nba_data_pipeline' retrieved from /opt/airflow/dags/nba_data_pipeline.py
[2024-10-29T04:38:08.137+0000] {logging_mixin.py:190} INFO - [2024-10-29T04:38:08.137+0000] {dag.py:3229} INFO - Sync 1 DAGs
[2024-10-29T04:38:08.173+0000] {logging_mixin.py:190} INFO - [2024-10-29T04:38:08.173+0000] {dag.py:4156} INFO - Setting next_dagrun for nba_data_pipeline to 2024-10-28 00:00:00+00:00, run_after=2024-10-29 00:00:00+00:00
[2024-10-29T04:38:08.199+0000] {processor.py:208} INFO - Processing /opt/airflow/dags/nba_data_pipeline.py took 0.139 seconds
[2024-10-29T04:38:38.400+0000] {processor.py:186} INFO - Started process (PID=215) to work on /opt/airflow/dags/nba_data_pipeline.py
[2024-10-29T04:38:38.402+0000] {processor.py:914} INFO - Processing file /opt/airflow/dags/nba_data_pipeline.py for tasks to queue
[2024-10-29T04:38:38.407+0000] {logging_mixin.py:190} INFO - [2024-10-29T04:38:38.406+0000] {dagbag.py:587} INFO - Filling up the DagBag from /opt/airflow/dags/nba_data_pipeline.py
[2024-10-29T04:38:38.422+0000] {processor.py:925} INFO - DAG(s) 'nba_data_pipeline' retrieved from /opt/airflow/dags/nba_data_pipeline.py
[2024-10-29T04:38:38.476+0000] {logging_mixin.py:190} INFO - [2024-10-29T04:38:38.476+0000] {dag.py:3229} INFO - Sync 1 DAGs
[2024-10-29T04:38:38.523+0000] {logging_mixin.py:190} INFO - [2024-10-29T04:38:38.523+0000] {dag.py:4156} INFO - Setting next_dagrun for nba_data_pipeline to 2024-10-28 00:00:00+00:00, run_after=2024-10-29 00:00:00+00:00
[2024-10-29T04:38:38.550+0000] {processor.py:208} INFO - Processing /opt/airflow/dags/nba_data_pipeline.py took 0.159 seconds
[2024-10-29T04:39:08.661+0000] {processor.py:186} INFO - Started process (PID=220) to work on /opt/airflow/dags/nba_data_pipeline.py
[2024-10-29T04:39:08.662+0000] {processor.py:914} INFO - Processing file /opt/airflow/dags/nba_data_pipeline.py for tasks to queue
[2024-10-29T04:39:08.665+0000] {logging_mixin.py:190} INFO - [2024-10-29T04:39:08.665+0000] {dagbag.py:587} INFO - Filling up the DagBag from /opt/airflow/dags/nba_data_pipeline.py
[2024-10-29T04:39:08.679+0000] {processor.py:925} INFO - DAG(s) 'nba_data_pipeline' retrieved from /opt/airflow/dags/nba_data_pipeline.py
[2024-10-29T04:39:08.717+0000] {logging_mixin.py:190} INFO - [2024-10-29T04:39:08.717+0000] {dag.py:3229} INFO - Sync 1 DAGs
[2024-10-29T04:39:08.753+0000] {logging_mixin.py:190} INFO - [2024-10-29T04:39:08.753+0000] {dag.py:4156} INFO - Setting next_dagrun for nba_data_pipeline to 2024-10-28 00:00:00+00:00, run_after=2024-10-29 00:00:00+00:00
[2024-10-29T04:39:08.787+0000] {processor.py:208} INFO - Processing /opt/airflow/dags/nba_data_pipeline.py took 0.137 seconds
[2024-10-29T04:39:39.047+0000] {processor.py:186} INFO - Started process (PID=225) to work on /opt/airflow/dags/nba_data_pipeline.py
[2024-10-29T04:39:39.049+0000] {processor.py:914} INFO - Processing file /opt/airflow/dags/nba_data_pipeline.py for tasks to queue
[2024-10-29T04:39:39.052+0000] {logging_mixin.py:190} INFO - [2024-10-29T04:39:39.052+0000] {dagbag.py:587} INFO - Filling up the DagBag from /opt/airflow/dags/nba_data_pipeline.py
[2024-10-29T04:39:39.066+0000] {processor.py:925} INFO - DAG(s) 'nba_data_pipeline' retrieved from /opt/airflow/dags/nba_data_pipeline.py
[2024-10-29T04:39:39.109+0000] {logging_mixin.py:190} INFO - [2024-10-29T04:39:39.108+0000] {dag.py:3229} INFO - Sync 1 DAGs
[2024-10-29T04:39:39.143+0000] {logging_mixin.py:190} INFO - [2024-10-29T04:39:39.143+0000] {dag.py:4156} INFO - Setting next_dagrun for nba_data_pipeline to 2024-10-28 00:00:00+00:00, run_after=2024-10-29 00:00:00+00:00
[2024-10-29T04:39:39.170+0000] {processor.py:208} INFO - Processing /opt/airflow/dags/nba_data_pipeline.py took 0.134 seconds
[2024-10-29T04:40:09.385+0000] {processor.py:186} INFO - Started process (PID=230) to work on /opt/airflow/dags/nba_data_pipeline.py
[2024-10-29T04:40:09.391+0000] {processor.py:914} INFO - Processing file /opt/airflow/dags/nba_data_pipeline.py for tasks to queue
[2024-10-29T04:40:09.398+0000] {logging_mixin.py:190} INFO - [2024-10-29T04:40:09.396+0000] {dagbag.py:587} INFO - Filling up the DagBag from /opt/airflow/dags/nba_data_pipeline.py
[2024-10-29T04:40:09.422+0000] {processor.py:925} INFO - DAG(s) 'nba_data_pipeline' retrieved from /opt/airflow/dags/nba_data_pipeline.py
[2024-10-29T04:40:09.495+0000] {logging_mixin.py:190} INFO - [2024-10-29T04:40:09.494+0000] {dag.py:3229} INFO - Sync 1 DAGs
[2024-10-29T04:40:09.554+0000] {logging_mixin.py:190} INFO - [2024-10-29T04:40:09.553+0000] {dag.py:4156} INFO - Setting next_dagrun for nba_data_pipeline to 2024-10-28 00:00:00+00:00, run_after=2024-10-29 00:00:00+00:00
[2024-10-29T04:40:09.845+0000] {processor.py:208} INFO - Processing /opt/airflow/dags/nba_data_pipeline.py took 0.478 seconds
[2024-10-29T04:40:40.011+0000] {processor.py:186} INFO - Started process (PID=235) to work on /opt/airflow/dags/nba_data_pipeline.py
[2024-10-29T04:40:40.013+0000] {processor.py:914} INFO - Processing file /opt/airflow/dags/nba_data_pipeline.py for tasks to queue
[2024-10-29T04:40:40.018+0000] {logging_mixin.py:190} INFO - [2024-10-29T04:40:40.017+0000] {dagbag.py:587} INFO - Filling up the DagBag from /opt/airflow/dags/nba_data_pipeline.py
[2024-10-29T04:40:40.037+0000] {processor.py:925} INFO - DAG(s) 'nba_data_pipeline' retrieved from /opt/airflow/dags/nba_data_pipeline.py
[2024-10-29T04:40:40.093+0000] {logging_mixin.py:190} INFO - [2024-10-29T04:40:40.093+0000] {dag.py:3229} INFO - Sync 1 DAGs
[2024-10-29T04:40:40.375+0000] {logging_mixin.py:190} INFO - [2024-10-29T04:40:40.374+0000] {dag.py:4156} INFO - Setting next_dagrun for nba_data_pipeline to 2024-10-28 00:00:00+00:00, run_after=2024-10-29 00:00:00+00:00
[2024-10-29T04:40:40.408+0000] {processor.py:208} INFO - Processing /opt/airflow/dags/nba_data_pipeline.py took 0.413 seconds
[2024-10-29T04:41:10.772+0000] {processor.py:186} INFO - Started process (PID=240) to work on /opt/airflow/dags/nba_data_pipeline.py
[2024-10-29T04:41:10.775+0000] {processor.py:914} INFO - Processing file /opt/airflow/dags/nba_data_pipeline.py for tasks to queue
[2024-10-29T04:41:10.783+0000] {logging_mixin.py:190} INFO - [2024-10-29T04:41:10.782+0000] {dagbag.py:587} INFO - Filling up the DagBag from /opt/airflow/dags/nba_data_pipeline.py
[2024-10-29T04:41:10.822+0000] {processor.py:925} INFO - DAG(s) 'nba_data_pipeline' retrieved from /opt/airflow/dags/nba_data_pipeline.py
[2024-10-29T04:41:10.899+0000] {logging_mixin.py:190} INFO - [2024-10-29T04:41:10.898+0000] {dag.py:3229} INFO - Sync 1 DAGs
[2024-10-29T04:41:11.374+0000] {logging_mixin.py:190} INFO - [2024-10-29T04:41:11.374+0000] {dag.py:4156} INFO - Setting next_dagrun for nba_data_pipeline to 2024-10-28 00:00:00+00:00, run_after=2024-10-29 00:00:00+00:00
[2024-10-29T04:41:11.446+0000] {processor.py:208} INFO - Processing /opt/airflow/dags/nba_data_pipeline.py took 0.704 seconds
[2024-10-29T04:41:41.694+0000] {processor.py:186} INFO - Started process (PID=245) to work on /opt/airflow/dags/nba_data_pipeline.py
[2024-10-29T04:41:41.698+0000] {processor.py:914} INFO - Processing file /opt/airflow/dags/nba_data_pipeline.py for tasks to queue
[2024-10-29T04:41:41.738+0000] {logging_mixin.py:190} INFO - [2024-10-29T04:41:41.736+0000] {dagbag.py:587} INFO - Filling up the DagBag from /opt/airflow/dags/nba_data_pipeline.py
[2024-10-29T04:41:41.784+0000] {processor.py:925} INFO - DAG(s) 'nba_data_pipeline' retrieved from /opt/airflow/dags/nba_data_pipeline.py
[2024-10-29T04:41:42.398+0000] {logging_mixin.py:190} INFO - [2024-10-29T04:41:42.397+0000] {dag.py:3229} INFO - Sync 1 DAGs
[2024-10-29T04:41:42.473+0000] {logging_mixin.py:190} INFO - [2024-10-29T04:41:42.472+0000] {dag.py:4156} INFO - Setting next_dagrun for nba_data_pipeline to 2024-10-28 00:00:00+00:00, run_after=2024-10-29 00:00:00+00:00
[2024-10-29T04:41:42.548+0000] {processor.py:208} INFO - Processing /opt/airflow/dags/nba_data_pipeline.py took 0.880 seconds
[2024-10-29T04:42:13.088+0000] {processor.py:186} INFO - Started process (PID=250) to work on /opt/airflow/dags/nba_data_pipeline.py
[2024-10-29T04:42:13.090+0000] {processor.py:914} INFO - Processing file /opt/airflow/dags/nba_data_pipeline.py for tasks to queue
[2024-10-29T04:42:13.096+0000] {logging_mixin.py:190} INFO - [2024-10-29T04:42:13.096+0000] {dagbag.py:587} INFO - Filling up the DagBag from /opt/airflow/dags/nba_data_pipeline.py
[2024-10-29T04:42:13.123+0000] {processor.py:925} INFO - DAG(s) 'nba_data_pipeline' retrieved from /opt/airflow/dags/nba_data_pipeline.py
[2024-10-29T04:42:13.192+0000] {logging_mixin.py:190} INFO - [2024-10-29T04:42:13.192+0000] {dag.py:3229} INFO - Sync 1 DAGs
[2024-10-29T04:42:13.256+0000] {logging_mixin.py:190} INFO - [2024-10-29T04:42:13.255+0000] {dag.py:4156} INFO - Setting next_dagrun for nba_data_pipeline to 2024-10-28 00:00:00+00:00, run_after=2024-10-29 00:00:00+00:00
[2024-10-29T04:42:13.303+0000] {processor.py:208} INFO - Processing /opt/airflow/dags/nba_data_pipeline.py took 0.232 seconds
[2024-10-29T04:42:43.689+0000] {processor.py:186} INFO - Started process (PID=255) to work on /opt/airflow/dags/nba_data_pipeline.py
[2024-10-29T04:42:43.693+0000] {processor.py:914} INFO - Processing file /opt/airflow/dags/nba_data_pipeline.py for tasks to queue
[2024-10-29T04:42:43.702+0000] {logging_mixin.py:190} INFO - [2024-10-29T04:42:43.701+0000] {dagbag.py:587} INFO - Filling up the DagBag from /opt/airflow/dags/nba_data_pipeline.py
[2024-10-29T04:42:43.744+0000] {processor.py:925} INFO - DAG(s) 'nba_data_pipeline' retrieved from /opt/airflow/dags/nba_data_pipeline.py
[2024-10-29T04:42:43.888+0000] {logging_mixin.py:190} INFO - [2024-10-29T04:42:43.887+0000] {dag.py:3229} INFO - Sync 1 DAGs
[2024-10-29T04:42:44.052+0000] {logging_mixin.py:190} INFO - [2024-10-29T04:42:44.050+0000] {dag.py:4156} INFO - Setting next_dagrun for nba_data_pipeline to 2024-10-28 00:00:00+00:00, run_after=2024-10-29 00:00:00+00:00
[2024-10-29T04:42:44.284+0000] {processor.py:208} INFO - Processing /opt/airflow/dags/nba_data_pipeline.py took 0.622 seconds
[2024-10-29T04:43:14.724+0000] {processor.py:186} INFO - Started process (PID=260) to work on /opt/airflow/dags/nba_data_pipeline.py
[2024-10-29T04:43:14.725+0000] {processor.py:914} INFO - Processing file /opt/airflow/dags/nba_data_pipeline.py for tasks to queue
[2024-10-29T04:43:14.728+0000] {logging_mixin.py:190} INFO - [2024-10-29T04:43:14.728+0000] {dagbag.py:587} INFO - Filling up the DagBag from /opt/airflow/dags/nba_data_pipeline.py
[2024-10-29T04:43:14.741+0000] {processor.py:925} INFO - DAG(s) 'nba_data_pipeline' retrieved from /opt/airflow/dags/nba_data_pipeline.py
[2024-10-29T04:43:14.776+0000] {logging_mixin.py:190} INFO - [2024-10-29T04:43:14.776+0000] {dag.py:3229} INFO - Sync 1 DAGs
[2024-10-29T04:43:14.968+0000] {logging_mixin.py:190} INFO - [2024-10-29T04:43:14.967+0000] {dag.py:4156} INFO - Setting next_dagrun for nba_data_pipeline to 2024-10-28 00:00:00+00:00, run_after=2024-10-29 00:00:00+00:00
[2024-10-29T04:43:14.992+0000] {processor.py:208} INFO - Processing /opt/airflow/dags/nba_data_pipeline.py took 0.278 seconds
[2024-10-29T04:43:45.276+0000] {processor.py:186} INFO - Started process (PID=265) to work on /opt/airflow/dags/nba_data_pipeline.py
[2024-10-29T04:43:45.277+0000] {processor.py:914} INFO - Processing file /opt/airflow/dags/nba_data_pipeline.py for tasks to queue
[2024-10-29T04:43:45.281+0000] {logging_mixin.py:190} INFO - [2024-10-29T04:43:45.280+0000] {dagbag.py:587} INFO - Filling up the DagBag from /opt/airflow/dags/nba_data_pipeline.py
[2024-10-29T04:43:45.294+0000] {processor.py:925} INFO - DAG(s) 'nba_data_pipeline' retrieved from /opt/airflow/dags/nba_data_pipeline.py
[2024-10-29T04:43:45.328+0000] {logging_mixin.py:190} INFO - [2024-10-29T04:43:45.328+0000] {dag.py:3229} INFO - Sync 1 DAGs
[2024-10-29T04:43:45.516+0000] {logging_mixin.py:190} INFO - [2024-10-29T04:43:45.516+0000] {dag.py:4156} INFO - Setting next_dagrun for nba_data_pipeline to 2024-10-28 00:00:00+00:00, run_after=2024-10-29 00:00:00+00:00
[2024-10-29T04:43:45.538+0000] {processor.py:208} INFO - Processing /opt/airflow/dags/nba_data_pipeline.py took 0.272 seconds
[2024-10-29T04:48:05.435+0000] {processor.py:186} INFO - Started process (PID=190) to work on /opt/airflow/dags/nba_data_pipeline.py
[2024-10-29T04:48:05.437+0000] {processor.py:914} INFO - Processing file /opt/airflow/dags/nba_data_pipeline.py for tasks to queue
[2024-10-29T04:48:05.441+0000] {logging_mixin.py:190} INFO - [2024-10-29T04:48:05.441+0000] {dagbag.py:587} INFO - Filling up the DagBag from /opt/airflow/dags/nba_data_pipeline.py
[2024-10-29T04:48:05.470+0000] {processor.py:925} INFO - DAG(s) 'nba_data_pipeline' retrieved from /opt/airflow/dags/nba_data_pipeline.py
[2024-10-29T04:48:06.321+0000] {logging_mixin.py:190} INFO - [2024-10-29T04:48:06.319+0000] {override.py:1900} INFO - Created Permission View: can edit on DAG:nba_data_pipeline
[2024-10-29T04:48:06.342+0000] {logging_mixin.py:190} INFO - [2024-10-29T04:48:06.341+0000] {override.py:1900} INFO - Created Permission View: can read on DAG:nba_data_pipeline
[2024-10-29T04:48:06.354+0000] {logging_mixin.py:190} INFO - [2024-10-29T04:48:06.353+0000] {override.py:1900} INFO - Created Permission View: can delete on DAG:nba_data_pipeline
[2024-10-29T04:48:06.375+0000] {logging_mixin.py:190} INFO - [2024-10-29T04:48:06.375+0000] {override.py:1900} INFO - Created Permission View: menu access on DAG Run:nba_data_pipeline
[2024-10-29T04:48:06.390+0000] {logging_mixin.py:190} INFO - [2024-10-29T04:48:06.389+0000] {override.py:1900} INFO - Created Permission View: can read on DAG Run:nba_data_pipeline
[2024-10-29T04:48:06.406+0000] {logging_mixin.py:190} INFO - [2024-10-29T04:48:06.405+0000] {override.py:1900} INFO - Created Permission View: can create on DAG Run:nba_data_pipeline
[2024-10-29T04:48:06.423+0000] {logging_mixin.py:190} INFO - [2024-10-29T04:48:06.422+0000] {override.py:1900} INFO - Created Permission View: can delete on DAG Run:nba_data_pipeline
[2024-10-29T04:48:06.425+0000] {logging_mixin.py:190} INFO - [2024-10-29T04:48:06.424+0000] {dag.py:3229} INFO - Sync 1 DAGs
[2024-10-29T04:48:06.461+0000] {logging_mixin.py:190} INFO - [2024-10-29T04:48:06.460+0000] {dag.py:3252} INFO - Creating ORM DAG for nba_data_pipeline
[2024-10-29T04:48:06.481+0000] {logging_mixin.py:190} INFO - [2024-10-29T04:48:06.481+0000] {dag.py:4156} INFO - Setting next_dagrun for nba_data_pipeline to 2024-10-28 00:00:00+00:00, run_after=2024-10-29 00:00:00+00:00
[2024-10-29T04:48:06.522+0000] {processor.py:208} INFO - Processing /opt/airflow/dags/nba_data_pipeline.py took 1.103 seconds
[2024-10-29T04:48:36.700+0000] {processor.py:186} INFO - Started process (PID=195) to work on /opt/airflow/dags/nba_data_pipeline.py
[2024-10-29T04:48:36.702+0000] {processor.py:914} INFO - Processing file /opt/airflow/dags/nba_data_pipeline.py for tasks to queue
[2024-10-29T04:48:36.705+0000] {logging_mixin.py:190} INFO - [2024-10-29T04:48:36.705+0000] {dagbag.py:587} INFO - Filling up the DagBag from /opt/airflow/dags/nba_data_pipeline.py
[2024-10-29T04:48:36.718+0000] {processor.py:925} INFO - DAG(s) 'nba_data_pipeline' retrieved from /opt/airflow/dags/nba_data_pipeline.py
[2024-10-29T04:48:36.752+0000] {logging_mixin.py:190} INFO - [2024-10-29T04:48:36.752+0000] {dag.py:3229} INFO - Sync 1 DAGs
[2024-10-29T04:48:36.782+0000] {logging_mixin.py:190} INFO - [2024-10-29T04:48:36.782+0000] {dag.py:4156} INFO - Setting next_dagrun for nba_data_pipeline to 2024-10-28 00:00:00+00:00, run_after=2024-10-29 00:00:00+00:00
[2024-10-29T04:48:36.804+0000] {processor.py:208} INFO - Processing /opt/airflow/dags/nba_data_pipeline.py took 0.114 seconds
[2024-10-29T04:49:07.026+0000] {processor.py:186} INFO - Started process (PID=200) to work on /opt/airflow/dags/nba_data_pipeline.py
[2024-10-29T04:49:07.027+0000] {processor.py:914} INFO - Processing file /opt/airflow/dags/nba_data_pipeline.py for tasks to queue
[2024-10-29T04:49:07.030+0000] {logging_mixin.py:190} INFO - [2024-10-29T04:49:07.030+0000] {dagbag.py:587} INFO - Filling up the DagBag from /opt/airflow/dags/nba_data_pipeline.py
[2024-10-29T04:49:07.043+0000] {processor.py:925} INFO - DAG(s) 'nba_data_pipeline' retrieved from /opt/airflow/dags/nba_data_pipeline.py
[2024-10-29T04:49:07.080+0000] {logging_mixin.py:190} INFO - [2024-10-29T04:49:07.079+0000] {dag.py:3229} INFO - Sync 1 DAGs
[2024-10-29T04:49:07.118+0000] {logging_mixin.py:190} INFO - [2024-10-29T04:49:07.118+0000] {dag.py:4156} INFO - Setting next_dagrun for nba_data_pipeline to 2024-10-28 00:00:00+00:00, run_after=2024-10-29 00:00:00+00:00
[2024-10-29T04:49:07.157+0000] {processor.py:208} INFO - Processing /opt/airflow/dags/nba_data_pipeline.py took 0.139 seconds
[2024-10-29T04:49:37.250+0000] {processor.py:186} INFO - Started process (PID=205) to work on /opt/airflow/dags/nba_data_pipeline.py
[2024-10-29T04:49:37.252+0000] {processor.py:914} INFO - Processing file /opt/airflow/dags/nba_data_pipeline.py for tasks to queue
[2024-10-29T04:49:37.255+0000] {logging_mixin.py:190} INFO - [2024-10-29T04:49:37.255+0000] {dagbag.py:587} INFO - Filling up the DagBag from /opt/airflow/dags/nba_data_pipeline.py
[2024-10-29T04:49:37.268+0000] {processor.py:925} INFO - DAG(s) 'nba_data_pipeline' retrieved from /opt/airflow/dags/nba_data_pipeline.py
[2024-10-29T04:49:37.304+0000] {logging_mixin.py:190} INFO - [2024-10-29T04:49:37.304+0000] {dag.py:3229} INFO - Sync 1 DAGs
[2024-10-29T04:49:37.338+0000] {logging_mixin.py:190} INFO - [2024-10-29T04:49:37.338+0000] {dag.py:4156} INFO - Setting next_dagrun for nba_data_pipeline to 2024-10-28 00:00:00+00:00, run_after=2024-10-29 00:00:00+00:00
[2024-10-29T04:49:37.365+0000] {processor.py:208} INFO - Processing /opt/airflow/dags/nba_data_pipeline.py took 0.125 seconds
[2024-10-29T04:50:07.495+0000] {processor.py:186} INFO - Started process (PID=210) to work on /opt/airflow/dags/nba_data_pipeline.py
[2024-10-29T04:50:07.497+0000] {processor.py:914} INFO - Processing file /opt/airflow/dags/nba_data_pipeline.py for tasks to queue
[2024-10-29T04:50:07.501+0000] {logging_mixin.py:190} INFO - [2024-10-29T04:50:07.500+0000] {dagbag.py:587} INFO - Filling up the DagBag from /opt/airflow/dags/nba_data_pipeline.py
[2024-10-29T04:50:07.514+0000] {processor.py:925} INFO - DAG(s) 'nba_data_pipeline' retrieved from /opt/airflow/dags/nba_data_pipeline.py
[2024-10-29T04:50:07.552+0000] {logging_mixin.py:190} INFO - [2024-10-29T04:50:07.552+0000] {dag.py:3229} INFO - Sync 1 DAGs
[2024-10-29T04:50:07.591+0000] {logging_mixin.py:190} INFO - [2024-10-29T04:50:07.591+0000] {dag.py:4156} INFO - Setting next_dagrun for nba_data_pipeline to 2024-10-28 00:00:00+00:00, run_after=2024-10-29 00:00:00+00:00
[2024-10-29T04:50:07.616+0000] {processor.py:208} INFO - Processing /opt/airflow/dags/nba_data_pipeline.py took 0.132 seconds
[2024-10-29T04:50:37.830+0000] {processor.py:186} INFO - Started process (PID=215) to work on /opt/airflow/dags/nba_data_pipeline.py
[2024-10-29T04:50:37.831+0000] {processor.py:914} INFO - Processing file /opt/airflow/dags/nba_data_pipeline.py for tasks to queue
[2024-10-29T04:50:37.835+0000] {logging_mixin.py:190} INFO - [2024-10-29T04:50:37.835+0000] {dagbag.py:587} INFO - Filling up the DagBag from /opt/airflow/dags/nba_data_pipeline.py
[2024-10-29T04:50:37.849+0000] {processor.py:925} INFO - DAG(s) 'nba_data_pipeline' retrieved from /opt/airflow/dags/nba_data_pipeline.py
[2024-10-29T04:50:37.889+0000] {logging_mixin.py:190} INFO - [2024-10-29T04:50:37.889+0000] {dag.py:3229} INFO - Sync 1 DAGs
[2024-10-29T04:50:37.928+0000] {logging_mixin.py:190} INFO - [2024-10-29T04:50:37.927+0000] {dag.py:4156} INFO - Setting next_dagrun for nba_data_pipeline to 2024-10-28 00:00:00+00:00, run_after=2024-10-29 00:00:00+00:00
[2024-10-29T04:50:37.953+0000] {processor.py:208} INFO - Processing /opt/airflow/dags/nba_data_pipeline.py took 0.136 seconds
[2024-10-29T04:51:08.111+0000] {processor.py:186} INFO - Started process (PID=220) to work on /opt/airflow/dags/nba_data_pipeline.py
[2024-10-29T04:51:08.114+0000] {processor.py:914} INFO - Processing file /opt/airflow/dags/nba_data_pipeline.py for tasks to queue
[2024-10-29T04:51:08.119+0000] {logging_mixin.py:190} INFO - [2024-10-29T04:51:08.118+0000] {dagbag.py:587} INFO - Filling up the DagBag from /opt/airflow/dags/nba_data_pipeline.py
[2024-10-29T04:51:08.142+0000] {processor.py:925} INFO - DAG(s) 'nba_data_pipeline' retrieved from /opt/airflow/dags/nba_data_pipeline.py
[2024-10-29T04:51:08.212+0000] {logging_mixin.py:190} INFO - [2024-10-29T04:51:08.211+0000] {dag.py:3229} INFO - Sync 1 DAGs
[2024-10-29T04:51:08.268+0000] {logging_mixin.py:190} INFO - [2024-10-29T04:51:08.268+0000] {dag.py:4156} INFO - Setting next_dagrun for nba_data_pipeline to 2024-10-28 00:00:00+00:00, run_after=2024-10-29 00:00:00+00:00
[2024-10-29T04:51:08.310+0000] {processor.py:208} INFO - Processing /opt/airflow/dags/nba_data_pipeline.py took 0.218 seconds
[2024-10-29T04:51:38.588+0000] {processor.py:186} INFO - Started process (PID=225) to work on /opt/airflow/dags/nba_data_pipeline.py
[2024-10-29T04:51:38.592+0000] {processor.py:914} INFO - Processing file /opt/airflow/dags/nba_data_pipeline.py for tasks to queue
[2024-10-29T04:51:38.600+0000] {logging_mixin.py:190} INFO - [2024-10-29T04:51:38.599+0000] {dagbag.py:587} INFO - Filling up the DagBag from /opt/airflow/dags/nba_data_pipeline.py
[2024-10-29T04:51:38.646+0000] {processor.py:925} INFO - DAG(s) 'nba_data_pipeline' retrieved from /opt/airflow/dags/nba_data_pipeline.py
[2024-10-29T04:51:38.743+0000] {logging_mixin.py:190} INFO - [2024-10-29T04:51:38.742+0000] {dag.py:3229} INFO - Sync 1 DAGs
[2024-10-29T04:51:38.841+0000] {logging_mixin.py:190} INFO - [2024-10-29T04:51:38.840+0000] {dag.py:4156} INFO - Setting next_dagrun for nba_data_pipeline to 2024-10-28 00:00:00+00:00, run_after=2024-10-29 00:00:00+00:00
[2024-10-29T04:51:38.905+0000] {processor.py:208} INFO - Processing /opt/airflow/dags/nba_data_pipeline.py took 0.337 seconds
[2024-10-29T04:52:09.281+0000] {processor.py:186} INFO - Started process (PID=230) to work on /opt/airflow/dags/nba_data_pipeline.py
[2024-10-29T04:52:09.284+0000] {processor.py:914} INFO - Processing file /opt/airflow/dags/nba_data_pipeline.py for tasks to queue
[2024-10-29T04:52:09.291+0000] {logging_mixin.py:190} INFO - [2024-10-29T04:52:09.290+0000] {dagbag.py:587} INFO - Filling up the DagBag from /opt/airflow/dags/nba_data_pipeline.py
[2024-10-29T04:52:09.321+0000] {processor.py:925} INFO - DAG(s) 'nba_data_pipeline' retrieved from /opt/airflow/dags/nba_data_pipeline.py
[2024-10-29T04:52:09.407+0000] {logging_mixin.py:190} INFO - [2024-10-29T04:52:09.407+0000] {dag.py:3229} INFO - Sync 1 DAGs
[2024-10-29T04:52:09.487+0000] {logging_mixin.py:190} INFO - [2024-10-29T04:52:09.487+0000] {dag.py:4156} INFO - Setting next_dagrun for nba_data_pipeline to 2024-10-28 00:00:00+00:00, run_after=2024-10-29 00:00:00+00:00
[2024-10-29T04:52:09.883+0000] {processor.py:208} INFO - Processing /opt/airflow/dags/nba_data_pipeline.py took 0.626 seconds
[2024-10-29T04:52:40.207+0000] {processor.py:186} INFO - Started process (PID=235) to work on /opt/airflow/dags/nba_data_pipeline.py
[2024-10-29T04:52:40.208+0000] {processor.py:914} INFO - Processing file /opt/airflow/dags/nba_data_pipeline.py for tasks to queue
[2024-10-29T04:52:40.212+0000] {logging_mixin.py:190} INFO - [2024-10-29T04:52:40.211+0000] {dagbag.py:587} INFO - Filling up the DagBag from /opt/airflow/dags/nba_data_pipeline.py
[2024-10-29T04:52:40.225+0000] {processor.py:925} INFO - DAG(s) 'nba_data_pipeline' retrieved from /opt/airflow/dags/nba_data_pipeline.py
[2024-10-29T04:52:40.265+0000] {logging_mixin.py:190} INFO - [2024-10-29T04:52:40.265+0000] {dag.py:3229} INFO - Sync 1 DAGs
[2024-10-29T04:52:40.475+0000] {logging_mixin.py:190} INFO - [2024-10-29T04:52:40.474+0000] {dag.py:4156} INFO - Setting next_dagrun for nba_data_pipeline to 2024-10-28 00:00:00+00:00, run_after=2024-10-29 00:00:00+00:00
[2024-10-29T04:52:40.500+0000] {processor.py:208} INFO - Processing /opt/airflow/dags/nba_data_pipeline.py took 0.304 seconds
[2024-10-29T04:53:10.762+0000] {processor.py:186} INFO - Started process (PID=240) to work on /opt/airflow/dags/nba_data_pipeline.py
[2024-10-29T04:53:10.763+0000] {processor.py:914} INFO - Processing file /opt/airflow/dags/nba_data_pipeline.py for tasks to queue
[2024-10-29T04:53:10.768+0000] {logging_mixin.py:190} INFO - [2024-10-29T04:53:10.767+0000] {dagbag.py:587} INFO - Filling up the DagBag from /opt/airflow/dags/nba_data_pipeline.py
[2024-10-29T04:53:10.780+0000] {processor.py:925} INFO - DAG(s) 'nba_data_pipeline' retrieved from /opt/airflow/dags/nba_data_pipeline.py
[2024-10-29T04:53:10.819+0000] {logging_mixin.py:190} INFO - [2024-10-29T04:53:10.818+0000] {dag.py:3229} INFO - Sync 1 DAGs
[2024-10-29T04:53:11.021+0000] {logging_mixin.py:190} INFO - [2024-10-29T04:53:11.021+0000] {dag.py:4156} INFO - Setting next_dagrun for nba_data_pipeline to 2024-10-28 00:00:00+00:00, run_after=2024-10-29 00:00:00+00:00
[2024-10-29T04:53:11.047+0000] {processor.py:208} INFO - Processing /opt/airflow/dags/nba_data_pipeline.py took 0.296 seconds
[2024-10-29T04:53:41.142+0000] {processor.py:186} INFO - Started process (PID=248) to work on /opt/airflow/dags/nba_data_pipeline.py
[2024-10-29T04:53:41.144+0000] {processor.py:914} INFO - Processing file /opt/airflow/dags/nba_data_pipeline.py for tasks to queue
[2024-10-29T04:53:41.149+0000] {logging_mixin.py:190} INFO - [2024-10-29T04:53:41.149+0000] {dagbag.py:587} INFO - Filling up the DagBag from /opt/airflow/dags/nba_data_pipeline.py
[2024-10-29T04:53:41.165+0000] {processor.py:925} INFO - DAG(s) 'nba_data_pipeline' retrieved from /opt/airflow/dags/nba_data_pipeline.py
[2024-10-29T04:53:41.443+0000] {logging_mixin.py:190} INFO - [2024-10-29T04:53:41.442+0000] {dag.py:3229} INFO - Sync 1 DAGs
[2024-10-29T04:53:41.480+0000] {logging_mixin.py:190} INFO - [2024-10-29T04:53:41.480+0000] {dag.py:4156} INFO - Setting next_dagrun for nba_data_pipeline to 2024-10-29 00:00:00+00:00, run_after=2024-10-30 00:00:00+00:00
[2024-10-29T04:53:41.509+0000] {processor.py:208} INFO - Processing /opt/airflow/dags/nba_data_pipeline.py took 0.380 seconds
[2024-10-29T04:54:11.762+0000] {processor.py:186} INFO - Started process (PID=253) to work on /opt/airflow/dags/nba_data_pipeline.py
[2024-10-29T04:54:11.764+0000] {processor.py:914} INFO - Processing file /opt/airflow/dags/nba_data_pipeline.py for tasks to queue
[2024-10-29T04:54:11.768+0000] {logging_mixin.py:190} INFO - [2024-10-29T04:54:11.768+0000] {dagbag.py:587} INFO - Filling up the DagBag from /opt/airflow/dags/nba_data_pipeline.py
[2024-10-29T04:54:11.782+0000] {processor.py:925} INFO - DAG(s) 'nba_data_pipeline' retrieved from /opt/airflow/dags/nba_data_pipeline.py
[2024-10-29T04:54:11.828+0000] {logging_mixin.py:190} INFO - [2024-10-29T04:54:11.828+0000] {dag.py:3229} INFO - Sync 1 DAGs
[2024-10-29T04:54:11.873+0000] {logging_mixin.py:190} INFO - [2024-10-29T04:54:11.872+0000] {dag.py:4156} INFO - Setting next_dagrun for nba_data_pipeline to 2024-10-29 00:00:00+00:00, run_after=2024-10-30 00:00:00+00:00
[2024-10-29T04:54:11.901+0000] {processor.py:208} INFO - Processing /opt/airflow/dags/nba_data_pipeline.py took 0.150 seconds
[2024-10-29T04:54:42.018+0000] {processor.py:186} INFO - Started process (PID=258) to work on /opt/airflow/dags/nba_data_pipeline.py
[2024-10-29T04:54:42.019+0000] {processor.py:914} INFO - Processing file /opt/airflow/dags/nba_data_pipeline.py for tasks to queue
[2024-10-29T04:54:42.022+0000] {logging_mixin.py:190} INFO - [2024-10-29T04:54:42.022+0000] {dagbag.py:587} INFO - Filling up the DagBag from /opt/airflow/dags/nba_data_pipeline.py
[2024-10-29T04:54:42.040+0000] {processor.py:925} INFO - DAG(s) 'nba_data_pipeline' retrieved from /opt/airflow/dags/nba_data_pipeline.py
[2024-10-29T04:54:42.082+0000] {logging_mixin.py:190} INFO - [2024-10-29T04:54:42.082+0000] {dag.py:3229} INFO - Sync 1 DAGs
[2024-10-29T04:54:42.122+0000] {logging_mixin.py:190} INFO - [2024-10-29T04:54:42.121+0000] {dag.py:4156} INFO - Setting next_dagrun for nba_data_pipeline to 2024-10-29 00:00:00+00:00, run_after=2024-10-30 00:00:00+00:00
[2024-10-29T04:54:42.154+0000] {processor.py:208} INFO - Processing /opt/airflow/dags/nba_data_pipeline.py took 0.147 seconds
[2024-10-29T04:55:12.383+0000] {processor.py:186} INFO - Started process (PID=263) to work on /opt/airflow/dags/nba_data_pipeline.py
[2024-10-29T04:55:12.402+0000] {processor.py:914} INFO - Processing file /opt/airflow/dags/nba_data_pipeline.py for tasks to queue
[2024-10-29T04:55:12.406+0000] {logging_mixin.py:190} INFO - [2024-10-29T04:55:12.405+0000] {dagbag.py:587} INFO - Filling up the DagBag from /opt/airflow/dags/nba_data_pipeline.py
[2024-10-29T04:55:12.420+0000] {processor.py:925} INFO - DAG(s) 'nba_data_pipeline' retrieved from /opt/airflow/dags/nba_data_pipeline.py
[2024-10-29T04:55:12.460+0000] {logging_mixin.py:190} INFO - [2024-10-29T04:55:12.459+0000] {dag.py:3229} INFO - Sync 1 DAGs
[2024-10-29T04:55:12.771+0000] {logging_mixin.py:190} INFO - [2024-10-29T04:55:12.770+0000] {dag.py:4156} INFO - Setting next_dagrun for nba_data_pipeline to 2024-10-29 00:00:00+00:00, run_after=2024-10-30 00:00:00+00:00
[2024-10-29T04:55:12.799+0000] {processor.py:208} INFO - Processing /opt/airflow/dags/nba_data_pipeline.py took 0.428 seconds
[2024-10-29T04:55:43.227+0000] {processor.py:186} INFO - Started process (PID=268) to work on /opt/airflow/dags/nba_data_pipeline.py
[2024-10-29T04:55:43.229+0000] {processor.py:914} INFO - Processing file /opt/airflow/dags/nba_data_pipeline.py for tasks to queue
[2024-10-29T04:55:43.234+0000] {logging_mixin.py:190} INFO - [2024-10-29T04:55:43.233+0000] {dagbag.py:587} INFO - Filling up the DagBag from /opt/airflow/dags/nba_data_pipeline.py
[2024-10-29T04:55:43.254+0000] {processor.py:925} INFO - DAG(s) 'nba_data_pipeline' retrieved from /opt/airflow/dags/nba_data_pipeline.py
[2024-10-29T04:55:43.347+0000] {logging_mixin.py:190} INFO - [2024-10-29T04:55:43.346+0000] {dag.py:3229} INFO - Sync 1 DAGs
[2024-10-29T04:55:43.669+0000] {logging_mixin.py:190} INFO - [2024-10-29T04:55:43.668+0000] {dag.py:4156} INFO - Setting next_dagrun for nba_data_pipeline to 2024-10-29 00:00:00+00:00, run_after=2024-10-30 00:00:00+00:00
[2024-10-29T04:55:43.707+0000] {processor.py:208} INFO - Processing /opt/airflow/dags/nba_data_pipeline.py took 0.497 seconds
[2024-10-29T04:56:14.468+0000] {processor.py:186} INFO - Started process (PID=273) to work on /opt/airflow/dags/nba_data_pipeline.py
[2024-10-29T04:56:14.472+0000] {processor.py:914} INFO - Processing file /opt/airflow/dags/nba_data_pipeline.py for tasks to queue
[2024-10-29T04:56:14.481+0000] {logging_mixin.py:190} INFO - [2024-10-29T04:56:14.479+0000] {dagbag.py:587} INFO - Filling up the DagBag from /opt/airflow/dags/nba_data_pipeline.py
[2024-10-29T04:56:14.528+0000] {processor.py:925} INFO - DAG(s) 'nba_data_pipeline' retrieved from /opt/airflow/dags/nba_data_pipeline.py
[2024-10-29T04:56:15.053+0000] {logging_mixin.py:190} INFO - [2024-10-29T04:56:15.052+0000] {dag.py:3229} INFO - Sync 1 DAGs
[2024-10-29T04:56:15.153+0000] {logging_mixin.py:190} INFO - [2024-10-29T04:56:15.152+0000] {dag.py:4156} INFO - Setting next_dagrun for nba_data_pipeline to 2024-10-29 00:00:00+00:00, run_after=2024-10-30 00:00:00+00:00
[2024-10-29T04:56:15.214+0000] {processor.py:208} INFO - Processing /opt/airflow/dags/nba_data_pipeline.py took 0.778 seconds
[2024-10-29T04:56:45.713+0000] {processor.py:186} INFO - Started process (PID=278) to work on /opt/airflow/dags/nba_data_pipeline.py
[2024-10-29T04:56:45.715+0000] {processor.py:914} INFO - Processing file /opt/airflow/dags/nba_data_pipeline.py for tasks to queue
[2024-10-29T04:56:45.722+0000] {logging_mixin.py:190} INFO - [2024-10-29T04:56:45.721+0000] {dagbag.py:587} INFO - Filling up the DagBag from /opt/airflow/dags/nba_data_pipeline.py
[2024-10-29T04:56:45.763+0000] {processor.py:925} INFO - DAG(s) 'nba_data_pipeline' retrieved from /opt/airflow/dags/nba_data_pipeline.py
[2024-10-29T04:56:45.868+0000] {logging_mixin.py:190} INFO - [2024-10-29T04:56:45.867+0000] {dag.py:3229} INFO - Sync 1 DAGs
[2024-10-29T04:56:45.951+0000] {logging_mixin.py:190} INFO - [2024-10-29T04:56:45.950+0000] {dag.py:4156} INFO - Setting next_dagrun for nba_data_pipeline to 2024-10-29 00:00:00+00:00, run_after=2024-10-30 00:00:00+00:00
[2024-10-29T04:56:46.103+0000] {processor.py:208} INFO - Processing /opt/airflow/dags/nba_data_pipeline.py took 0.415 seconds
[2024-10-29T04:57:16.498+0000] {processor.py:186} INFO - Started process (PID=283) to work on /opt/airflow/dags/nba_data_pipeline.py
[2024-10-29T04:57:16.500+0000] {processor.py:914} INFO - Processing file /opt/airflow/dags/nba_data_pipeline.py for tasks to queue
[2024-10-29T04:57:16.505+0000] {logging_mixin.py:190} INFO - [2024-10-29T04:57:16.505+0000] {dagbag.py:587} INFO - Filling up the DagBag from /opt/airflow/dags/nba_data_pipeline.py
[2024-10-29T04:57:16.522+0000] {processor.py:925} INFO - DAG(s) 'nba_data_pipeline' retrieved from /opt/airflow/dags/nba_data_pipeline.py
[2024-10-29T04:57:16.582+0000] {logging_mixin.py:190} INFO - [2024-10-29T04:57:16.581+0000] {dag.py:3229} INFO - Sync 1 DAGs
[2024-10-29T04:57:16.625+0000] {logging_mixin.py:190} INFO - [2024-10-29T04:57:16.625+0000] {dag.py:4156} INFO - Setting next_dagrun for nba_data_pipeline to 2024-10-29 00:00:00+00:00, run_after=2024-10-30 00:00:00+00:00
[2024-10-29T04:57:16.664+0000] {processor.py:208} INFO - Processing /opt/airflow/dags/nba_data_pipeline.py took 0.180 seconds
[2024-10-29T04:57:46.911+0000] {processor.py:186} INFO - Started process (PID=291) to work on /opt/airflow/dags/nba_data_pipeline.py
[2024-10-29T04:57:46.913+0000] {processor.py:914} INFO - Processing file /opt/airflow/dags/nba_data_pipeline.py for tasks to queue
[2024-10-29T04:57:46.917+0000] {logging_mixin.py:190} INFO - [2024-10-29T04:57:46.916+0000] {dagbag.py:587} INFO - Filling up the DagBag from /opt/airflow/dags/nba_data_pipeline.py
[2024-10-29T04:57:46.929+0000] {processor.py:925} INFO - DAG(s) 'nba_data_pipeline' retrieved from /opt/airflow/dags/nba_data_pipeline.py
[2024-10-29T04:57:46.965+0000] {logging_mixin.py:190} INFO - [2024-10-29T04:57:46.965+0000] {dag.py:3229} INFO - Sync 1 DAGs
[2024-10-29T04:57:46.998+0000] {logging_mixin.py:190} INFO - [2024-10-29T04:57:46.998+0000] {dag.py:4156} INFO - Setting next_dagrun for nba_data_pipeline to 2024-10-29 00:00:00+00:00, run_after=2024-10-30 00:00:00+00:00
[2024-10-29T04:57:47.181+0000] {processor.py:208} INFO - Processing /opt/airflow/dags/nba_data_pipeline.py took 0.316 seconds
[2024-10-29T04:58:17.377+0000] {processor.py:186} INFO - Started process (PID=296) to work on /opt/airflow/dags/nba_data_pipeline.py
[2024-10-29T04:58:17.379+0000] {processor.py:914} INFO - Processing file /opt/airflow/dags/nba_data_pipeline.py for tasks to queue
[2024-10-29T04:58:17.384+0000] {logging_mixin.py:190} INFO - [2024-10-29T04:58:17.383+0000] {dagbag.py:587} INFO - Filling up the DagBag from /opt/airflow/dags/nba_data_pipeline.py
[2024-10-29T04:58:17.405+0000] {processor.py:925} INFO - DAG(s) 'nba_data_pipeline' retrieved from /opt/airflow/dags/nba_data_pipeline.py
[2024-10-29T04:58:17.443+0000] {logging_mixin.py:190} INFO - [2024-10-29T04:58:17.442+0000] {dag.py:3229} INFO - Sync 1 DAGs
[2024-10-29T04:58:17.642+0000] {logging_mixin.py:190} INFO - [2024-10-29T04:58:17.642+0000] {dag.py:4156} INFO - Setting next_dagrun for nba_data_pipeline to 2024-10-29 00:00:00+00:00, run_after=2024-10-30 00:00:00+00:00
[2024-10-29T04:58:17.665+0000] {processor.py:208} INFO - Processing /opt/airflow/dags/nba_data_pipeline.py took 0.306 seconds
[2024-10-29T04:58:48.071+0000] {processor.py:186} INFO - Started process (PID=301) to work on /opt/airflow/dags/nba_data_pipeline.py
[2024-10-29T04:58:48.073+0000] {processor.py:914} INFO - Processing file /opt/airflow/dags/nba_data_pipeline.py for tasks to queue
[2024-10-29T04:58:48.076+0000] {logging_mixin.py:190} INFO - [2024-10-29T04:58:48.075+0000] {dagbag.py:587} INFO - Filling up the DagBag from /opt/airflow/dags/nba_data_pipeline.py
[2024-10-29T04:58:48.088+0000] {processor.py:925} INFO - DAG(s) 'nba_data_pipeline' retrieved from /opt/airflow/dags/nba_data_pipeline.py
[2024-10-29T04:58:48.123+0000] {logging_mixin.py:190} INFO - [2024-10-29T04:58:48.123+0000] {dag.py:3229} INFO - Sync 1 DAGs
[2024-10-29T04:58:48.316+0000] {logging_mixin.py:190} INFO - [2024-10-29T04:58:48.316+0000] {dag.py:4156} INFO - Setting next_dagrun for nba_data_pipeline to 2024-10-29 00:00:00+00:00, run_after=2024-10-30 00:00:00+00:00
[2024-10-29T04:58:48.339+0000] {processor.py:208} INFO - Processing /opt/airflow/dags/nba_data_pipeline.py took 0.278 seconds
[2024-10-29T04:59:18.583+0000] {processor.py:186} INFO - Started process (PID=309) to work on /opt/airflow/dags/nba_data_pipeline.py
[2024-10-29T04:59:18.584+0000] {processor.py:914} INFO - Processing file /opt/airflow/dags/nba_data_pipeline.py for tasks to queue
[2024-10-29T04:59:18.586+0000] {logging_mixin.py:190} INFO - [2024-10-29T04:59:18.586+0000] {dagbag.py:587} INFO - Filling up the DagBag from /opt/airflow/dags/nba_data_pipeline.py
[2024-10-29T04:59:18.598+0000] {processor.py:925} INFO - DAG(s) 'nba_data_pipeline' retrieved from /opt/airflow/dags/nba_data_pipeline.py
[2024-10-29T04:59:18.790+0000] {logging_mixin.py:190} INFO - [2024-10-29T04:59:18.790+0000] {dag.py:3229} INFO - Sync 1 DAGs
[2024-10-29T04:59:18.822+0000] {logging_mixin.py:190} INFO - [2024-10-29T04:59:18.822+0000] {dag.py:4156} INFO - Setting next_dagrun for nba_data_pipeline to 2024-10-29 00:00:00+00:00, run_after=2024-10-30 00:00:00+00:00
[2024-10-29T04:59:18.845+0000] {processor.py:208} INFO - Processing /opt/airflow/dags/nba_data_pipeline.py took 0.273 seconds
[2024-10-29T04:59:49.294+0000] {processor.py:186} INFO - Started process (PID=317) to work on /opt/airflow/dags/nba_data_pipeline.py
[2024-10-29T04:59:49.296+0000] {processor.py:914} INFO - Processing file /opt/airflow/dags/nba_data_pipeline.py for tasks to queue
[2024-10-29T04:59:49.300+0000] {logging_mixin.py:190} INFO - [2024-10-29T04:59:49.299+0000] {dagbag.py:587} INFO - Filling up the DagBag from /opt/airflow/dags/nba_data_pipeline.py
[2024-10-29T04:59:49.313+0000] {processor.py:925} INFO - DAG(s) 'nba_data_pipeline' retrieved from /opt/airflow/dags/nba_data_pipeline.py
[2024-10-29T04:59:49.355+0000] {logging_mixin.py:190} INFO - [2024-10-29T04:59:49.354+0000] {dag.py:3229} INFO - Sync 1 DAGs
[2024-10-29T04:59:49.393+0000] {logging_mixin.py:190} INFO - [2024-10-29T04:59:49.393+0000] {dag.py:4156} INFO - Setting next_dagrun for nba_data_pipeline to 2024-10-29 00:00:00+00:00, run_after=2024-10-30 00:00:00+00:00
[2024-10-29T04:59:49.420+0000] {processor.py:208} INFO - Processing /opt/airflow/dags/nba_data_pipeline.py took 0.137 seconds
[2024-10-29T05:00:19.577+0000] {processor.py:186} INFO - Started process (PID=322) to work on /opt/airflow/dags/nba_data_pipeline.py
[2024-10-29T05:00:19.578+0000] {processor.py:914} INFO - Processing file /opt/airflow/dags/nba_data_pipeline.py for tasks to queue
[2024-10-29T05:00:19.585+0000] {logging_mixin.py:190} INFO - [2024-10-29T05:00:19.584+0000] {dagbag.py:587} INFO - Filling up the DagBag from /opt/airflow/dags/nba_data_pipeline.py
[2024-10-29T05:00:19.603+0000] {processor.py:925} INFO - DAG(s) 'nba_data_pipeline' retrieved from /opt/airflow/dags/nba_data_pipeline.py
[2024-10-29T05:00:19.658+0000] {logging_mixin.py:190} INFO - [2024-10-29T05:00:19.657+0000] {dag.py:3229} INFO - Sync 1 DAGs
[2024-10-29T05:00:19.705+0000] {logging_mixin.py:190} INFO - [2024-10-29T05:00:19.704+0000] {dag.py:4156} INFO - Setting next_dagrun for nba_data_pipeline to 2024-10-29 00:00:00+00:00, run_after=2024-10-30 00:00:00+00:00
[2024-10-29T05:00:19.743+0000] {processor.py:208} INFO - Processing /opt/airflow/dags/nba_data_pipeline.py took 0.182 seconds
[2024-10-29T05:00:50.014+0000] {processor.py:186} INFO - Started process (PID=327) to work on /opt/airflow/dags/nba_data_pipeline.py
[2024-10-29T05:00:50.016+0000] {processor.py:914} INFO - Processing file /opt/airflow/dags/nba_data_pipeline.py for tasks to queue
[2024-10-29T05:00:50.025+0000] {logging_mixin.py:190} INFO - [2024-10-29T05:00:50.023+0000] {dagbag.py:587} INFO - Filling up the DagBag from /opt/airflow/dags/nba_data_pipeline.py
[2024-10-29T05:00:50.057+0000] {processor.py:925} INFO - DAG(s) 'nba_data_pipeline' retrieved from /opt/airflow/dags/nba_data_pipeline.py
[2024-10-29T05:00:50.126+0000] {logging_mixin.py:190} INFO - [2024-10-29T05:00:50.125+0000] {dag.py:3229} INFO - Sync 1 DAGs
[2024-10-29T05:00:50.195+0000] {logging_mixin.py:190} INFO - [2024-10-29T05:00:50.195+0000] {dag.py:4156} INFO - Setting next_dagrun for nba_data_pipeline to 2024-10-29 00:00:00+00:00, run_after=2024-10-30 00:00:00+00:00
[2024-10-29T05:00:50.493+0000] {processor.py:208} INFO - Processing /opt/airflow/dags/nba_data_pipeline.py took 0.497 seconds
[2024-10-29T05:01:20.679+0000] {processor.py:186} INFO - Started process (PID=332) to work on /opt/airflow/dags/nba_data_pipeline.py
[2024-10-29T05:01:20.682+0000] {processor.py:914} INFO - Processing file /opt/airflow/dags/nba_data_pipeline.py for tasks to queue
[2024-10-29T05:01:20.689+0000] {logging_mixin.py:190} INFO - [2024-10-29T05:01:20.688+0000] {dagbag.py:587} INFO - Filling up the DagBag from /opt/airflow/dags/nba_data_pipeline.py
[2024-10-29T05:01:20.716+0000] {processor.py:925} INFO - DAG(s) 'nba_data_pipeline' retrieved from /opt/airflow/dags/nba_data_pipeline.py
[2024-10-29T05:01:20.788+0000] {logging_mixin.py:190} INFO - [2024-10-29T05:01:20.787+0000] {dag.py:3229} INFO - Sync 1 DAGs
[2024-10-29T05:01:21.143+0000] {logging_mixin.py:190} INFO - [2024-10-29T05:01:21.142+0000] {dag.py:4156} INFO - Setting next_dagrun for nba_data_pipeline to 2024-10-29 00:00:00+00:00, run_after=2024-10-30 00:00:00+00:00
[2024-10-29T05:01:21.185+0000] {processor.py:208} INFO - Processing /opt/airflow/dags/nba_data_pipeline.py took 0.526 seconds
[2024-10-29T05:01:51.600+0000] {processor.py:186} INFO - Started process (PID=337) to work on /opt/airflow/dags/nba_data_pipeline.py
[2024-10-29T05:01:51.607+0000] {processor.py:914} INFO - Processing file /opt/airflow/dags/nba_data_pipeline.py for tasks to queue
[2024-10-29T05:01:51.620+0000] {logging_mixin.py:190} INFO - [2024-10-29T05:01:51.619+0000] {dagbag.py:587} INFO - Filling up the DagBag from /opt/airflow/dags/nba_data_pipeline.py
[2024-10-29T05:01:51.643+0000] {processor.py:925} INFO - DAG(s) 'nba_data_pipeline' retrieved from /opt/airflow/dags/nba_data_pipeline.py
[2024-10-29T05:01:51.712+0000] {logging_mixin.py:190} INFO - [2024-10-29T05:01:51.712+0000] {dag.py:3229} INFO - Sync 1 DAGs
[2024-10-29T05:01:52.039+0000] {logging_mixin.py:190} INFO - [2024-10-29T05:01:52.038+0000] {dag.py:4156} INFO - Setting next_dagrun for nba_data_pipeline to 2024-10-29 00:00:00+00:00, run_after=2024-10-30 00:00:00+00:00
[2024-10-29T05:01:52.080+0000] {processor.py:208} INFO - Processing /opt/airflow/dags/nba_data_pipeline.py took 0.509 seconds
[2024-10-29T05:02:22.554+0000] {processor.py:186} INFO - Started process (PID=342) to work on /opt/airflow/dags/nba_data_pipeline.py
[2024-10-29T05:02:22.558+0000] {processor.py:914} INFO - Processing file /opt/airflow/dags/nba_data_pipeline.py for tasks to queue
[2024-10-29T05:02:22.570+0000] {logging_mixin.py:190} INFO - [2024-10-29T05:02:22.567+0000] {dagbag.py:587} INFO - Filling up the DagBag from /opt/airflow/dags/nba_data_pipeline.py
[2024-10-29T05:02:22.618+0000] {processor.py:925} INFO - DAG(s) 'nba_data_pipeline' retrieved from /opt/airflow/dags/nba_data_pipeline.py
[2024-10-29T05:02:23.278+0000] {logging_mixin.py:190} INFO - [2024-10-29T05:02:23.277+0000] {dag.py:3229} INFO - Sync 1 DAGs
[2024-10-29T05:02:23.436+0000] {logging_mixin.py:190} INFO - [2024-10-29T05:02:23.435+0000] {dag.py:4156} INFO - Setting next_dagrun for nba_data_pipeline to 2024-10-29 00:00:00+00:00, run_after=2024-10-30 00:00:00+00:00
[2024-10-29T05:02:23.549+0000] {processor.py:208} INFO - Processing /opt/airflow/dags/nba_data_pipeline.py took 1.032 seconds
[2024-10-29T05:02:54.560+0000] {processor.py:186} INFO - Started process (PID=347) to work on /opt/airflow/dags/nba_data_pipeline.py
[2024-10-29T05:02:54.564+0000] {processor.py:914} INFO - Processing file /opt/airflow/dags/nba_data_pipeline.py for tasks to queue
[2024-10-29T05:02:54.574+0000] {logging_mixin.py:190} INFO - [2024-10-29T05:02:54.572+0000] {dagbag.py:587} INFO - Filling up the DagBag from /opt/airflow/dags/nba_data_pipeline.py
[2024-10-29T05:02:54.640+0000] {processor.py:925} INFO - DAG(s) 'nba_data_pipeline' retrieved from /opt/airflow/dags/nba_data_pipeline.py
[2024-10-29T05:02:54.825+0000] {logging_mixin.py:190} INFO - [2024-10-29T05:02:54.825+0000] {dag.py:3229} INFO - Sync 1 DAGs
[2024-10-29T05:02:54.984+0000] {logging_mixin.py:190} INFO - [2024-10-29T05:02:54.983+0000] {dag.py:4156} INFO - Setting next_dagrun for nba_data_pipeline to 2024-10-29 00:00:00+00:00, run_after=2024-10-30 00:00:00+00:00
[2024-10-29T05:02:55.070+0000] {processor.py:208} INFO - Processing /opt/airflow/dags/nba_data_pipeline.py took 0.546 seconds
[2024-10-29T05:03:25.557+0000] {processor.py:186} INFO - Started process (PID=352) to work on /opt/airflow/dags/nba_data_pipeline.py
[2024-10-29T05:03:25.564+0000] {processor.py:914} INFO - Processing file /opt/airflow/dags/nba_data_pipeline.py for tasks to queue
[2024-10-29T05:03:25.584+0000] {logging_mixin.py:190} INFO - [2024-10-29T05:03:25.581+0000] {dagbag.py:587} INFO - Filling up the DagBag from /opt/airflow/dags/nba_data_pipeline.py
[2024-10-29T05:03:25.643+0000] {processor.py:925} INFO - DAG(s) 'nba_data_pipeline' retrieved from /opt/airflow/dags/nba_data_pipeline.py
[2024-10-29T05:03:25.839+0000] {logging_mixin.py:190} INFO - [2024-10-29T05:03:25.838+0000] {dag.py:3229} INFO - Sync 1 DAGs
[2024-10-29T05:03:26.016+0000] {logging_mixin.py:190} INFO - [2024-10-29T05:03:26.015+0000] {dag.py:4156} INFO - Setting next_dagrun for nba_data_pipeline to 2024-10-29 00:00:00+00:00, run_after=2024-10-30 00:00:00+00:00
[2024-10-29T05:03:26.129+0000] {processor.py:208} INFO - Processing /opt/airflow/dags/nba_data_pipeline.py took 0.620 seconds
[2024-10-29T05:03:56.751+0000] {processor.py:186} INFO - Started process (PID=357) to work on /opt/airflow/dags/nba_data_pipeline.py
[2024-10-29T05:03:56.756+0000] {processor.py:914} INFO - Processing file /opt/airflow/dags/nba_data_pipeline.py for tasks to queue
[2024-10-29T05:03:56.768+0000] {logging_mixin.py:190} INFO - [2024-10-29T05:03:56.767+0000] {dagbag.py:587} INFO - Filling up the DagBag from /opt/airflow/dags/nba_data_pipeline.py
[2024-10-29T05:03:56.812+0000] {processor.py:925} INFO - DAG(s) 'nba_data_pipeline' retrieved from /opt/airflow/dags/nba_data_pipeline.py
[2024-10-29T05:03:56.941+0000] {logging_mixin.py:190} INFO - [2024-10-29T05:03:56.941+0000] {dag.py:3229} INFO - Sync 1 DAGs
[2024-10-29T05:03:57.487+0000] {logging_mixin.py:190} INFO - [2024-10-29T05:03:57.486+0000] {dag.py:4156} INFO - Setting next_dagrun for nba_data_pipeline to 2024-10-29 00:00:00+00:00, run_after=2024-10-30 00:00:00+00:00
[2024-10-29T05:03:57.561+0000] {processor.py:208} INFO - Processing /opt/airflow/dags/nba_data_pipeline.py took 0.843 seconds
[2024-10-29T05:04:28.409+0000] {processor.py:186} INFO - Started process (PID=365) to work on /opt/airflow/dags/nba_data_pipeline.py
[2024-10-29T05:04:28.413+0000] {processor.py:914} INFO - Processing file /opt/airflow/dags/nba_data_pipeline.py for tasks to queue
[2024-10-29T05:04:28.422+0000] {logging_mixin.py:190} INFO - [2024-10-29T05:04:28.421+0000] {dagbag.py:587} INFO - Filling up the DagBag from /opt/airflow/dags/nba_data_pipeline.py
[2024-10-29T05:04:28.457+0000] {processor.py:925} INFO - DAG(s) 'nba_data_pipeline' retrieved from /opt/airflow/dags/nba_data_pipeline.py
[2024-10-29T05:04:28.550+0000] {logging_mixin.py:190} INFO - [2024-10-29T05:04:28.549+0000] {dag.py:3229} INFO - Sync 1 DAGs
[2024-10-29T05:04:28.949+0000] {logging_mixin.py:190} INFO - [2024-10-29T05:04:28.948+0000] {dag.py:4156} INFO - Setting next_dagrun for nba_data_pipeline to 2024-10-29 00:00:00+00:00, run_after=2024-10-30 00:00:00+00:00
[2024-10-29T05:04:28.996+0000] {processor.py:208} INFO - Processing /opt/airflow/dags/nba_data_pipeline.py took 0.618 seconds
[2024-10-29T05:04:59.462+0000] {processor.py:186} INFO - Started process (PID=370) to work on /opt/airflow/dags/nba_data_pipeline.py
[2024-10-29T05:04:59.465+0000] {processor.py:914} INFO - Processing file /opt/airflow/dags/nba_data_pipeline.py for tasks to queue
[2024-10-29T05:04:59.471+0000] {logging_mixin.py:190} INFO - [2024-10-29T05:04:59.470+0000] {dagbag.py:587} INFO - Filling up the DagBag from /opt/airflow/dags/nba_data_pipeline.py
[2024-10-29T05:04:59.501+0000] {processor.py:925} INFO - DAG(s) 'nba_data_pipeline' retrieved from /opt/airflow/dags/nba_data_pipeline.py
[2024-10-29T05:04:59.926+0000] {logging_mixin.py:190} INFO - [2024-10-29T05:04:59.926+0000] {dag.py:3229} INFO - Sync 1 DAGs
[2024-10-29T05:04:59.993+0000] {logging_mixin.py:190} INFO - [2024-10-29T05:04:59.992+0000] {dag.py:4156} INFO - Setting next_dagrun for nba_data_pipeline to 2024-10-29 00:00:00+00:00, run_after=2024-10-30 00:00:00+00:00
[2024-10-29T05:05:00.045+0000] {processor.py:208} INFO - Processing /opt/airflow/dags/nba_data_pipeline.py took 0.616 seconds
[2024-10-29T05:05:30.576+0000] {processor.py:186} INFO - Started process (PID=375) to work on /opt/airflow/dags/nba_data_pipeline.py
[2024-10-29T05:05:30.581+0000] {processor.py:914} INFO - Processing file /opt/airflow/dags/nba_data_pipeline.py for tasks to queue
[2024-10-29T05:05:30.594+0000] {logging_mixin.py:190} INFO - [2024-10-29T05:05:30.591+0000] {dagbag.py:587} INFO - Filling up the DagBag from /opt/airflow/dags/nba_data_pipeline.py
[2024-10-29T05:05:31.267+0000] {processor.py:925} INFO - DAG(s) 'nba_data_pipeline' retrieved from /opt/airflow/dags/nba_data_pipeline.py
[2024-10-29T05:05:31.408+0000] {logging_mixin.py:190} INFO - [2024-10-29T05:05:31.406+0000] {dag.py:3229} INFO - Sync 1 DAGs
[2024-10-29T05:05:31.531+0000] {logging_mixin.py:190} INFO - [2024-10-29T05:05:31.530+0000] {dag.py:4156} INFO - Setting next_dagrun for nba_data_pipeline to 2024-10-29 00:00:00+00:00, run_after=2024-10-30 00:00:00+00:00
[2024-10-29T05:05:31.631+0000] {processor.py:208} INFO - Processing /opt/airflow/dags/nba_data_pipeline.py took 1.096 seconds
[2024-10-29T05:06:02.657+0000] {processor.py:186} INFO - Started process (PID=380) to work on /opt/airflow/dags/nba_data_pipeline.py
[2024-10-29T05:06:02.673+0000] {processor.py:914} INFO - Processing file /opt/airflow/dags/nba_data_pipeline.py for tasks to queue
[2024-10-29T05:06:02.693+0000] {logging_mixin.py:190} INFO - [2024-10-29T05:06:02.689+0000] {dagbag.py:587} INFO - Filling up the DagBag from /opt/airflow/dags/nba_data_pipeline.py
[2024-10-29T05:06:02.809+0000] {processor.py:925} INFO - DAG(s) 'nba_data_pipeline' retrieved from /opt/airflow/dags/nba_data_pipeline.py
[2024-10-29T05:06:03.140+0000] {logging_mixin.py:190} INFO - [2024-10-29T05:06:03.139+0000] {dag.py:3229} INFO - Sync 1 DAGs
[2024-10-29T05:06:03.428+0000] {logging_mixin.py:190} INFO - [2024-10-29T05:06:03.426+0000] {dag.py:4156} INFO - Setting next_dagrun for nba_data_pipeline to 2024-10-29 00:00:00+00:00, run_after=2024-10-30 00:00:00+00:00
[2024-10-29T05:06:03.821+0000] {processor.py:208} INFO - Processing /opt/airflow/dags/nba_data_pipeline.py took 1.286 seconds
[2024-10-29T05:06:34.563+0000] {processor.py:186} INFO - Started process (PID=385) to work on /opt/airflow/dags/nba_data_pipeline.py
[2024-10-29T05:06:34.581+0000] {processor.py:914} INFO - Processing file /opt/airflow/dags/nba_data_pipeline.py for tasks to queue
[2024-10-29T05:06:34.646+0000] {logging_mixin.py:190} INFO - [2024-10-29T05:06:34.632+0000] {dagbag.py:587} INFO - Filling up the DagBag from /opt/airflow/dags/nba_data_pipeline.py
[2024-10-29T05:06:34.847+0000] {processor.py:925} INFO - DAG(s) 'nba_data_pipeline' retrieved from /opt/airflow/dags/nba_data_pipeline.py
[2024-10-29T05:06:35.334+0000] {logging_mixin.py:190} INFO - [2024-10-29T05:06:35.322+0000] {dag.py:3229} INFO - Sync 1 DAGs
[2024-10-29T05:06:36.146+0000] {logging_mixin.py:190} INFO - [2024-10-29T05:06:36.144+0000] {dag.py:4156} INFO - Setting next_dagrun for nba_data_pipeline to 2024-10-29 00:00:00+00:00, run_after=2024-10-30 00:00:00+00:00
[2024-10-29T05:06:36.545+0000] {processor.py:208} INFO - Processing /opt/airflow/dags/nba_data_pipeline.py took 2.138 seconds
[2024-10-29T05:07:07.477+0000] {processor.py:186} INFO - Started process (PID=390) to work on /opt/airflow/dags/nba_data_pipeline.py
[2024-10-29T05:07:07.498+0000] {processor.py:914} INFO - Processing file /opt/airflow/dags/nba_data_pipeline.py for tasks to queue
[2024-10-29T05:07:07.524+0000] {logging_mixin.py:190} INFO - [2024-10-29T05:07:07.522+0000] {dagbag.py:587} INFO - Filling up the DagBag from /opt/airflow/dags/nba_data_pipeline.py
[2024-10-29T05:07:07.700+0000] {processor.py:925} INFO - DAG(s) 'nba_data_pipeline' retrieved from /opt/airflow/dags/nba_data_pipeline.py
[2024-10-29T05:07:08.143+0000] {logging_mixin.py:190} INFO - [2024-10-29T05:07:08.142+0000] {dag.py:3229} INFO - Sync 1 DAGs
[2024-10-29T05:07:08.681+0000] {logging_mixin.py:190} INFO - [2024-10-29T05:07:08.679+0000] {dag.py:4156} INFO - Setting next_dagrun for nba_data_pipeline to 2024-10-29 00:00:00+00:00, run_after=2024-10-30 00:00:00+00:00
[2024-10-29T05:07:09.168+0000] {processor.py:208} INFO - Processing /opt/airflow/dags/nba_data_pipeline.py took 1.821 seconds
[2024-10-29T05:07:40.356+0000] {processor.py:186} INFO - Started process (PID=395) to work on /opt/airflow/dags/nba_data_pipeline.py
[2024-10-29T05:07:40.420+0000] {processor.py:914} INFO - Processing file /opt/airflow/dags/nba_data_pipeline.py for tasks to queue
[2024-10-29T05:07:40.523+0000] {logging_mixin.py:190} INFO - [2024-10-29T05:07:40.508+0000] {dagbag.py:587} INFO - Filling up the DagBag from /opt/airflow/dags/nba_data_pipeline.py
[2024-10-29T05:07:40.856+0000] {processor.py:925} INFO - DAG(s) 'nba_data_pipeline' retrieved from /opt/airflow/dags/nba_data_pipeline.py
[2024-10-29T05:07:41.958+0000] {logging_mixin.py:190} INFO - [2024-10-29T05:07:41.944+0000] {dag.py:3229} INFO - Sync 1 DAGs
[2024-10-29T05:07:44.065+0000] {logging_mixin.py:190} INFO - [2024-10-29T05:07:44.063+0000] {dag.py:4156} INFO - Setting next_dagrun for nba_data_pipeline to 2024-10-29 00:00:00+00:00, run_after=2024-10-30 00:00:00+00:00
[2024-10-29T05:07:45.068+0000] {processor.py:208} INFO - Processing /opt/airflow/dags/nba_data_pipeline.py took 5.077 seconds
[2024-10-29T05:08:16.692+0000] {processor.py:186} INFO - Started process (PID=400) to work on /opt/airflow/dags/nba_data_pipeline.py
[2024-10-29T05:08:16.708+0000] {processor.py:914} INFO - Processing file /opt/airflow/dags/nba_data_pipeline.py for tasks to queue
[2024-10-29T05:08:16.746+0000] {logging_mixin.py:190} INFO - [2024-10-29T05:08:16.743+0000] {dagbag.py:587} INFO - Filling up the DagBag from /opt/airflow/dags/nba_data_pipeline.py
[2024-10-29T05:08:16.894+0000] {processor.py:925} INFO - DAG(s) 'nba_data_pipeline' retrieved from /opt/airflow/dags/nba_data_pipeline.py
[2024-10-29T05:08:17.308+0000] {logging_mixin.py:190} INFO - [2024-10-29T05:08:17.307+0000] {dag.py:3229} INFO - Sync 1 DAGs
[2024-10-29T05:08:17.986+0000] {logging_mixin.py:190} INFO - [2024-10-29T05:08:17.984+0000] {dag.py:4156} INFO - Setting next_dagrun for nba_data_pipeline to 2024-10-29 00:00:00+00:00, run_after=2024-10-30 00:00:00+00:00
[2024-10-29T05:08:18.347+0000] {processor.py:208} INFO - Processing /opt/airflow/dags/nba_data_pipeline.py took 1.799 seconds
[2024-10-29T05:08:48.993+0000] {processor.py:186} INFO - Started process (PID=405) to work on /opt/airflow/dags/nba_data_pipeline.py
[2024-10-29T05:08:49.004+0000] {processor.py:914} INFO - Processing file /opt/airflow/dags/nba_data_pipeline.py for tasks to queue
[2024-10-29T05:08:49.065+0000] {logging_mixin.py:190} INFO - [2024-10-29T05:08:49.061+0000] {dagbag.py:587} INFO - Filling up the DagBag from /opt/airflow/dags/nba_data_pipeline.py
[2024-10-29T05:08:49.247+0000] {processor.py:925} INFO - DAG(s) 'nba_data_pipeline' retrieved from /opt/airflow/dags/nba_data_pipeline.py
[2024-10-29T05:08:49.776+0000] {logging_mixin.py:190} INFO - [2024-10-29T05:08:49.775+0000] {dag.py:3229} INFO - Sync 1 DAGs
[2024-10-29T05:08:50.311+0000] {logging_mixin.py:190} INFO - [2024-10-29T05:08:50.295+0000] {dag.py:4156} INFO - Setting next_dagrun for nba_data_pipeline to 2024-10-29 00:00:00+00:00, run_after=2024-10-30 00:00:00+00:00
[2024-10-29T05:08:50.731+0000] {processor.py:208} INFO - Processing /opt/airflow/dags/nba_data_pipeline.py took 1.952 seconds
[2024-10-29T05:09:21.636+0000] {processor.py:186} INFO - Started process (PID=410) to work on /opt/airflow/dags/nba_data_pipeline.py
[2024-10-29T05:09:21.658+0000] {processor.py:914} INFO - Processing file /opt/airflow/dags/nba_data_pipeline.py for tasks to queue
[2024-10-29T05:09:21.706+0000] {logging_mixin.py:190} INFO - [2024-10-29T05:09:21.703+0000] {dagbag.py:587} INFO - Filling up the DagBag from /opt/airflow/dags/nba_data_pipeline.py
[2024-10-29T05:09:21.857+0000] {processor.py:925} INFO - DAG(s) 'nba_data_pipeline' retrieved from /opt/airflow/dags/nba_data_pipeline.py
[2024-10-29T05:09:22.358+0000] {logging_mixin.py:190} INFO - [2024-10-29T05:09:22.357+0000] {dag.py:3229} INFO - Sync 1 DAGs
[2024-10-29T05:09:22.856+0000] {logging_mixin.py:190} INFO - [2024-10-29T05:09:22.854+0000] {dag.py:4156} INFO - Setting next_dagrun for nba_data_pipeline to 2024-10-29 00:00:00+00:00, run_after=2024-10-30 00:00:00+00:00
[2024-10-29T05:09:23.139+0000] {processor.py:208} INFO - Processing /opt/airflow/dags/nba_data_pipeline.py took 1.679 seconds
[2024-10-29T05:09:53.481+0000] {processor.py:186} INFO - Started process (PID=415) to work on /opt/airflow/dags/nba_data_pipeline.py
[2024-10-29T05:09:53.483+0000] {processor.py:914} INFO - Processing file /opt/airflow/dags/nba_data_pipeline.py for tasks to queue
[2024-10-29T05:09:53.489+0000] {logging_mixin.py:190} INFO - [2024-10-29T05:09:53.488+0000] {dagbag.py:587} INFO - Filling up the DagBag from /opt/airflow/dags/nba_data_pipeline.py
[2024-10-29T05:09:53.514+0000] {processor.py:925} INFO - DAG(s) 'nba_data_pipeline' retrieved from /opt/airflow/dags/nba_data_pipeline.py
[2024-10-29T05:09:53.583+0000] {logging_mixin.py:190} INFO - [2024-10-29T05:09:53.582+0000] {dag.py:3229} INFO - Sync 1 DAGs
[2024-10-29T05:09:53.642+0000] {logging_mixin.py:190} INFO - [2024-10-29T05:09:53.642+0000] {dag.py:4156} INFO - Setting next_dagrun for nba_data_pipeline to 2024-10-29 00:00:00+00:00, run_after=2024-10-30 00:00:00+00:00
[2024-10-29T05:09:53.686+0000] {processor.py:208} INFO - Processing /opt/airflow/dags/nba_data_pipeline.py took 0.225 seconds
[2024-10-29T05:10:23.905+0000] {processor.py:186} INFO - Started process (PID=420) to work on /opt/airflow/dags/nba_data_pipeline.py
[2024-10-29T05:10:23.907+0000] {processor.py:914} INFO - Processing file /opt/airflow/dags/nba_data_pipeline.py for tasks to queue
[2024-10-29T05:10:23.912+0000] {logging_mixin.py:190} INFO - [2024-10-29T05:10:23.911+0000] {dagbag.py:587} INFO - Filling up the DagBag from /opt/airflow/dags/nba_data_pipeline.py
[2024-10-29T05:10:23.931+0000] {processor.py:925} INFO - DAG(s) 'nba_data_pipeline' retrieved from /opt/airflow/dags/nba_data_pipeline.py
[2024-10-29T05:10:23.986+0000] {logging_mixin.py:190} INFO - [2024-10-29T05:10:23.985+0000] {dag.py:3229} INFO - Sync 1 DAGs
[2024-10-29T05:10:24.038+0000] {logging_mixin.py:190} INFO - [2024-10-29T05:10:24.037+0000] {dag.py:4156} INFO - Setting next_dagrun for nba_data_pipeline to 2024-10-29 00:00:00+00:00, run_after=2024-10-30 00:00:00+00:00
[2024-10-29T05:10:24.087+0000] {processor.py:208} INFO - Processing /opt/airflow/dags/nba_data_pipeline.py took 0.198 seconds
[2024-10-29T05:10:54.334+0000] {processor.py:186} INFO - Started process (PID=425) to work on /opt/airflow/dags/nba_data_pipeline.py
[2024-10-29T05:10:54.334+0000] {processor.py:914} INFO - Processing file /opt/airflow/dags/nba_data_pipeline.py for tasks to queue
[2024-10-29T05:10:54.338+0000] {logging_mixin.py:190} INFO - [2024-10-29T05:10:54.338+0000] {dagbag.py:587} INFO - Filling up the DagBag from /opt/airflow/dags/nba_data_pipeline.py
[2024-10-29T05:10:54.350+0000] {processor.py:925} INFO - DAG(s) 'nba_data_pipeline' retrieved from /opt/airflow/dags/nba_data_pipeline.py
[2024-10-29T05:10:54.385+0000] {logging_mixin.py:190} INFO - [2024-10-29T05:10:54.385+0000] {dag.py:3229} INFO - Sync 1 DAGs
[2024-10-29T05:10:54.416+0000] {logging_mixin.py:190} INFO - [2024-10-29T05:10:54.416+0000] {dag.py:4156} INFO - Setting next_dagrun for nba_data_pipeline to 2024-10-29 00:00:00+00:00, run_after=2024-10-30 00:00:00+00:00
[2024-10-29T05:10:54.437+0000] {processor.py:208} INFO - Processing /opt/airflow/dags/nba_data_pipeline.py took 0.115 seconds
[2024-10-29T05:11:24.596+0000] {processor.py:186} INFO - Started process (PID=430) to work on /opt/airflow/dags/nba_data_pipeline.py
[2024-10-29T05:11:24.598+0000] {processor.py:914} INFO - Processing file /opt/airflow/dags/nba_data_pipeline.py for tasks to queue
[2024-10-29T05:11:24.603+0000] {logging_mixin.py:190} INFO - [2024-10-29T05:11:24.603+0000] {dagbag.py:587} INFO - Filling up the DagBag from /opt/airflow/dags/nba_data_pipeline.py
[2024-10-29T05:11:24.624+0000] {processor.py:925} INFO - DAG(s) 'nba_data_pipeline' retrieved from /opt/airflow/dags/nba_data_pipeline.py
[2024-10-29T05:11:24.685+0000] {logging_mixin.py:190} INFO - [2024-10-29T05:11:24.685+0000] {dag.py:3229} INFO - Sync 1 DAGs
[2024-10-29T05:11:24.735+0000] {logging_mixin.py:190} INFO - [2024-10-29T05:11:24.735+0000] {dag.py:4156} INFO - Setting next_dagrun for nba_data_pipeline to 2024-10-29 00:00:00+00:00, run_after=2024-10-30 00:00:00+00:00
[2024-10-29T05:11:24.771+0000] {processor.py:208} INFO - Processing /opt/airflow/dags/nba_data_pipeline.py took 0.192 seconds
[2024-10-29T05:11:55.215+0000] {processor.py:186} INFO - Started process (PID=435) to work on /opt/airflow/dags/nba_data_pipeline.py
[2024-10-29T05:11:55.221+0000] {processor.py:914} INFO - Processing file /opt/airflow/dags/nba_data_pipeline.py for tasks to queue
[2024-10-29T05:11:55.236+0000] {logging_mixin.py:190} INFO - [2024-10-29T05:11:55.232+0000] {dagbag.py:587} INFO - Filling up the DagBag from /opt/airflow/dags/nba_data_pipeline.py
[2024-10-29T05:11:55.290+0000] {processor.py:925} INFO - DAG(s) 'nba_data_pipeline' retrieved from /opt/airflow/dags/nba_data_pipeline.py
[2024-10-29T05:11:55.427+0000] {logging_mixin.py:190} INFO - [2024-10-29T05:11:55.426+0000] {dag.py:3229} INFO - Sync 1 DAGs
[2024-10-29T05:11:55.564+0000] {logging_mixin.py:190} INFO - [2024-10-29T05:11:55.563+0000] {dag.py:4156} INFO - Setting next_dagrun for nba_data_pipeline to 2024-10-29 00:00:00+00:00, run_after=2024-10-30 00:00:00+00:00
[2024-10-29T05:11:55.651+0000] {processor.py:208} INFO - Processing /opt/airflow/dags/nba_data_pipeline.py took 0.478 seconds
[2024-10-29T05:12:26.162+0000] {processor.py:186} INFO - Started process (PID=440) to work on /opt/airflow/dags/nba_data_pipeline.py
[2024-10-29T05:12:26.181+0000] {processor.py:914} INFO - Processing file /opt/airflow/dags/nba_data_pipeline.py for tasks to queue
[2024-10-29T05:12:26.228+0000] {logging_mixin.py:190} INFO - [2024-10-29T05:12:26.226+0000] {dagbag.py:587} INFO - Filling up the DagBag from /opt/airflow/dags/nba_data_pipeline.py
[2024-10-29T05:12:26.381+0000] {processor.py:925} INFO - DAG(s) 'nba_data_pipeline' retrieved from /opt/airflow/dags/nba_data_pipeline.py
[2024-10-29T05:12:27.034+0000] {logging_mixin.py:190} INFO - [2024-10-29T05:12:27.032+0000] {dag.py:3229} INFO - Sync 1 DAGs
[2024-10-29T05:12:27.762+0000] {logging_mixin.py:190} INFO - [2024-10-29T05:12:27.758+0000] {dag.py:4156} INFO - Setting next_dagrun for nba_data_pipeline to 2024-10-29 00:00:00+00:00, run_after=2024-10-30 00:00:00+00:00
[2024-10-29T05:12:28.272+0000] {processor.py:208} INFO - Processing /opt/airflow/dags/nba_data_pipeline.py took 2.298 seconds
[2024-10-29T05:12:59.347+0000] {processor.py:186} INFO - Started process (PID=445) to work on /opt/airflow/dags/nba_data_pipeline.py
[2024-10-29T05:12:59.373+0000] {processor.py:914} INFO - Processing file /opt/airflow/dags/nba_data_pipeline.py for tasks to queue
[2024-10-29T05:12:59.455+0000] {logging_mixin.py:190} INFO - [2024-10-29T05:12:59.440+0000] {dagbag.py:587} INFO - Filling up the DagBag from /opt/airflow/dags/nba_data_pipeline.py
[2024-10-29T05:12:59.811+0000] {processor.py:925} INFO - DAG(s) 'nba_data_pipeline' retrieved from /opt/airflow/dags/nba_data_pipeline.py
[2024-10-29T05:13:00.550+0000] {logging_mixin.py:190} INFO - [2024-10-29T05:13:00.548+0000] {dag.py:3229} INFO - Sync 1 DAGs
[2024-10-29T05:13:01.352+0000] {logging_mixin.py:190} INFO - [2024-10-29T05:13:01.349+0000] {dag.py:4156} INFO - Setting next_dagrun for nba_data_pipeline to 2024-10-29 00:00:00+00:00, run_after=2024-10-30 00:00:00+00:00
[2024-10-29T05:13:02.089+0000] {processor.py:208} INFO - Processing /opt/airflow/dags/nba_data_pipeline.py took 3.010 seconds
[2024-10-29T05:13:32.564+0000] {processor.py:186} INFO - Started process (PID=450) to work on /opt/airflow/dags/nba_data_pipeline.py
[2024-10-29T05:13:32.572+0000] {processor.py:914} INFO - Processing file /opt/airflow/dags/nba_data_pipeline.py for tasks to queue
[2024-10-29T05:13:32.595+0000] {logging_mixin.py:190} INFO - [2024-10-29T05:13:32.588+0000] {dagbag.py:587} INFO - Filling up the DagBag from /opt/airflow/dags/nba_data_pipeline.py
[2024-10-29T05:13:32.671+0000] {processor.py:925} INFO - DAG(s) 'nba_data_pipeline' retrieved from /opt/airflow/dags/nba_data_pipeline.py
[2024-10-29T05:13:32.807+0000] {logging_mixin.py:190} INFO - [2024-10-29T05:13:32.806+0000] {dag.py:3229} INFO - Sync 1 DAGs
[2024-10-29T05:13:33.017+0000] {logging_mixin.py:190} INFO - [2024-10-29T05:13:33.016+0000] {dag.py:4156} INFO - Setting next_dagrun for nba_data_pipeline to 2024-10-29 00:00:00+00:00, run_after=2024-10-30 00:00:00+00:00
[2024-10-29T05:13:33.424+0000] {processor.py:208} INFO - Processing /opt/airflow/dags/nba_data_pipeline.py took 0.996 seconds
[2024-10-29T05:14:04.089+0000] {processor.py:186} INFO - Started process (PID=455) to work on /opt/airflow/dags/nba_data_pipeline.py
[2024-10-29T05:14:04.090+0000] {processor.py:914} INFO - Processing file /opt/airflow/dags/nba_data_pipeline.py for tasks to queue
[2024-10-29T05:14:04.095+0000] {logging_mixin.py:190} INFO - [2024-10-29T05:14:04.094+0000] {dagbag.py:587} INFO - Filling up the DagBag from /opt/airflow/dags/nba_data_pipeline.py
[2024-10-29T05:14:04.113+0000] {processor.py:925} INFO - DAG(s) 'nba_data_pipeline' retrieved from /opt/airflow/dags/nba_data_pipeline.py
[2024-10-29T05:14:04.176+0000] {logging_mixin.py:190} INFO - [2024-10-29T05:14:04.175+0000] {dag.py:3229} INFO - Sync 1 DAGs
[2024-10-29T05:14:04.219+0000] {logging_mixin.py:190} INFO - [2024-10-29T05:14:04.218+0000] {dag.py:4156} INFO - Setting next_dagrun for nba_data_pipeline to 2024-10-29 00:00:00+00:00, run_after=2024-10-30 00:00:00+00:00
[2024-10-29T05:14:04.251+0000] {processor.py:208} INFO - Processing /opt/airflow/dags/nba_data_pipeline.py took 0.177 seconds
[2024-10-29T05:14:34.485+0000] {processor.py:186} INFO - Started process (PID=460) to work on /opt/airflow/dags/nba_data_pipeline.py
[2024-10-29T05:14:34.486+0000] {processor.py:914} INFO - Processing file /opt/airflow/dags/nba_data_pipeline.py for tasks to queue
[2024-10-29T05:14:34.489+0000] {logging_mixin.py:190} INFO - [2024-10-29T05:14:34.489+0000] {dagbag.py:587} INFO - Filling up the DagBag from /opt/airflow/dags/nba_data_pipeline.py
[2024-10-29T05:14:34.503+0000] {processor.py:925} INFO - DAG(s) 'nba_data_pipeline' retrieved from /opt/airflow/dags/nba_data_pipeline.py
[2024-10-29T05:14:34.537+0000] {logging_mixin.py:190} INFO - [2024-10-29T05:14:34.537+0000] {dag.py:3229} INFO - Sync 1 DAGs
[2024-10-29T05:14:34.567+0000] {logging_mixin.py:190} INFO - [2024-10-29T05:14:34.566+0000] {dag.py:4156} INFO - Setting next_dagrun for nba_data_pipeline to 2024-10-29 00:00:00+00:00, run_after=2024-10-30 00:00:00+00:00
[2024-10-29T05:14:34.587+0000] {processor.py:208} INFO - Processing /opt/airflow/dags/nba_data_pipeline.py took 0.114 seconds
[2024-10-29T05:15:04.724+0000] {processor.py:186} INFO - Started process (PID=465) to work on /opt/airflow/dags/nba_data_pipeline.py
[2024-10-29T05:15:04.726+0000] {processor.py:914} INFO - Processing file /opt/airflow/dags/nba_data_pipeline.py for tasks to queue
[2024-10-29T05:15:04.729+0000] {logging_mixin.py:190} INFO - [2024-10-29T05:15:04.729+0000] {dagbag.py:587} INFO - Filling up the DagBag from /opt/airflow/dags/nba_data_pipeline.py
[2024-10-29T05:15:04.741+0000] {processor.py:925} INFO - DAG(s) 'nba_data_pipeline' retrieved from /opt/airflow/dags/nba_data_pipeline.py
[2024-10-29T05:15:04.774+0000] {logging_mixin.py:190} INFO - [2024-10-29T05:15:04.774+0000] {dag.py:3229} INFO - Sync 1 DAGs
[2024-10-29T05:15:04.803+0000] {logging_mixin.py:190} INFO - [2024-10-29T05:15:04.803+0000] {dag.py:4156} INFO - Setting next_dagrun for nba_data_pipeline to 2024-10-29 00:00:00+00:00, run_after=2024-10-30 00:00:00+00:00
[2024-10-29T05:15:04.828+0000] {processor.py:208} INFO - Processing /opt/airflow/dags/nba_data_pipeline.py took 0.114 seconds
[2024-10-29T05:15:35.240+0000] {processor.py:186} INFO - Started process (PID=470) to work on /opt/airflow/dags/nba_data_pipeline.py
[2024-10-29T05:15:35.242+0000] {processor.py:914} INFO - Processing file /opt/airflow/dags/nba_data_pipeline.py for tasks to queue
[2024-10-29T05:15:35.247+0000] {logging_mixin.py:190} INFO - [2024-10-29T05:15:35.246+0000] {dagbag.py:587} INFO - Filling up the DagBag from /opt/airflow/dags/nba_data_pipeline.py
[2024-10-29T05:15:35.264+0000] {processor.py:925} INFO - DAG(s) 'nba_data_pipeline' retrieved from /opt/airflow/dags/nba_data_pipeline.py
[2024-10-29T05:15:35.313+0000] {logging_mixin.py:190} INFO - [2024-10-29T05:15:35.312+0000] {dag.py:3229} INFO - Sync 1 DAGs
[2024-10-29T05:15:35.364+0000] {logging_mixin.py:190} INFO - [2024-10-29T05:15:35.364+0000] {dag.py:4156} INFO - Setting next_dagrun for nba_data_pipeline to 2024-10-29 00:00:00+00:00, run_after=2024-10-30 00:00:00+00:00
[2024-10-29T05:15:35.400+0000] {processor.py:208} INFO - Processing /opt/airflow/dags/nba_data_pipeline.py took 0.175 seconds
[2024-10-29T05:16:05.627+0000] {processor.py:186} INFO - Started process (PID=475) to work on /opt/airflow/dags/nba_data_pipeline.py
[2024-10-29T05:16:05.628+0000] {processor.py:914} INFO - Processing file /opt/airflow/dags/nba_data_pipeline.py for tasks to queue
[2024-10-29T05:16:05.633+0000] {logging_mixin.py:190} INFO - [2024-10-29T05:16:05.631+0000] {dagbag.py:587} INFO - Filling up the DagBag from /opt/airflow/dags/nba_data_pipeline.py
[2024-10-29T05:16:05.658+0000] {processor.py:925} INFO - DAG(s) 'nba_data_pipeline' retrieved from /opt/airflow/dags/nba_data_pipeline.py
[2024-10-29T05:16:05.707+0000] {logging_mixin.py:190} INFO - [2024-10-29T05:16:05.707+0000] {dag.py:3229} INFO - Sync 1 DAGs
[2024-10-29T05:16:05.766+0000] {logging_mixin.py:190} INFO - [2024-10-29T05:16:05.766+0000] {dag.py:4156} INFO - Setting next_dagrun for nba_data_pipeline to 2024-10-29 00:00:00+00:00, run_after=2024-10-30 00:00:00+00:00
[2024-10-29T05:16:05.803+0000] {processor.py:208} INFO - Processing /opt/airflow/dags/nba_data_pipeline.py took 0.196 seconds
[2024-10-29T05:16:36.071+0000] {processor.py:186} INFO - Started process (PID=480) to work on /opt/airflow/dags/nba_data_pipeline.py
[2024-10-29T05:16:36.072+0000] {processor.py:914} INFO - Processing file /opt/airflow/dags/nba_data_pipeline.py for tasks to queue
[2024-10-29T05:16:36.076+0000] {logging_mixin.py:190} INFO - [2024-10-29T05:16:36.076+0000] {dagbag.py:587} INFO - Filling up the DagBag from /opt/airflow/dags/nba_data_pipeline.py
[2024-10-29T05:16:36.090+0000] {processor.py:925} INFO - DAG(s) 'nba_data_pipeline' retrieved from /opt/airflow/dags/nba_data_pipeline.py
[2024-10-29T05:16:36.128+0000] {logging_mixin.py:190} INFO - [2024-10-29T05:16:36.128+0000] {dag.py:3229} INFO - Sync 1 DAGs
[2024-10-29T05:16:36.164+0000] {logging_mixin.py:190} INFO - [2024-10-29T05:16:36.164+0000] {dag.py:4156} INFO - Setting next_dagrun for nba_data_pipeline to 2024-10-29 00:00:00+00:00, run_after=2024-10-30 00:00:00+00:00
[2024-10-29T05:16:36.190+0000] {processor.py:208} INFO - Processing /opt/airflow/dags/nba_data_pipeline.py took 0.131 seconds
[2024-10-29T05:17:06.423+0000] {processor.py:186} INFO - Started process (PID=485) to work on /opt/airflow/dags/nba_data_pipeline.py
[2024-10-29T05:17:06.425+0000] {processor.py:914} INFO - Processing file /opt/airflow/dags/nba_data_pipeline.py for tasks to queue
[2024-10-29T05:17:06.432+0000] {logging_mixin.py:190} INFO - [2024-10-29T05:17:06.431+0000] {dagbag.py:587} INFO - Filling up the DagBag from /opt/airflow/dags/nba_data_pipeline.py
[2024-10-29T05:17:06.453+0000] {processor.py:925} INFO - DAG(s) 'nba_data_pipeline' retrieved from /opt/airflow/dags/nba_data_pipeline.py
[2024-10-29T05:17:06.506+0000] {logging_mixin.py:190} INFO - [2024-10-29T05:17:06.505+0000] {dag.py:3229} INFO - Sync 1 DAGs
[2024-10-29T05:17:06.565+0000] {logging_mixin.py:190} INFO - [2024-10-29T05:17:06.565+0000] {dag.py:4156} INFO - Setting next_dagrun for nba_data_pipeline to 2024-10-29 00:00:00+00:00, run_after=2024-10-30 00:00:00+00:00
[2024-10-29T05:17:06.605+0000] {processor.py:208} INFO - Processing /opt/airflow/dags/nba_data_pipeline.py took 0.202 seconds
[2024-10-29T05:17:36.928+0000] {processor.py:186} INFO - Started process (PID=490) to work on /opt/airflow/dags/nba_data_pipeline.py
[2024-10-29T05:17:36.930+0000] {processor.py:914} INFO - Processing file /opt/airflow/dags/nba_data_pipeline.py for tasks to queue
[2024-10-29T05:17:36.938+0000] {logging_mixin.py:190} INFO - [2024-10-29T05:17:36.937+0000] {dagbag.py:587} INFO - Filling up the DagBag from /opt/airflow/dags/nba_data_pipeline.py
[2024-10-29T05:17:36.958+0000] {processor.py:925} INFO - DAG(s) 'nba_data_pipeline' retrieved from /opt/airflow/dags/nba_data_pipeline.py
[2024-10-29T05:17:37.020+0000] {logging_mixin.py:190} INFO - [2024-10-29T05:17:37.020+0000] {dag.py:3229} INFO - Sync 1 DAGs
[2024-10-29T05:17:37.083+0000] {logging_mixin.py:190} INFO - [2024-10-29T05:17:37.082+0000] {dag.py:4156} INFO - Setting next_dagrun for nba_data_pipeline to 2024-10-29 00:00:00+00:00, run_after=2024-10-30 00:00:00+00:00
[2024-10-29T05:17:37.121+0000] {processor.py:208} INFO - Processing /opt/airflow/dags/nba_data_pipeline.py took 0.253 seconds
[2024-10-29T05:18:07.486+0000] {processor.py:186} INFO - Started process (PID=495) to work on /opt/airflow/dags/nba_data_pipeline.py
[2024-10-29T05:18:07.491+0000] {processor.py:914} INFO - Processing file /opt/airflow/dags/nba_data_pipeline.py for tasks to queue
[2024-10-29T05:18:07.501+0000] {logging_mixin.py:190} INFO - [2024-10-29T05:18:07.499+0000] {dagbag.py:587} INFO - Filling up the DagBag from /opt/airflow/dags/nba_data_pipeline.py
[2024-10-29T05:18:07.526+0000] {processor.py:925} INFO - DAG(s) 'nba_data_pipeline' retrieved from /opt/airflow/dags/nba_data_pipeline.py
[2024-10-29T05:18:07.589+0000] {logging_mixin.py:190} INFO - [2024-10-29T05:18:07.588+0000] {dag.py:3229} INFO - Sync 1 DAGs
[2024-10-29T05:18:07.651+0000] {logging_mixin.py:190} INFO - [2024-10-29T05:18:07.651+0000] {dag.py:4156} INFO - Setting next_dagrun for nba_data_pipeline to 2024-10-29 00:00:00+00:00, run_after=2024-10-30 00:00:00+00:00
[2024-10-29T05:18:07.694+0000] {processor.py:208} INFO - Processing /opt/airflow/dags/nba_data_pipeline.py took 0.226 seconds
[2024-10-29T05:18:37.904+0000] {processor.py:186} INFO - Started process (PID=500) to work on /opt/airflow/dags/nba_data_pipeline.py
[2024-10-29T05:18:37.908+0000] {processor.py:914} INFO - Processing file /opt/airflow/dags/nba_data_pipeline.py for tasks to queue
[2024-10-29T05:18:37.914+0000] {logging_mixin.py:190} INFO - [2024-10-29T05:18:37.913+0000] {dagbag.py:587} INFO - Filling up the DagBag from /opt/airflow/dags/nba_data_pipeline.py
[2024-10-29T05:18:37.937+0000] {processor.py:925} INFO - DAG(s) 'nba_data_pipeline' retrieved from /opt/airflow/dags/nba_data_pipeline.py
[2024-10-29T05:18:38.013+0000] {logging_mixin.py:190} INFO - [2024-10-29T05:18:38.012+0000] {dag.py:3229} INFO - Sync 1 DAGs
[2024-10-29T05:18:38.085+0000] {logging_mixin.py:190} INFO - [2024-10-29T05:18:38.084+0000] {dag.py:4156} INFO - Setting next_dagrun for nba_data_pipeline to 2024-10-29 00:00:00+00:00, run_after=2024-10-30 00:00:00+00:00
[2024-10-29T05:18:38.131+0000] {processor.py:208} INFO - Processing /opt/airflow/dags/nba_data_pipeline.py took 0.249 seconds
[2024-10-29T05:19:08.461+0000] {processor.py:186} INFO - Started process (PID=505) to work on /opt/airflow/dags/nba_data_pipeline.py
[2024-10-29T05:19:08.464+0000] {processor.py:914} INFO - Processing file /opt/airflow/dags/nba_data_pipeline.py for tasks to queue
[2024-10-29T05:19:08.472+0000] {logging_mixin.py:190} INFO - [2024-10-29T05:19:08.470+0000] {dagbag.py:587} INFO - Filling up the DagBag from /opt/airflow/dags/nba_data_pipeline.py
[2024-10-29T05:19:08.504+0000] {processor.py:925} INFO - DAG(s) 'nba_data_pipeline' retrieved from /opt/airflow/dags/nba_data_pipeline.py
[2024-10-29T05:19:08.600+0000] {logging_mixin.py:190} INFO - [2024-10-29T05:19:08.600+0000] {dag.py:3229} INFO - Sync 1 DAGs
[2024-10-29T05:19:08.689+0000] {logging_mixin.py:190} INFO - [2024-10-29T05:19:08.689+0000] {dag.py:4156} INFO - Setting next_dagrun for nba_data_pipeline to 2024-10-29 00:00:00+00:00, run_after=2024-10-30 00:00:00+00:00
[2024-10-29T05:19:08.754+0000] {processor.py:208} INFO - Processing /opt/airflow/dags/nba_data_pipeline.py took 0.321 seconds
[2024-10-29T05:19:38.869+0000] {processor.py:186} INFO - Started process (PID=510) to work on /opt/airflow/dags/nba_data_pipeline.py
[2024-10-29T05:19:38.870+0000] {processor.py:914} INFO - Processing file /opt/airflow/dags/nba_data_pipeline.py for tasks to queue
[2024-10-29T05:19:38.874+0000] {logging_mixin.py:190} INFO - [2024-10-29T05:19:38.873+0000] {dagbag.py:587} INFO - Filling up the DagBag from /opt/airflow/dags/nba_data_pipeline.py
[2024-10-29T05:19:38.890+0000] {processor.py:925} INFO - DAG(s) 'nba_data_pipeline' retrieved from /opt/airflow/dags/nba_data_pipeline.py
[2024-10-29T05:19:38.936+0000] {logging_mixin.py:190} INFO - [2024-10-29T05:19:38.936+0000] {dag.py:3229} INFO - Sync 1 DAGs
[2024-10-29T05:19:38.977+0000] {logging_mixin.py:190} INFO - [2024-10-29T05:19:38.976+0000] {dag.py:4156} INFO - Setting next_dagrun for nba_data_pipeline to 2024-10-29 00:00:00+00:00, run_after=2024-10-30 00:00:00+00:00
[2024-10-29T05:19:39.004+0000] {processor.py:208} INFO - Processing /opt/airflow/dags/nba_data_pipeline.py took 0.150 seconds
[2024-10-29T05:20:09.114+0000] {processor.py:186} INFO - Started process (PID=515) to work on /opt/airflow/dags/nba_data_pipeline.py
[2024-10-29T05:20:09.115+0000] {processor.py:914} INFO - Processing file /opt/airflow/dags/nba_data_pipeline.py for tasks to queue
[2024-10-29T05:20:09.120+0000] {logging_mixin.py:190} INFO - [2024-10-29T05:20:09.119+0000] {dagbag.py:587} INFO - Filling up the DagBag from /opt/airflow/dags/nba_data_pipeline.py
[2024-10-29T05:20:09.133+0000] {processor.py:925} INFO - DAG(s) 'nba_data_pipeline' retrieved from /opt/airflow/dags/nba_data_pipeline.py
[2024-10-29T05:20:09.176+0000] {logging_mixin.py:190} INFO - [2024-10-29T05:20:09.175+0000] {dag.py:3229} INFO - Sync 1 DAGs
[2024-10-29T05:20:09.213+0000] {logging_mixin.py:190} INFO - [2024-10-29T05:20:09.212+0000] {dag.py:4156} INFO - Setting next_dagrun for nba_data_pipeline to 2024-10-29 00:00:00+00:00, run_after=2024-10-30 00:00:00+00:00
[2024-10-29T05:20:09.239+0000] {processor.py:208} INFO - Processing /opt/airflow/dags/nba_data_pipeline.py took 0.140 seconds
[2024-10-29T05:20:39.533+0000] {processor.py:186} INFO - Started process (PID=520) to work on /opt/airflow/dags/nba_data_pipeline.py
[2024-10-29T05:20:39.534+0000] {processor.py:914} INFO - Processing file /opt/airflow/dags/nba_data_pipeline.py for tasks to queue
[2024-10-29T05:20:39.538+0000] {logging_mixin.py:190} INFO - [2024-10-29T05:20:39.537+0000] {dagbag.py:587} INFO - Filling up the DagBag from /opt/airflow/dags/nba_data_pipeline.py
[2024-10-29T05:20:39.551+0000] {processor.py:925} INFO - DAG(s) 'nba_data_pipeline' retrieved from /opt/airflow/dags/nba_data_pipeline.py
[2024-10-29T05:20:39.589+0000] {logging_mixin.py:190} INFO - [2024-10-29T05:20:39.589+0000] {dag.py:3229} INFO - Sync 1 DAGs
[2024-10-29T05:20:39.622+0000] {logging_mixin.py:190} INFO - [2024-10-29T05:20:39.622+0000] {dag.py:4156} INFO - Setting next_dagrun for nba_data_pipeline to 2024-10-29 00:00:00+00:00, run_after=2024-10-30 00:00:00+00:00
[2024-10-29T05:20:39.645+0000] {processor.py:208} INFO - Processing /opt/airflow/dags/nba_data_pipeline.py took 0.123 seconds
[2024-10-29T05:21:09.788+0000] {processor.py:186} INFO - Started process (PID=525) to work on /opt/airflow/dags/nba_data_pipeline.py
[2024-10-29T05:21:09.790+0000] {processor.py:914} INFO - Processing file /opt/airflow/dags/nba_data_pipeline.py for tasks to queue
[2024-10-29T05:21:09.794+0000] {logging_mixin.py:190} INFO - [2024-10-29T05:21:09.793+0000] {dagbag.py:587} INFO - Filling up the DagBag from /opt/airflow/dags/nba_data_pipeline.py
[2024-10-29T05:21:09.807+0000] {processor.py:925} INFO - DAG(s) 'nba_data_pipeline' retrieved from /opt/airflow/dags/nba_data_pipeline.py
[2024-10-29T05:21:09.845+0000] {logging_mixin.py:190} INFO - [2024-10-29T05:21:09.844+0000] {dag.py:3229} INFO - Sync 1 DAGs
[2024-10-29T05:21:09.878+0000] {logging_mixin.py:190} INFO - [2024-10-29T05:21:09.878+0000] {dag.py:4156} INFO - Setting next_dagrun for nba_data_pipeline to 2024-10-29 00:00:00+00:00, run_after=2024-10-30 00:00:00+00:00
[2024-10-29T05:21:09.906+0000] {processor.py:208} INFO - Processing /opt/airflow/dags/nba_data_pipeline.py took 0.129 seconds
[2024-10-29T05:21:40.141+0000] {processor.py:186} INFO - Started process (PID=530) to work on /opt/airflow/dags/nba_data_pipeline.py
[2024-10-29T05:21:40.143+0000] {processor.py:914} INFO - Processing file /opt/airflow/dags/nba_data_pipeline.py for tasks to queue
[2024-10-29T05:21:40.147+0000] {logging_mixin.py:190} INFO - [2024-10-29T05:21:40.146+0000] {dagbag.py:587} INFO - Filling up the DagBag from /opt/airflow/dags/nba_data_pipeline.py
[2024-10-29T05:21:40.161+0000] {processor.py:925} INFO - DAG(s) 'nba_data_pipeline' retrieved from /opt/airflow/dags/nba_data_pipeline.py
[2024-10-29T05:21:40.201+0000] {logging_mixin.py:190} INFO - [2024-10-29T05:21:40.200+0000] {dag.py:3229} INFO - Sync 1 DAGs
[2024-10-29T05:21:40.255+0000] {logging_mixin.py:190} INFO - [2024-10-29T05:21:40.255+0000] {dag.py:4156} INFO - Setting next_dagrun for nba_data_pipeline to 2024-10-29 00:00:00+00:00, run_after=2024-10-30 00:00:00+00:00
[2024-10-29T05:21:40.287+0000] {processor.py:208} INFO - Processing /opt/airflow/dags/nba_data_pipeline.py took 0.158 seconds
[2024-10-29T05:22:10.520+0000] {processor.py:186} INFO - Started process (PID=535) to work on /opt/airflow/dags/nba_data_pipeline.py
[2024-10-29T05:22:10.521+0000] {processor.py:914} INFO - Processing file /opt/airflow/dags/nba_data_pipeline.py for tasks to queue
[2024-10-29T05:22:10.524+0000] {logging_mixin.py:190} INFO - [2024-10-29T05:22:10.524+0000] {dagbag.py:587} INFO - Filling up the DagBag from /opt/airflow/dags/nba_data_pipeline.py
[2024-10-29T05:22:10.537+0000] {processor.py:925} INFO - DAG(s) 'nba_data_pipeline' retrieved from /opt/airflow/dags/nba_data_pipeline.py
[2024-10-29T05:22:10.571+0000] {logging_mixin.py:190} INFO - [2024-10-29T05:22:10.570+0000] {dag.py:3229} INFO - Sync 1 DAGs
[2024-10-29T05:22:10.598+0000] {logging_mixin.py:190} INFO - [2024-10-29T05:22:10.598+0000] {dag.py:4156} INFO - Setting next_dagrun for nba_data_pipeline to 2024-10-29 00:00:00+00:00, run_after=2024-10-30 00:00:00+00:00
[2024-10-29T05:22:10.619+0000] {processor.py:208} INFO - Processing /opt/airflow/dags/nba_data_pipeline.py took 0.110 seconds
