[2024-10-28T18:54:59.519+0000] {processor.py:186} INFO - Started process (PID=190) to work on /opt/airflow/dags/nba_data_pipeline.py
[2024-10-28T18:54:59.522+0000] {processor.py:914} INFO - Processing file /opt/airflow/dags/nba_data_pipeline.py for tasks to queue
[2024-10-28T18:54:59.525+0000] {logging_mixin.py:190} INFO - [2024-10-28T18:54:59.525+0000] {dagbag.py:587} INFO - Filling up the DagBag from /opt/airflow/dags/nba_data_pipeline.py
[2024-10-28T18:54:59.553+0000] {processor.py:925} INFO - DAG(s) 'nba_data_pipeline' retrieved from /opt/airflow/dags/nba_data_pipeline.py
[2024-10-28T18:54:59.829+0000] {logging_mixin.py:190} INFO - [2024-10-28T18:54:59.828+0000] {override.py:1900} INFO - Created Permission View: can edit on DAG:nba_data_pipeline
[2024-10-28T18:54:59.843+0000] {logging_mixin.py:190} INFO - [2024-10-28T18:54:59.843+0000] {override.py:1900} INFO - Created Permission View: can delete on DAG:nba_data_pipeline
[2024-10-28T18:54:59.850+0000] {logging_mixin.py:190} INFO - [2024-10-28T18:54:59.850+0000] {override.py:1900} INFO - Created Permission View: can read on DAG:nba_data_pipeline
[2024-10-28T18:54:59.857+0000] {logging_mixin.py:190} INFO - [2024-10-28T18:54:59.857+0000] {override.py:1900} INFO - Created Permission View: can delete on DAG Run:nba_data_pipeline
[2024-10-28T18:54:59.864+0000] {logging_mixin.py:190} INFO - [2024-10-28T18:54:59.863+0000] {override.py:1900} INFO - Created Permission View: can create on DAG Run:nba_data_pipeline
[2024-10-28T18:54:59.870+0000] {logging_mixin.py:190} INFO - [2024-10-28T18:54:59.870+0000] {override.py:1900} INFO - Created Permission View: can read on DAG Run:nba_data_pipeline
[2024-10-28T18:54:59.876+0000] {logging_mixin.py:190} INFO - [2024-10-28T18:54:59.875+0000] {override.py:1900} INFO - Created Permission View: menu access on DAG Run:nba_data_pipeline
[2024-10-28T18:54:59.876+0000] {logging_mixin.py:190} INFO - [2024-10-28T18:54:59.876+0000] {dag.py:3229} INFO - Sync 1 DAGs
[2024-10-28T18:54:59.895+0000] {logging_mixin.py:190} INFO - [2024-10-28T18:54:59.894+0000] {dag.py:3252} INFO - Creating ORM DAG for nba_data_pipeline
[2024-10-28T18:54:59.908+0000] {logging_mixin.py:190} INFO - [2024-10-28T18:54:59.907+0000] {dag.py:4156} INFO - Setting next_dagrun for nba_data_pipeline to 2024-10-27 00:00:00+00:00, run_after=2024-10-28 00:00:00+00:00
[2024-10-28T18:54:59.937+0000] {processor.py:208} INFO - Processing /opt/airflow/dags/nba_data_pipeline.py took 0.432 seconds
[2024-10-28T18:55:30.154+0000] {processor.py:186} INFO - Started process (PID=195) to work on /opt/airflow/dags/nba_data_pipeline.py
[2024-10-28T18:55:30.156+0000] {processor.py:914} INFO - Processing file /opt/airflow/dags/nba_data_pipeline.py for tasks to queue
[2024-10-28T18:55:30.159+0000] {logging_mixin.py:190} INFO - [2024-10-28T18:55:30.158+0000] {dagbag.py:587} INFO - Filling up the DagBag from /opt/airflow/dags/nba_data_pipeline.py
[2024-10-28T18:55:30.172+0000] {processor.py:925} INFO - DAG(s) 'nba_data_pipeline' retrieved from /opt/airflow/dags/nba_data_pipeline.py
[2024-10-28T18:55:30.206+0000] {logging_mixin.py:190} INFO - [2024-10-28T18:55:30.205+0000] {dag.py:3229} INFO - Sync 1 DAGs
[2024-10-28T18:55:30.235+0000] {logging_mixin.py:190} INFO - [2024-10-28T18:55:30.235+0000] {dag.py:4156} INFO - Setting next_dagrun for nba_data_pipeline to 2024-10-27 00:00:00+00:00, run_after=2024-10-28 00:00:00+00:00
[2024-10-28T18:55:30.259+0000] {processor.py:208} INFO - Processing /opt/airflow/dags/nba_data_pipeline.py took 0.115 seconds
[2024-10-28T18:56:00.396+0000] {processor.py:186} INFO - Started process (PID=200) to work on /opt/airflow/dags/nba_data_pipeline.py
[2024-10-28T18:56:00.397+0000] {processor.py:914} INFO - Processing file /opt/airflow/dags/nba_data_pipeline.py for tasks to queue
[2024-10-28T18:56:00.400+0000] {logging_mixin.py:190} INFO - [2024-10-28T18:56:00.400+0000] {dagbag.py:587} INFO - Filling up the DagBag from /opt/airflow/dags/nba_data_pipeline.py
[2024-10-28T18:56:00.412+0000] {processor.py:925} INFO - DAG(s) 'nba_data_pipeline' retrieved from /opt/airflow/dags/nba_data_pipeline.py
[2024-10-28T18:56:00.445+0000] {logging_mixin.py:190} INFO - [2024-10-28T18:56:00.445+0000] {dag.py:3229} INFO - Sync 1 DAGs
[2024-10-28T18:56:00.473+0000] {logging_mixin.py:190} INFO - [2024-10-28T18:56:00.473+0000] {dag.py:4156} INFO - Setting next_dagrun for nba_data_pipeline to 2024-10-27 00:00:00+00:00, run_after=2024-10-28 00:00:00+00:00
[2024-10-28T18:56:00.494+0000] {processor.py:208} INFO - Processing /opt/airflow/dags/nba_data_pipeline.py took 0.107 seconds
[2024-10-28T18:56:30.722+0000] {processor.py:186} INFO - Started process (PID=205) to work on /opt/airflow/dags/nba_data_pipeline.py
[2024-10-28T18:56:30.722+0000] {processor.py:914} INFO - Processing file /opt/airflow/dags/nba_data_pipeline.py for tasks to queue
[2024-10-28T18:56:30.725+0000] {logging_mixin.py:190} INFO - [2024-10-28T18:56:30.725+0000] {dagbag.py:587} INFO - Filling up the DagBag from /opt/airflow/dags/nba_data_pipeline.py
[2024-10-28T18:56:30.736+0000] {processor.py:925} INFO - DAG(s) 'nba_data_pipeline' retrieved from /opt/airflow/dags/nba_data_pipeline.py
[2024-10-28T18:56:30.766+0000] {logging_mixin.py:190} INFO - [2024-10-28T18:56:30.766+0000] {dag.py:3229} INFO - Sync 1 DAGs
[2024-10-28T18:56:30.795+0000] {logging_mixin.py:190} INFO - [2024-10-28T18:56:30.794+0000] {dag.py:4156} INFO - Setting next_dagrun for nba_data_pipeline to 2024-10-27 00:00:00+00:00, run_after=2024-10-28 00:00:00+00:00
[2024-10-28T18:56:30.815+0000] {processor.py:208} INFO - Processing /opt/airflow/dags/nba_data_pipeline.py took 0.103 seconds
[2024-10-28T18:57:00.937+0000] {processor.py:186} INFO - Started process (PID=210) to work on /opt/airflow/dags/nba_data_pipeline.py
[2024-10-28T18:57:00.938+0000] {processor.py:914} INFO - Processing file /opt/airflow/dags/nba_data_pipeline.py for tasks to queue
[2024-10-28T18:57:00.941+0000] {logging_mixin.py:190} INFO - [2024-10-28T18:57:00.941+0000] {dagbag.py:587} INFO - Filling up the DagBag from /opt/airflow/dags/nba_data_pipeline.py
[2024-10-28T18:57:00.953+0000] {processor.py:925} INFO - DAG(s) 'nba_data_pipeline' retrieved from /opt/airflow/dags/nba_data_pipeline.py
[2024-10-28T18:57:00.986+0000] {logging_mixin.py:190} INFO - [2024-10-28T18:57:00.985+0000] {dag.py:3229} INFO - Sync 1 DAGs
[2024-10-28T18:57:01.014+0000] {logging_mixin.py:190} INFO - [2024-10-28T18:57:01.013+0000] {dag.py:4156} INFO - Setting next_dagrun for nba_data_pipeline to 2024-10-27 00:00:00+00:00, run_after=2024-10-28 00:00:00+00:00
[2024-10-28T18:57:01.034+0000] {processor.py:208} INFO - Processing /opt/airflow/dags/nba_data_pipeline.py took 0.107 seconds
[2024-10-28T18:57:31.301+0000] {processor.py:186} INFO - Started process (PID=215) to work on /opt/airflow/dags/nba_data_pipeline.py
[2024-10-28T18:57:31.302+0000] {processor.py:914} INFO - Processing file /opt/airflow/dags/nba_data_pipeline.py for tasks to queue
[2024-10-28T18:57:31.305+0000] {logging_mixin.py:190} INFO - [2024-10-28T18:57:31.304+0000] {dagbag.py:587} INFO - Filling up the DagBag from /opt/airflow/dags/nba_data_pipeline.py
[2024-10-28T18:57:31.317+0000] {processor.py:925} INFO - DAG(s) 'nba_data_pipeline' retrieved from /opt/airflow/dags/nba_data_pipeline.py
[2024-10-28T18:57:31.349+0000] {logging_mixin.py:190} INFO - [2024-10-28T18:57:31.349+0000] {dag.py:3229} INFO - Sync 1 DAGs
[2024-10-28T18:57:31.375+0000] {logging_mixin.py:190} INFO - [2024-10-28T18:57:31.375+0000] {dag.py:4156} INFO - Setting next_dagrun for nba_data_pipeline to 2024-10-27 00:00:00+00:00, run_after=2024-10-28 00:00:00+00:00
[2024-10-28T18:57:31.395+0000] {processor.py:208} INFO - Processing /opt/airflow/dags/nba_data_pipeline.py took 0.104 seconds
[2024-10-28T18:58:01.562+0000] {processor.py:186} INFO - Started process (PID=220) to work on /opt/airflow/dags/nba_data_pipeline.py
[2024-10-28T18:58:01.563+0000] {processor.py:914} INFO - Processing file /opt/airflow/dags/nba_data_pipeline.py for tasks to queue
[2024-10-28T18:58:01.566+0000] {logging_mixin.py:190} INFO - [2024-10-28T18:58:01.566+0000] {dagbag.py:587} INFO - Filling up the DagBag from /opt/airflow/dags/nba_data_pipeline.py
[2024-10-28T18:58:01.579+0000] {processor.py:925} INFO - DAG(s) 'nba_data_pipeline' retrieved from /opt/airflow/dags/nba_data_pipeline.py
[2024-10-28T18:58:01.616+0000] {logging_mixin.py:190} INFO - [2024-10-28T18:58:01.616+0000] {dag.py:3229} INFO - Sync 1 DAGs
[2024-10-28T18:58:01.648+0000] {logging_mixin.py:190} INFO - [2024-10-28T18:58:01.648+0000] {dag.py:4156} INFO - Setting next_dagrun for nba_data_pipeline to 2024-10-27 00:00:00+00:00, run_after=2024-10-28 00:00:00+00:00
[2024-10-28T18:58:01.673+0000] {processor.py:208} INFO - Processing /opt/airflow/dags/nba_data_pipeline.py took 0.122 seconds
[2024-10-28T18:58:31.856+0000] {processor.py:186} INFO - Started process (PID=225) to work on /opt/airflow/dags/nba_data_pipeline.py
[2024-10-28T18:58:31.857+0000] {processor.py:914} INFO - Processing file /opt/airflow/dags/nba_data_pipeline.py for tasks to queue
[2024-10-28T18:58:31.860+0000] {logging_mixin.py:190} INFO - [2024-10-28T18:58:31.860+0000] {dagbag.py:587} INFO - Filling up the DagBag from /opt/airflow/dags/nba_data_pipeline.py
[2024-10-28T18:58:31.889+0000] {processor.py:925} INFO - DAG(s) 'nba_data_pipeline' retrieved from /opt/airflow/dags/nba_data_pipeline.py
[2024-10-28T18:58:31.922+0000] {logging_mixin.py:190} INFO - [2024-10-28T18:58:31.922+0000] {dag.py:3229} INFO - Sync 1 DAGs
[2024-10-28T18:58:31.950+0000] {logging_mixin.py:190} INFO - [2024-10-28T18:58:31.950+0000] {dag.py:4156} INFO - Setting next_dagrun for nba_data_pipeline to 2024-10-27 00:00:00+00:00, run_after=2024-10-28 00:00:00+00:00
[2024-10-28T18:58:31.970+0000] {processor.py:208} INFO - Processing /opt/airflow/dags/nba_data_pipeline.py took 0.125 seconds
[2024-10-28T18:59:02.162+0000] {processor.py:186} INFO - Started process (PID=230) to work on /opt/airflow/dags/nba_data_pipeline.py
[2024-10-28T18:59:02.164+0000] {processor.py:914} INFO - Processing file /opt/airflow/dags/nba_data_pipeline.py for tasks to queue
[2024-10-28T18:59:02.169+0000] {logging_mixin.py:190} INFO - [2024-10-28T18:59:02.168+0000] {dagbag.py:587} INFO - Filling up the DagBag from /opt/airflow/dags/nba_data_pipeline.py
[2024-10-28T18:59:02.199+0000] {processor.py:925} INFO - DAG(s) 'nba_data_pipeline' retrieved from /opt/airflow/dags/nba_data_pipeline.py
[2024-10-28T18:59:02.245+0000] {logging_mixin.py:190} INFO - [2024-10-28T18:59:02.244+0000] {dag.py:3229} INFO - Sync 1 DAGs
[2024-10-28T18:59:02.354+0000] {logging_mixin.py:190} INFO - [2024-10-28T18:59:02.354+0000] {dag.py:4156} INFO - Setting next_dagrun for nba_data_pipeline to 2024-10-27 00:00:00+00:00, run_after=2024-10-28 00:00:00+00:00
[2024-10-28T18:59:02.554+0000] {processor.py:208} INFO - Processing /opt/airflow/dags/nba_data_pipeline.py took 0.409 seconds
[2024-10-28T18:59:32.819+0000] {processor.py:186} INFO - Started process (PID=235) to work on /opt/airflow/dags/nba_data_pipeline.py
[2024-10-28T18:59:32.821+0000] {processor.py:914} INFO - Processing file /opt/airflow/dags/nba_data_pipeline.py for tasks to queue
[2024-10-28T18:59:32.825+0000] {logging_mixin.py:190} INFO - [2024-10-28T18:59:32.825+0000] {dagbag.py:587} INFO - Filling up the DagBag from /opt/airflow/dags/nba_data_pipeline.py
[2024-10-28T18:59:32.845+0000] {processor.py:925} INFO - DAG(s) 'nba_data_pipeline' retrieved from /opt/airflow/dags/nba_data_pipeline.py
[2024-10-28T18:59:32.893+0000] {logging_mixin.py:190} INFO - [2024-10-28T18:59:32.892+0000] {dag.py:3229} INFO - Sync 1 DAGs
[2024-10-28T18:59:33.237+0000] {logging_mixin.py:190} INFO - [2024-10-28T18:59:33.237+0000] {dag.py:4156} INFO - Setting next_dagrun for nba_data_pipeline to 2024-10-27 00:00:00+00:00, run_after=2024-10-28 00:00:00+00:00
[2024-10-28T18:59:33.301+0000] {processor.py:208} INFO - Processing /opt/airflow/dags/nba_data_pipeline.py took 0.497 seconds
[2024-10-28T19:00:03.729+0000] {processor.py:186} INFO - Started process (PID=240) to work on /opt/airflow/dags/nba_data_pipeline.py
[2024-10-28T19:00:03.731+0000] {processor.py:914} INFO - Processing file /opt/airflow/dags/nba_data_pipeline.py for tasks to queue
[2024-10-28T19:00:03.736+0000] {logging_mixin.py:190} INFO - [2024-10-28T19:00:03.735+0000] {dagbag.py:587} INFO - Filling up the DagBag from /opt/airflow/dags/nba_data_pipeline.py
[2024-10-28T19:00:03.754+0000] {processor.py:925} INFO - DAG(s) 'nba_data_pipeline' retrieved from /opt/airflow/dags/nba_data_pipeline.py
[2024-10-28T19:00:03.796+0000] {logging_mixin.py:190} INFO - [2024-10-28T19:00:03.795+0000] {dag.py:3229} INFO - Sync 1 DAGs
[2024-10-28T19:00:04.052+0000] {logging_mixin.py:190} INFO - [2024-10-28T19:00:04.052+0000] {dag.py:4156} INFO - Setting next_dagrun for nba_data_pipeline to 2024-10-27 00:00:00+00:00, run_after=2024-10-28 00:00:00+00:00
[2024-10-28T19:00:04.074+0000] {processor.py:208} INFO - Processing /opt/airflow/dags/nba_data_pipeline.py took 0.372 seconds
[2024-10-28T19:00:34.335+0000] {processor.py:186} INFO - Started process (PID=245) to work on /opt/airflow/dags/nba_data_pipeline.py
[2024-10-28T19:00:34.337+0000] {processor.py:914} INFO - Processing file /opt/airflow/dags/nba_data_pipeline.py for tasks to queue
[2024-10-28T19:00:34.340+0000] {logging_mixin.py:190} INFO - [2024-10-28T19:00:34.340+0000] {dagbag.py:587} INFO - Filling up the DagBag from /opt/airflow/dags/nba_data_pipeline.py
[2024-10-28T19:00:34.353+0000] {processor.py:925} INFO - DAG(s) 'nba_data_pipeline' retrieved from /opt/airflow/dags/nba_data_pipeline.py
[2024-10-28T19:00:34.549+0000] {logging_mixin.py:190} INFO - [2024-10-28T19:00:34.549+0000] {dag.py:3229} INFO - Sync 1 DAGs
[2024-10-28T19:00:34.577+0000] {logging_mixin.py:190} INFO - [2024-10-28T19:00:34.577+0000] {dag.py:4156} INFO - Setting next_dagrun for nba_data_pipeline to 2024-10-27 00:00:00+00:00, run_after=2024-10-28 00:00:00+00:00
[2024-10-28T19:00:34.600+0000] {processor.py:208} INFO - Processing /opt/airflow/dags/nba_data_pipeline.py took 0.276 seconds
[2024-10-28T19:01:04.847+0000] {processor.py:186} INFO - Started process (PID=250) to work on /opt/airflow/dags/nba_data_pipeline.py
[2024-10-28T19:01:04.848+0000] {processor.py:914} INFO - Processing file /opt/airflow/dags/nba_data_pipeline.py for tasks to queue
[2024-10-28T19:01:04.853+0000] {logging_mixin.py:190} INFO - [2024-10-28T19:01:04.852+0000] {dagbag.py:587} INFO - Filling up the DagBag from /opt/airflow/dags/nba_data_pipeline.py
[2024-10-28T19:01:04.867+0000] {processor.py:925} INFO - DAG(s) 'nba_data_pipeline' retrieved from /opt/airflow/dags/nba_data_pipeline.py
[2024-10-28T19:01:04.901+0000] {logging_mixin.py:190} INFO - [2024-10-28T19:01:04.900+0000] {dag.py:3229} INFO - Sync 1 DAGs
[2024-10-28T19:01:04.928+0000] {logging_mixin.py:190} INFO - [2024-10-28T19:01:04.928+0000] {dag.py:4156} INFO - Setting next_dagrun for nba_data_pipeline to 2024-10-27 00:00:00+00:00, run_after=2024-10-28 00:00:00+00:00
[2024-10-28T19:01:04.950+0000] {processor.py:208} INFO - Processing /opt/airflow/dags/nba_data_pipeline.py took 0.113 seconds
[2024-10-28T19:01:35.098+0000] {processor.py:186} INFO - Started process (PID=255) to work on /opt/airflow/dags/nba_data_pipeline.py
[2024-10-28T19:01:35.099+0000] {processor.py:914} INFO - Processing file /opt/airflow/dags/nba_data_pipeline.py for tasks to queue
[2024-10-28T19:01:35.103+0000] {logging_mixin.py:190} INFO - [2024-10-28T19:01:35.103+0000] {dagbag.py:587} INFO - Filling up the DagBag from /opt/airflow/dags/nba_data_pipeline.py
[2024-10-28T19:01:35.114+0000] {processor.py:925} INFO - DAG(s) 'nba_data_pipeline' retrieved from /opt/airflow/dags/nba_data_pipeline.py
[2024-10-28T19:01:35.147+0000] {logging_mixin.py:190} INFO - [2024-10-28T19:01:35.146+0000] {dag.py:3229} INFO - Sync 1 DAGs
[2024-10-28T19:01:35.176+0000] {logging_mixin.py:190} INFO - [2024-10-28T19:01:35.176+0000] {dag.py:4156} INFO - Setting next_dagrun for nba_data_pipeline to 2024-10-27 00:00:00+00:00, run_after=2024-10-28 00:00:00+00:00
[2024-10-28T19:01:35.198+0000] {processor.py:208} INFO - Processing /opt/airflow/dags/nba_data_pipeline.py took 0.109 seconds
[2024-10-28T19:02:05.434+0000] {processor.py:186} INFO - Started process (PID=260) to work on /opt/airflow/dags/nba_data_pipeline.py
[2024-10-28T19:02:05.435+0000] {processor.py:914} INFO - Processing file /opt/airflow/dags/nba_data_pipeline.py for tasks to queue
[2024-10-28T19:02:05.438+0000] {logging_mixin.py:190} INFO - [2024-10-28T19:02:05.437+0000] {dagbag.py:587} INFO - Filling up the DagBag from /opt/airflow/dags/nba_data_pipeline.py
[2024-10-28T19:02:05.449+0000] {processor.py:925} INFO - DAG(s) 'nba_data_pipeline' retrieved from /opt/airflow/dags/nba_data_pipeline.py
[2024-10-28T19:02:05.482+0000] {logging_mixin.py:190} INFO - [2024-10-28T19:02:05.481+0000] {dag.py:3229} INFO - Sync 1 DAGs
[2024-10-28T19:02:05.512+0000] {logging_mixin.py:190} INFO - [2024-10-28T19:02:05.512+0000] {dag.py:4156} INFO - Setting next_dagrun for nba_data_pipeline to 2024-10-27 00:00:00+00:00, run_after=2024-10-28 00:00:00+00:00
[2024-10-28T19:02:05.692+0000] {processor.py:208} INFO - Processing /opt/airflow/dags/nba_data_pipeline.py took 0.268 seconds
[2024-10-28T19:02:35.942+0000] {processor.py:186} INFO - Started process (PID=265) to work on /opt/airflow/dags/nba_data_pipeline.py
[2024-10-28T19:02:35.943+0000] {processor.py:914} INFO - Processing file /opt/airflow/dags/nba_data_pipeline.py for tasks to queue
[2024-10-28T19:02:35.946+0000] {logging_mixin.py:190} INFO - [2024-10-28T19:02:35.946+0000] {dagbag.py:587} INFO - Filling up the DagBag from /opt/airflow/dags/nba_data_pipeline.py
[2024-10-28T19:02:35.958+0000] {processor.py:925} INFO - DAG(s) 'nba_data_pipeline' retrieved from /opt/airflow/dags/nba_data_pipeline.py
[2024-10-28T19:02:35.995+0000] {logging_mixin.py:190} INFO - [2024-10-28T19:02:35.994+0000] {dag.py:3229} INFO - Sync 1 DAGs
[2024-10-28T19:02:36.191+0000] {logging_mixin.py:190} INFO - [2024-10-28T19:02:36.191+0000] {dag.py:4156} INFO - Setting next_dagrun for nba_data_pipeline to 2024-10-27 00:00:00+00:00, run_after=2024-10-28 00:00:00+00:00
[2024-10-28T19:02:36.214+0000] {processor.py:208} INFO - Processing /opt/airflow/dags/nba_data_pipeline.py took 0.282 seconds
[2024-10-28T19:03:06.503+0000] {processor.py:186} INFO - Started process (PID=273) to work on /opt/airflow/dags/nba_data_pipeline.py
[2024-10-28T19:03:06.504+0000] {processor.py:914} INFO - Processing file /opt/airflow/dags/nba_data_pipeline.py for tasks to queue
[2024-10-28T19:03:06.507+0000] {logging_mixin.py:190} INFO - [2024-10-28T19:03:06.506+0000] {dagbag.py:587} INFO - Filling up the DagBag from /opt/airflow/dags/nba_data_pipeline.py
[2024-10-28T19:03:06.518+0000] {processor.py:925} INFO - DAG(s) 'nba_data_pipeline' retrieved from /opt/airflow/dags/nba_data_pipeline.py
[2024-10-28T19:03:06.707+0000] {logging_mixin.py:190} INFO - [2024-10-28T19:03:06.706+0000] {dag.py:3229} INFO - Sync 1 DAGs
[2024-10-28T19:03:06.739+0000] {logging_mixin.py:190} INFO - [2024-10-28T19:03:06.739+0000] {dag.py:4156} INFO - Setting next_dagrun for nba_data_pipeline to 2024-10-28 00:00:00+00:00, run_after=2024-10-29 00:00:00+00:00
[2024-10-28T19:03:06.762+0000] {processor.py:208} INFO - Processing /opt/airflow/dags/nba_data_pipeline.py took 0.271 seconds
[2024-10-28T19:03:37.024+0000] {processor.py:186} INFO - Started process (PID=278) to work on /opt/airflow/dags/nba_data_pipeline.py
[2024-10-28T19:03:37.025+0000] {processor.py:914} INFO - Processing file /opt/airflow/dags/nba_data_pipeline.py for tasks to queue
[2024-10-28T19:03:37.028+0000] {logging_mixin.py:190} INFO - [2024-10-28T19:03:37.028+0000] {dagbag.py:587} INFO - Filling up the DagBag from /opt/airflow/dags/nba_data_pipeline.py
[2024-10-28T19:03:37.041+0000] {processor.py:925} INFO - DAG(s) 'nba_data_pipeline' retrieved from /opt/airflow/dags/nba_data_pipeline.py
[2024-10-28T19:03:37.088+0000] {logging_mixin.py:190} INFO - [2024-10-28T19:03:37.088+0000] {dag.py:3229} INFO - Sync 1 DAGs
[2024-10-28T19:03:37.126+0000] {logging_mixin.py:190} INFO - [2024-10-28T19:03:37.126+0000] {dag.py:4156} INFO - Setting next_dagrun for nba_data_pipeline to 2024-10-28 00:00:00+00:00, run_after=2024-10-29 00:00:00+00:00
[2024-10-28T19:03:37.158+0000] {processor.py:208} INFO - Processing /opt/airflow/dags/nba_data_pipeline.py took 0.145 seconds
[2024-10-28T19:04:07.245+0000] {processor.py:186} INFO - Started process (PID=286) to work on /opt/airflow/dags/nba_data_pipeline.py
[2024-10-28T19:04:07.247+0000] {processor.py:914} INFO - Processing file /opt/airflow/dags/nba_data_pipeline.py for tasks to queue
[2024-10-28T19:04:07.250+0000] {logging_mixin.py:190} INFO - [2024-10-28T19:04:07.250+0000] {dagbag.py:587} INFO - Filling up the DagBag from /opt/airflow/dags/nba_data_pipeline.py
[2024-10-28T19:04:07.263+0000] {processor.py:925} INFO - DAG(s) 'nba_data_pipeline' retrieved from /opt/airflow/dags/nba_data_pipeline.py
[2024-10-28T19:04:07.298+0000] {logging_mixin.py:190} INFO - [2024-10-28T19:04:07.298+0000] {dag.py:3229} INFO - Sync 1 DAGs
[2024-10-28T19:04:07.329+0000] {logging_mixin.py:190} INFO - [2024-10-28T19:04:07.329+0000] {dag.py:4156} INFO - Setting next_dagrun for nba_data_pipeline to 2024-10-28 00:00:00+00:00, run_after=2024-10-29 00:00:00+00:00
[2024-10-28T19:04:07.354+0000] {processor.py:208} INFO - Processing /opt/airflow/dags/nba_data_pipeline.py took 0.119 seconds
[2024-10-28T19:04:37.492+0000] {processor.py:186} INFO - Started process (PID=291) to work on /opt/airflow/dags/nba_data_pipeline.py
[2024-10-28T19:04:37.493+0000] {processor.py:914} INFO - Processing file /opt/airflow/dags/nba_data_pipeline.py for tasks to queue
[2024-10-28T19:04:37.497+0000] {logging_mixin.py:190} INFO - [2024-10-28T19:04:37.496+0000] {dagbag.py:587} INFO - Filling up the DagBag from /opt/airflow/dags/nba_data_pipeline.py
[2024-10-28T19:04:37.508+0000] {processor.py:925} INFO - DAG(s) 'nba_data_pipeline' retrieved from /opt/airflow/dags/nba_data_pipeline.py
[2024-10-28T19:04:37.542+0000] {logging_mixin.py:190} INFO - [2024-10-28T19:04:37.541+0000] {dag.py:3229} INFO - Sync 1 DAGs
[2024-10-28T19:04:37.572+0000] {logging_mixin.py:190} INFO - [2024-10-28T19:04:37.572+0000] {dag.py:4156} INFO - Setting next_dagrun for nba_data_pipeline to 2024-10-28 00:00:00+00:00, run_after=2024-10-29 00:00:00+00:00
[2024-10-28T19:04:37.596+0000] {processor.py:208} INFO - Processing /opt/airflow/dags/nba_data_pipeline.py took 0.113 seconds
[2024-10-28T19:05:07.837+0000] {processor.py:186} INFO - Started process (PID=296) to work on /opt/airflow/dags/nba_data_pipeline.py
[2024-10-28T19:05:07.838+0000] {processor.py:914} INFO - Processing file /opt/airflow/dags/nba_data_pipeline.py for tasks to queue
[2024-10-28T19:05:07.842+0000] {logging_mixin.py:190} INFO - [2024-10-28T19:05:07.842+0000] {dagbag.py:587} INFO - Filling up the DagBag from /opt/airflow/dags/nba_data_pipeline.py
[2024-10-28T19:05:07.855+0000] {processor.py:925} INFO - DAG(s) 'nba_data_pipeline' retrieved from /opt/airflow/dags/nba_data_pipeline.py
[2024-10-28T19:05:07.889+0000] {logging_mixin.py:190} INFO - [2024-10-28T19:05:07.889+0000] {dag.py:3229} INFO - Sync 1 DAGs
[2024-10-28T19:05:08.076+0000] {logging_mixin.py:190} INFO - [2024-10-28T19:05:08.076+0000] {dag.py:4156} INFO - Setting next_dagrun for nba_data_pipeline to 2024-10-28 00:00:00+00:00, run_after=2024-10-29 00:00:00+00:00
[2024-10-28T19:05:08.100+0000] {processor.py:208} INFO - Processing /opt/airflow/dags/nba_data_pipeline.py took 0.273 seconds
[2024-10-28T19:05:38.349+0000] {processor.py:186} INFO - Started process (PID=301) to work on /opt/airflow/dags/nba_data_pipeline.py
[2024-10-28T19:05:38.351+0000] {processor.py:914} INFO - Processing file /opt/airflow/dags/nba_data_pipeline.py for tasks to queue
[2024-10-28T19:05:38.354+0000] {logging_mixin.py:190} INFO - [2024-10-28T19:05:38.353+0000] {dagbag.py:587} INFO - Filling up the DagBag from /opt/airflow/dags/nba_data_pipeline.py
[2024-10-28T19:05:38.366+0000] {processor.py:925} INFO - DAG(s) 'nba_data_pipeline' retrieved from /opt/airflow/dags/nba_data_pipeline.py
[2024-10-28T19:05:38.401+0000] {logging_mixin.py:190} INFO - [2024-10-28T19:05:38.401+0000] {dag.py:3229} INFO - Sync 1 DAGs
[2024-10-28T19:05:38.594+0000] {logging_mixin.py:190} INFO - [2024-10-28T19:05:38.593+0000] {dag.py:4156} INFO - Setting next_dagrun for nba_data_pipeline to 2024-10-28 00:00:00+00:00, run_after=2024-10-29 00:00:00+00:00
[2024-10-28T19:05:38.616+0000] {processor.py:208} INFO - Processing /opt/airflow/dags/nba_data_pipeline.py took 0.278 seconds
[2024-10-28T19:06:08.874+0000] {processor.py:186} INFO - Started process (PID=306) to work on /opt/airflow/dags/nba_data_pipeline.py
[2024-10-28T19:06:08.876+0000] {processor.py:914} INFO - Processing file /opt/airflow/dags/nba_data_pipeline.py for tasks to queue
[2024-10-28T19:06:08.879+0000] {logging_mixin.py:190} INFO - [2024-10-28T19:06:08.878+0000] {dagbag.py:587} INFO - Filling up the DagBag from /opt/airflow/dags/nba_data_pipeline.py
[2024-10-28T19:06:08.892+0000] {processor.py:925} INFO - DAG(s) 'nba_data_pipeline' retrieved from /opt/airflow/dags/nba_data_pipeline.py
[2024-10-28T19:06:09.087+0000] {logging_mixin.py:190} INFO - [2024-10-28T19:06:09.087+0000] {dag.py:3229} INFO - Sync 1 DAGs
[2024-10-28T19:06:09.117+0000] {logging_mixin.py:190} INFO - [2024-10-28T19:06:09.117+0000] {dag.py:4156} INFO - Setting next_dagrun for nba_data_pipeline to 2024-10-28 00:00:00+00:00, run_after=2024-10-29 00:00:00+00:00
[2024-10-28T19:06:09.140+0000] {processor.py:208} INFO - Processing /opt/airflow/dags/nba_data_pipeline.py took 0.276 seconds
[2024-10-28T19:06:39.393+0000] {processor.py:186} INFO - Started process (PID=311) to work on /opt/airflow/dags/nba_data_pipeline.py
[2024-10-28T19:06:39.395+0000] {processor.py:914} INFO - Processing file /opt/airflow/dags/nba_data_pipeline.py for tasks to queue
[2024-10-28T19:06:39.398+0000] {logging_mixin.py:190} INFO - [2024-10-28T19:06:39.397+0000] {dagbag.py:587} INFO - Filling up the DagBag from /opt/airflow/dags/nba_data_pipeline.py
[2024-10-28T19:06:39.409+0000] {processor.py:925} INFO - DAG(s) 'nba_data_pipeline' retrieved from /opt/airflow/dags/nba_data_pipeline.py
[2024-10-28T19:06:39.443+0000] {logging_mixin.py:190} INFO - [2024-10-28T19:06:39.442+0000] {dag.py:3229} INFO - Sync 1 DAGs
[2024-10-28T19:06:39.471+0000] {logging_mixin.py:190} INFO - [2024-10-28T19:06:39.471+0000] {dag.py:4156} INFO - Setting next_dagrun for nba_data_pipeline to 2024-10-28 00:00:00+00:00, run_after=2024-10-29 00:00:00+00:00
[2024-10-28T19:06:39.492+0000] {processor.py:208} INFO - Processing /opt/airflow/dags/nba_data_pipeline.py took 0.109 seconds
[2024-10-28T19:07:09.619+0000] {processor.py:186} INFO - Started process (PID=316) to work on /opt/airflow/dags/nba_data_pipeline.py
[2024-10-28T19:07:09.620+0000] {processor.py:914} INFO - Processing file /opt/airflow/dags/nba_data_pipeline.py for tasks to queue
[2024-10-28T19:07:09.623+0000] {logging_mixin.py:190} INFO - [2024-10-28T19:07:09.623+0000] {dagbag.py:587} INFO - Filling up the DagBag from /opt/airflow/dags/nba_data_pipeline.py
[2024-10-28T19:07:09.636+0000] {processor.py:925} INFO - DAG(s) 'nba_data_pipeline' retrieved from /opt/airflow/dags/nba_data_pipeline.py
[2024-10-28T19:07:09.671+0000] {logging_mixin.py:190} INFO - [2024-10-28T19:07:09.671+0000] {dag.py:3229} INFO - Sync 1 DAGs
[2024-10-28T19:07:09.700+0000] {logging_mixin.py:190} INFO - [2024-10-28T19:07:09.700+0000] {dag.py:4156} INFO - Setting next_dagrun for nba_data_pipeline to 2024-10-28 00:00:00+00:00, run_after=2024-10-29 00:00:00+00:00
[2024-10-28T19:07:09.720+0000] {processor.py:208} INFO - Processing /opt/airflow/dags/nba_data_pipeline.py took 0.113 seconds
[2024-10-28T19:07:39.963+0000] {processor.py:186} INFO - Started process (PID=321) to work on /opt/airflow/dags/nba_data_pipeline.py
[2024-10-28T19:07:39.964+0000] {processor.py:914} INFO - Processing file /opt/airflow/dags/nba_data_pipeline.py for tasks to queue
[2024-10-28T19:07:39.967+0000] {logging_mixin.py:190} INFO - [2024-10-28T19:07:39.967+0000] {dagbag.py:587} INFO - Filling up the DagBag from /opt/airflow/dags/nba_data_pipeline.py
[2024-10-28T19:07:39.980+0000] {processor.py:925} INFO - DAG(s) 'nba_data_pipeline' retrieved from /opt/airflow/dags/nba_data_pipeline.py
[2024-10-28T19:07:40.015+0000] {logging_mixin.py:190} INFO - [2024-10-28T19:07:40.015+0000] {dag.py:3229} INFO - Sync 1 DAGs
[2024-10-28T19:07:40.049+0000] {logging_mixin.py:190} INFO - [2024-10-28T19:07:40.049+0000] {dag.py:4156} INFO - Setting next_dagrun for nba_data_pipeline to 2024-10-28 00:00:00+00:00, run_after=2024-10-29 00:00:00+00:00
[2024-10-28T19:07:40.240+0000] {processor.py:208} INFO - Processing /opt/airflow/dags/nba_data_pipeline.py took 0.287 seconds
[2024-10-28T19:08:10.481+0000] {processor.py:186} INFO - Started process (PID=329) to work on /opt/airflow/dags/nba_data_pipeline.py
[2024-10-28T19:08:10.482+0000] {processor.py:914} INFO - Processing file /opt/airflow/dags/nba_data_pipeline.py for tasks to queue
[2024-10-28T19:08:10.485+0000] {logging_mixin.py:190} INFO - [2024-10-28T19:08:10.485+0000] {dagbag.py:587} INFO - Filling up the DagBag from /opt/airflow/dags/nba_data_pipeline.py
[2024-10-28T19:08:10.499+0000] {processor.py:925} INFO - DAG(s) 'nba_data_pipeline' retrieved from /opt/airflow/dags/nba_data_pipeline.py
[2024-10-28T19:08:10.537+0000] {logging_mixin.py:190} INFO - [2024-10-28T19:08:10.537+0000] {dag.py:3229} INFO - Sync 1 DAGs
[2024-10-28T19:08:10.734+0000] {logging_mixin.py:190} INFO - [2024-10-28T19:08:10.733+0000] {dag.py:4156} INFO - Setting next_dagrun for nba_data_pipeline to 2024-10-28 00:00:00+00:00, run_after=2024-10-29 00:00:00+00:00
[2024-10-28T19:08:10.756+0000] {processor.py:208} INFO - Processing /opt/airflow/dags/nba_data_pipeline.py took 0.286 seconds
[2024-10-28T19:08:41.008+0000] {processor.py:186} INFO - Started process (PID=337) to work on /opt/airflow/dags/nba_data_pipeline.py
[2024-10-28T19:08:41.009+0000] {processor.py:914} INFO - Processing file /opt/airflow/dags/nba_data_pipeline.py for tasks to queue
[2024-10-28T19:08:41.013+0000] {logging_mixin.py:190} INFO - [2024-10-28T19:08:41.013+0000] {dagbag.py:587} INFO - Filling up the DagBag from /opt/airflow/dags/nba_data_pipeline.py
[2024-10-28T19:08:41.025+0000] {processor.py:925} INFO - DAG(s) 'nba_data_pipeline' retrieved from /opt/airflow/dags/nba_data_pipeline.py
[2024-10-28T19:08:41.060+0000] {logging_mixin.py:190} INFO - [2024-10-28T19:08:41.059+0000] {dag.py:3229} INFO - Sync 1 DAGs
[2024-10-28T19:08:41.242+0000] {logging_mixin.py:190} INFO - [2024-10-28T19:08:41.241+0000] {dag.py:4156} INFO - Setting next_dagrun for nba_data_pipeline to 2024-10-28 00:00:00+00:00, run_after=2024-10-29 00:00:00+00:00
[2024-10-28T19:08:41.263+0000] {processor.py:208} INFO - Processing /opt/airflow/dags/nba_data_pipeline.py took 0.265 seconds
[2024-10-28T19:09:11.502+0000] {processor.py:186} INFO - Started process (PID=342) to work on /opt/airflow/dags/nba_data_pipeline.py
[2024-10-28T19:09:11.503+0000] {processor.py:914} INFO - Processing file /opt/airflow/dags/nba_data_pipeline.py for tasks to queue
[2024-10-28T19:09:11.506+0000] {logging_mixin.py:190} INFO - [2024-10-28T19:09:11.506+0000] {dagbag.py:587} INFO - Filling up the DagBag from /opt/airflow/dags/nba_data_pipeline.py
[2024-10-28T19:09:11.516+0000] {processor.py:925} INFO - DAG(s) 'nba_data_pipeline' retrieved from /opt/airflow/dags/nba_data_pipeline.py
[2024-10-28T19:09:11.697+0000] {logging_mixin.py:190} INFO - [2024-10-28T19:09:11.697+0000] {dag.py:3229} INFO - Sync 1 DAGs
[2024-10-28T19:09:11.726+0000] {logging_mixin.py:190} INFO - [2024-10-28T19:09:11.725+0000] {dag.py:4156} INFO - Setting next_dagrun for nba_data_pipeline to 2024-10-28 00:00:00+00:00, run_after=2024-10-29 00:00:00+00:00
[2024-10-28T19:09:11.748+0000] {processor.py:208} INFO - Processing /opt/airflow/dags/nba_data_pipeline.py took 0.255 seconds
[2024-10-28T19:09:42.001+0000] {processor.py:186} INFO - Started process (PID=347) to work on /opt/airflow/dags/nba_data_pipeline.py
[2024-10-28T19:09:42.002+0000] {processor.py:914} INFO - Processing file /opt/airflow/dags/nba_data_pipeline.py for tasks to queue
[2024-10-28T19:09:42.006+0000] {logging_mixin.py:190} INFO - [2024-10-28T19:09:42.006+0000] {dagbag.py:587} INFO - Filling up the DagBag from /opt/airflow/dags/nba_data_pipeline.py
[2024-10-28T19:09:42.021+0000] {processor.py:925} INFO - DAG(s) 'nba_data_pipeline' retrieved from /opt/airflow/dags/nba_data_pipeline.py
[2024-10-28T19:09:42.060+0000] {logging_mixin.py:190} INFO - [2024-10-28T19:09:42.059+0000] {dag.py:3229} INFO - Sync 1 DAGs
[2024-10-28T19:09:42.098+0000] {logging_mixin.py:190} INFO - [2024-10-28T19:09:42.097+0000] {dag.py:4156} INFO - Setting next_dagrun for nba_data_pipeline to 2024-10-28 00:00:00+00:00, run_after=2024-10-29 00:00:00+00:00
[2024-10-28T19:09:42.125+0000] {processor.py:208} INFO - Processing /opt/airflow/dags/nba_data_pipeline.py took 0.141 seconds
[2024-10-28T19:10:12.249+0000] {processor.py:186} INFO - Started process (PID=355) to work on /opt/airflow/dags/nba_data_pipeline.py
[2024-10-28T19:10:12.251+0000] {processor.py:914} INFO - Processing file /opt/airflow/dags/nba_data_pipeline.py for tasks to queue
[2024-10-28T19:10:12.254+0000] {logging_mixin.py:190} INFO - [2024-10-28T19:10:12.254+0000] {dagbag.py:587} INFO - Filling up the DagBag from /opt/airflow/dags/nba_data_pipeline.py
[2024-10-28T19:10:12.266+0000] {processor.py:925} INFO - DAG(s) 'nba_data_pipeline' retrieved from /opt/airflow/dags/nba_data_pipeline.py
[2024-10-28T19:10:12.301+0000] {logging_mixin.py:190} INFO - [2024-10-28T19:10:12.301+0000] {dag.py:3229} INFO - Sync 1 DAGs
[2024-10-28T19:10:12.332+0000] {logging_mixin.py:190} INFO - [2024-10-28T19:10:12.332+0000] {dag.py:4156} INFO - Setting next_dagrun for nba_data_pipeline to 2024-10-28 00:00:00+00:00, run_after=2024-10-29 00:00:00+00:00
[2024-10-28T19:10:12.357+0000] {processor.py:208} INFO - Processing /opt/airflow/dags/nba_data_pipeline.py took 0.118 seconds
[2024-10-28T19:10:42.651+0000] {processor.py:186} INFO - Started process (PID=360) to work on /opt/airflow/dags/nba_data_pipeline.py
[2024-10-28T19:10:42.668+0000] {processor.py:914} INFO - Processing file /opt/airflow/dags/nba_data_pipeline.py for tasks to queue
[2024-10-28T19:10:42.673+0000] {logging_mixin.py:190} INFO - [2024-10-28T19:10:42.673+0000] {dagbag.py:587} INFO - Filling up the DagBag from /opt/airflow/dags/nba_data_pipeline.py
[2024-10-28T19:10:42.688+0000] {processor.py:925} INFO - DAG(s) 'nba_data_pipeline' retrieved from /opt/airflow/dags/nba_data_pipeline.py
[2024-10-28T19:10:42.732+0000] {logging_mixin.py:190} INFO - [2024-10-28T19:10:42.732+0000] {dag.py:3229} INFO - Sync 1 DAGs
[2024-10-28T19:10:42.920+0000] {logging_mixin.py:190} INFO - [2024-10-28T19:10:42.920+0000] {dag.py:4156} INFO - Setting next_dagrun for nba_data_pipeline to 2024-10-28 00:00:00+00:00, run_after=2024-10-29 00:00:00+00:00
[2024-10-28T19:10:42.944+0000] {processor.py:208} INFO - Processing /opt/airflow/dags/nba_data_pipeline.py took 0.312 seconds
[2024-10-28T19:11:13.245+0000] {processor.py:186} INFO - Started process (PID=365) to work on /opt/airflow/dags/nba_data_pipeline.py
[2024-10-28T19:11:13.247+0000] {processor.py:914} INFO - Processing file /opt/airflow/dags/nba_data_pipeline.py for tasks to queue
[2024-10-28T19:11:13.250+0000] {logging_mixin.py:190} INFO - [2024-10-28T19:11:13.249+0000] {dagbag.py:587} INFO - Filling up the DagBag from /opt/airflow/dags/nba_data_pipeline.py
[2024-10-28T19:11:13.263+0000] {processor.py:925} INFO - DAG(s) 'nba_data_pipeline' retrieved from /opt/airflow/dags/nba_data_pipeline.py
[2024-10-28T19:11:13.305+0000] {logging_mixin.py:190} INFO - [2024-10-28T19:11:13.305+0000] {dag.py:3229} INFO - Sync 1 DAGs
[2024-10-28T19:11:13.505+0000] {logging_mixin.py:190} INFO - [2024-10-28T19:11:13.505+0000] {dag.py:4156} INFO - Setting next_dagrun for nba_data_pipeline to 2024-10-28 00:00:00+00:00, run_after=2024-10-29 00:00:00+00:00
[2024-10-28T19:11:13.528+0000] {processor.py:208} INFO - Processing /opt/airflow/dags/nba_data_pipeline.py took 0.294 seconds
[2024-10-28T19:11:43.844+0000] {processor.py:186} INFO - Started process (PID=377) to work on /opt/airflow/dags/nba_data_pipeline.py
[2024-10-28T19:11:43.845+0000] {processor.py:914} INFO - Processing file /opt/airflow/dags/nba_data_pipeline.py for tasks to queue
[2024-10-28T19:11:43.848+0000] {logging_mixin.py:190} INFO - [2024-10-28T19:11:43.848+0000] {dagbag.py:587} INFO - Filling up the DagBag from /opt/airflow/dags/nba_data_pipeline.py
[2024-10-28T19:11:43.861+0000] {processor.py:925} INFO - DAG(s) 'nba_data_pipeline' retrieved from /opt/airflow/dags/nba_data_pipeline.py
[2024-10-28T19:11:44.065+0000] {logging_mixin.py:190} INFO - [2024-10-28T19:11:44.065+0000] {dag.py:3229} INFO - Sync 1 DAGs
[2024-10-28T19:11:44.096+0000] {logging_mixin.py:190} INFO - [2024-10-28T19:11:44.096+0000] {dag.py:4156} INFO - Setting next_dagrun for nba_data_pipeline to 2024-10-28 00:00:00+00:00, run_after=2024-10-29 00:00:00+00:00
[2024-10-28T19:11:44.120+0000] {processor.py:208} INFO - Processing /opt/airflow/dags/nba_data_pipeline.py took 0.287 seconds
[2024-10-28T19:12:14.371+0000] {processor.py:186} INFO - Started process (PID=390) to work on /opt/airflow/dags/nba_data_pipeline.py
[2024-10-28T19:12:14.372+0000] {processor.py:914} INFO - Processing file /opt/airflow/dags/nba_data_pipeline.py for tasks to queue
[2024-10-28T19:12:14.376+0000] {logging_mixin.py:190} INFO - [2024-10-28T19:12:14.375+0000] {dagbag.py:587} INFO - Filling up the DagBag from /opt/airflow/dags/nba_data_pipeline.py
[2024-10-28T19:12:14.387+0000] {processor.py:925} INFO - DAG(s) 'nba_data_pipeline' retrieved from /opt/airflow/dags/nba_data_pipeline.py
[2024-10-28T19:12:14.582+0000] {logging_mixin.py:190} INFO - [2024-10-28T19:12:14.582+0000] {dag.py:3229} INFO - Sync 1 DAGs
[2024-10-28T19:12:14.612+0000] {logging_mixin.py:190} INFO - [2024-10-28T19:12:14.612+0000] {dag.py:4156} INFO - Setting next_dagrun for nba_data_pipeline to 2024-10-28 00:00:00+00:00, run_after=2024-10-29 00:00:00+00:00
[2024-10-28T19:12:14.636+0000] {processor.py:208} INFO - Processing /opt/airflow/dags/nba_data_pipeline.py took 0.275 seconds
[2024-10-28T19:12:44.921+0000] {processor.py:186} INFO - Started process (PID=395) to work on /opt/airflow/dags/nba_data_pipeline.py
[2024-10-28T19:12:44.923+0000] {processor.py:914} INFO - Processing file /opt/airflow/dags/nba_data_pipeline.py for tasks to queue
[2024-10-28T19:12:44.927+0000] {logging_mixin.py:190} INFO - [2024-10-28T19:12:44.927+0000] {dagbag.py:587} INFO - Filling up the DagBag from /opt/airflow/dags/nba_data_pipeline.py
[2024-10-28T19:12:44.940+0000] {processor.py:925} INFO - DAG(s) 'nba_data_pipeline' retrieved from /opt/airflow/dags/nba_data_pipeline.py
[2024-10-28T19:12:44.979+0000] {logging_mixin.py:190} INFO - [2024-10-28T19:12:44.978+0000] {dag.py:3229} INFO - Sync 1 DAGs
[2024-10-28T19:12:45.015+0000] {logging_mixin.py:190} INFO - [2024-10-28T19:12:45.015+0000] {dag.py:4156} INFO - Setting next_dagrun for nba_data_pipeline to 2024-10-28 00:00:00+00:00, run_after=2024-10-29 00:00:00+00:00
[2024-10-28T19:12:45.039+0000] {processor.py:208} INFO - Processing /opt/airflow/dags/nba_data_pipeline.py took 0.128 seconds
[2024-10-28T19:13:15.151+0000] {processor.py:186} INFO - Started process (PID=400) to work on /opt/airflow/dags/nba_data_pipeline.py
[2024-10-28T19:13:15.152+0000] {processor.py:914} INFO - Processing file /opt/airflow/dags/nba_data_pipeline.py for tasks to queue
[2024-10-28T19:13:15.156+0000] {logging_mixin.py:190} INFO - [2024-10-28T19:13:15.155+0000] {dagbag.py:587} INFO - Filling up the DagBag from /opt/airflow/dags/nba_data_pipeline.py
[2024-10-28T19:13:15.168+0000] {processor.py:925} INFO - DAG(s) 'nba_data_pipeline' retrieved from /opt/airflow/dags/nba_data_pipeline.py
[2024-10-28T19:13:15.204+0000] {logging_mixin.py:190} INFO - [2024-10-28T19:13:15.204+0000] {dag.py:3229} INFO - Sync 1 DAGs
[2024-10-28T19:13:15.233+0000] {logging_mixin.py:190} INFO - [2024-10-28T19:13:15.233+0000] {dag.py:4156} INFO - Setting next_dagrun for nba_data_pipeline to 2024-10-28 00:00:00+00:00, run_after=2024-10-29 00:00:00+00:00
[2024-10-28T19:13:15.411+0000] {processor.py:208} INFO - Processing /opt/airflow/dags/nba_data_pipeline.py took 0.270 seconds
[2024-10-28T19:13:45.616+0000] {processor.py:186} INFO - Started process (PID=408) to work on /opt/airflow/dags/nba_data_pipeline.py
[2024-10-28T19:13:45.618+0000] {processor.py:914} INFO - Processing file /opt/airflow/dags/nba_data_pipeline.py for tasks to queue
[2024-10-28T19:13:45.621+0000] {logging_mixin.py:190} INFO - [2024-10-28T19:13:45.621+0000] {dagbag.py:587} INFO - Filling up the DagBag from /opt/airflow/dags/nba_data_pipeline.py
[2024-10-28T19:13:45.634+0000] {processor.py:925} INFO - DAG(s) 'nba_data_pipeline' retrieved from /opt/airflow/dags/nba_data_pipeline.py
[2024-10-28T19:13:45.670+0000] {logging_mixin.py:190} INFO - [2024-10-28T19:13:45.670+0000] {dag.py:3229} INFO - Sync 1 DAGs
[2024-10-28T19:13:45.875+0000] {logging_mixin.py:190} INFO - [2024-10-28T19:13:45.875+0000] {dag.py:4156} INFO - Setting next_dagrun for nba_data_pipeline to 2024-10-28 00:00:00+00:00, run_after=2024-10-29 00:00:00+00:00
[2024-10-28T19:13:45.903+0000] {processor.py:208} INFO - Processing /opt/airflow/dags/nba_data_pipeline.py took 0.298 seconds
[2024-10-28T19:14:16.154+0000] {processor.py:186} INFO - Started process (PID=413) to work on /opt/airflow/dags/nba_data_pipeline.py
[2024-10-28T19:14:16.155+0000] {processor.py:914} INFO - Processing file /opt/airflow/dags/nba_data_pipeline.py for tasks to queue
[2024-10-28T19:14:16.159+0000] {logging_mixin.py:190} INFO - [2024-10-28T19:14:16.158+0000] {dagbag.py:587} INFO - Filling up the DagBag from /opt/airflow/dags/nba_data_pipeline.py
[2024-10-28T19:14:16.171+0000] {processor.py:925} INFO - DAG(s) 'nba_data_pipeline' retrieved from /opt/airflow/dags/nba_data_pipeline.py
[2024-10-28T19:14:16.208+0000] {logging_mixin.py:190} INFO - [2024-10-28T19:14:16.207+0000] {dag.py:3229} INFO - Sync 1 DAGs
[2024-10-28T19:14:16.458+0000] {logging_mixin.py:190} INFO - [2024-10-28T19:14:16.458+0000] {dag.py:4156} INFO - Setting next_dagrun for nba_data_pipeline to 2024-10-28 00:00:00+00:00, run_after=2024-10-29 00:00:00+00:00
[2024-10-28T19:14:16.481+0000] {processor.py:208} INFO - Processing /opt/airflow/dags/nba_data_pipeline.py took 0.338 seconds
[2024-10-28T19:14:46.781+0000] {processor.py:186} INFO - Started process (PID=418) to work on /opt/airflow/dags/nba_data_pipeline.py
[2024-10-28T19:14:46.782+0000] {processor.py:914} INFO - Processing file /opt/airflow/dags/nba_data_pipeline.py for tasks to queue
[2024-10-28T19:14:46.785+0000] {logging_mixin.py:190} INFO - [2024-10-28T19:14:46.784+0000] {dagbag.py:587} INFO - Filling up the DagBag from /opt/airflow/dags/nba_data_pipeline.py
[2024-10-28T19:14:46.798+0000] {processor.py:925} INFO - DAG(s) 'nba_data_pipeline' retrieved from /opt/airflow/dags/nba_data_pipeline.py
[2024-10-28T19:14:46.998+0000] {logging_mixin.py:190} INFO - [2024-10-28T19:14:46.998+0000] {dag.py:3229} INFO - Sync 1 DAGs
[2024-10-28T19:14:47.030+0000] {logging_mixin.py:190} INFO - [2024-10-28T19:14:47.029+0000] {dag.py:4156} INFO - Setting next_dagrun for nba_data_pipeline to 2024-10-28 00:00:00+00:00, run_after=2024-10-29 00:00:00+00:00
[2024-10-28T19:14:47.052+0000] {processor.py:208} INFO - Processing /opt/airflow/dags/nba_data_pipeline.py took 0.283 seconds
[2024-10-28T19:15:17.336+0000] {processor.py:186} INFO - Started process (PID=423) to work on /opt/airflow/dags/nba_data_pipeline.py
[2024-10-28T19:15:17.337+0000] {processor.py:914} INFO - Processing file /opt/airflow/dags/nba_data_pipeline.py for tasks to queue
[2024-10-28T19:15:17.503+0000] {logging_mixin.py:190} INFO - [2024-10-28T19:15:17.502+0000] {dagbag.py:587} INFO - Filling up the DagBag from /opt/airflow/dags/nba_data_pipeline.py
[2024-10-28T19:15:17.514+0000] {processor.py:925} INFO - DAG(s) 'nba_data_pipeline' retrieved from /opt/airflow/dags/nba_data_pipeline.py
[2024-10-28T19:15:17.550+0000] {logging_mixin.py:190} INFO - [2024-10-28T19:15:17.549+0000] {dag.py:3229} INFO - Sync 1 DAGs
[2024-10-28T19:15:17.583+0000] {logging_mixin.py:190} INFO - [2024-10-28T19:15:17.583+0000] {dag.py:4156} INFO - Setting next_dagrun for nba_data_pipeline to 2024-10-28 00:00:00+00:00, run_after=2024-10-29 00:00:00+00:00
[2024-10-28T19:15:17.609+0000] {processor.py:208} INFO - Processing /opt/airflow/dags/nba_data_pipeline.py took 0.283 seconds
[2024-10-28T19:15:47.822+0000] {processor.py:186} INFO - Started process (PID=428) to work on /opt/airflow/dags/nba_data_pipeline.py
[2024-10-28T19:15:47.824+0000] {processor.py:914} INFO - Processing file /opt/airflow/dags/nba_data_pipeline.py for tasks to queue
[2024-10-28T19:15:47.829+0000] {logging_mixin.py:190} INFO - [2024-10-28T19:15:47.829+0000] {dagbag.py:587} INFO - Filling up the DagBag from /opt/airflow/dags/nba_data_pipeline.py
[2024-10-28T19:15:47.855+0000] {processor.py:925} INFO - DAG(s) 'nba_data_pipeline' retrieved from /opt/airflow/dags/nba_data_pipeline.py
[2024-10-28T19:15:47.929+0000] {logging_mixin.py:190} INFO - [2024-10-28T19:15:47.928+0000] {dag.py:3229} INFO - Sync 1 DAGs
[2024-10-28T19:15:48.012+0000] {logging_mixin.py:190} INFO - [2024-10-28T19:15:48.010+0000] {dag.py:4156} INFO - Setting next_dagrun for nba_data_pipeline to 2024-10-28 00:00:00+00:00, run_after=2024-10-29 00:00:00+00:00
[2024-10-28T19:15:48.250+0000] {processor.py:208} INFO - Processing /opt/airflow/dags/nba_data_pipeline.py took 0.444 seconds
[2024-10-28T19:16:18.485+0000] {processor.py:186} INFO - Started process (PID=433) to work on /opt/airflow/dags/nba_data_pipeline.py
[2024-10-28T19:16:18.486+0000] {processor.py:914} INFO - Processing file /opt/airflow/dags/nba_data_pipeline.py for tasks to queue
[2024-10-28T19:16:18.489+0000] {logging_mixin.py:190} INFO - [2024-10-28T19:16:18.489+0000] {dagbag.py:587} INFO - Filling up the DagBag from /opt/airflow/dags/nba_data_pipeline.py
[2024-10-28T19:16:18.501+0000] {processor.py:925} INFO - DAG(s) 'nba_data_pipeline' retrieved from /opt/airflow/dags/nba_data_pipeline.py
[2024-10-28T19:16:18.540+0000] {logging_mixin.py:190} INFO - [2024-10-28T19:16:18.539+0000] {dag.py:3229} INFO - Sync 1 DAGs
[2024-10-28T19:16:18.571+0000] {logging_mixin.py:190} INFO - [2024-10-28T19:16:18.571+0000] {dag.py:4156} INFO - Setting next_dagrun for nba_data_pipeline to 2024-10-28 00:00:00+00:00, run_after=2024-10-29 00:00:00+00:00
[2024-10-28T19:16:18.595+0000] {processor.py:208} INFO - Processing /opt/airflow/dags/nba_data_pipeline.py took 0.120 seconds
[2024-10-28T19:16:48.888+0000] {processor.py:186} INFO - Started process (PID=438) to work on /opt/airflow/dags/nba_data_pipeline.py
[2024-10-28T19:16:48.890+0000] {processor.py:914} INFO - Processing file /opt/airflow/dags/nba_data_pipeline.py for tasks to queue
[2024-10-28T19:16:48.895+0000] {logging_mixin.py:190} INFO - [2024-10-28T19:16:48.894+0000] {dagbag.py:587} INFO - Filling up the DagBag from /opt/airflow/dags/nba_data_pipeline.py
[2024-10-28T19:16:48.914+0000] {processor.py:925} INFO - DAG(s) 'nba_data_pipeline' retrieved from /opt/airflow/dags/nba_data_pipeline.py
[2024-10-28T19:16:48.972+0000] {logging_mixin.py:190} INFO - [2024-10-28T19:16:48.970+0000] {dag.py:3229} INFO - Sync 1 DAGs
[2024-10-28T19:16:49.123+0000] {logging_mixin.py:190} INFO - [2024-10-28T19:16:49.123+0000] {dag.py:4156} INFO - Setting next_dagrun for nba_data_pipeline to 2024-10-28 00:00:00+00:00, run_after=2024-10-29 00:00:00+00:00
[2024-10-28T19:16:49.169+0000] {processor.py:208} INFO - Processing /opt/airflow/dags/nba_data_pipeline.py took 0.370 seconds
[2024-10-28T19:17:19.418+0000] {processor.py:186} INFO - Started process (PID=446) to work on /opt/airflow/dags/nba_data_pipeline.py
[2024-10-28T19:17:19.424+0000] {processor.py:914} INFO - Processing file /opt/airflow/dags/nba_data_pipeline.py for tasks to queue
[2024-10-28T19:17:19.487+0000] {logging_mixin.py:190} INFO - [2024-10-28T19:17:19.487+0000] {dagbag.py:587} INFO - Filling up the DagBag from /opt/airflow/dags/nba_data_pipeline.py
[2024-10-28T19:17:19.506+0000] {processor.py:925} INFO - DAG(s) 'nba_data_pipeline' retrieved from /opt/airflow/dags/nba_data_pipeline.py
[2024-10-28T19:17:19.660+0000] {logging_mixin.py:190} INFO - [2024-10-28T19:17:19.659+0000] {dag.py:3229} INFO - Sync 1 DAGs
[2024-10-28T19:17:19.841+0000] {logging_mixin.py:190} INFO - [2024-10-28T19:17:19.841+0000] {dag.py:4156} INFO - Setting next_dagrun for nba_data_pipeline to 2024-10-28 00:00:00+00:00, run_after=2024-10-29 00:00:00+00:00
[2024-10-28T19:17:19.904+0000] {processor.py:208} INFO - Processing /opt/airflow/dags/nba_data_pipeline.py took 0.504 seconds
[2024-10-28T19:17:50.246+0000] {processor.py:186} INFO - Started process (PID=451) to work on /opt/airflow/dags/nba_data_pipeline.py
[2024-10-28T19:17:50.247+0000] {processor.py:914} INFO - Processing file /opt/airflow/dags/nba_data_pipeline.py for tasks to queue
[2024-10-28T19:17:50.250+0000] {logging_mixin.py:190} INFO - [2024-10-28T19:17:50.250+0000] {dagbag.py:587} INFO - Filling up the DagBag from /opt/airflow/dags/nba_data_pipeline.py
[2024-10-28T19:17:50.262+0000] {processor.py:925} INFO - DAG(s) 'nba_data_pipeline' retrieved from /opt/airflow/dags/nba_data_pipeline.py
[2024-10-28T19:17:50.311+0000] {logging_mixin.py:190} INFO - [2024-10-28T19:17:50.311+0000] {dag.py:3229} INFO - Sync 1 DAGs
[2024-10-28T19:17:50.346+0000] {logging_mixin.py:190} INFO - [2024-10-28T19:17:50.346+0000] {dag.py:4156} INFO - Setting next_dagrun for nba_data_pipeline to 2024-10-28 00:00:00+00:00, run_after=2024-10-29 00:00:00+00:00
[2024-10-28T19:17:50.388+0000] {processor.py:208} INFO - Processing /opt/airflow/dags/nba_data_pipeline.py took 0.152 seconds
[2024-10-28T19:18:20.542+0000] {processor.py:186} INFO - Started process (PID=456) to work on /opt/airflow/dags/nba_data_pipeline.py
[2024-10-28T19:18:20.543+0000] {processor.py:914} INFO - Processing file /opt/airflow/dags/nba_data_pipeline.py for tasks to queue
[2024-10-28T19:18:20.546+0000] {logging_mixin.py:190} INFO - [2024-10-28T19:18:20.545+0000] {dagbag.py:587} INFO - Filling up the DagBag from /opt/airflow/dags/nba_data_pipeline.py
[2024-10-28T19:18:20.558+0000] {processor.py:925} INFO - DAG(s) 'nba_data_pipeline' retrieved from /opt/airflow/dags/nba_data_pipeline.py
[2024-10-28T19:18:20.590+0000] {logging_mixin.py:190} INFO - [2024-10-28T19:18:20.590+0000] {dag.py:3229} INFO - Sync 1 DAGs
[2024-10-28T19:18:20.618+0000] {logging_mixin.py:190} INFO - [2024-10-28T19:18:20.618+0000] {dag.py:4156} INFO - Setting next_dagrun for nba_data_pipeline to 2024-10-28 00:00:00+00:00, run_after=2024-10-29 00:00:00+00:00
[2024-10-28T19:18:20.640+0000] {processor.py:208} INFO - Processing /opt/airflow/dags/nba_data_pipeline.py took 0.109 seconds
[2024-10-28T19:18:50.908+0000] {processor.py:186} INFO - Started process (PID=461) to work on /opt/airflow/dags/nba_data_pipeline.py
[2024-10-28T19:18:50.910+0000] {processor.py:914} INFO - Processing file /opt/airflow/dags/nba_data_pipeline.py for tasks to queue
[2024-10-28T19:18:50.913+0000] {logging_mixin.py:190} INFO - [2024-10-28T19:18:50.913+0000] {dagbag.py:587} INFO - Filling up the DagBag from /opt/airflow/dags/nba_data_pipeline.py
[2024-10-28T19:18:50.926+0000] {processor.py:925} INFO - DAG(s) 'nba_data_pipeline' retrieved from /opt/airflow/dags/nba_data_pipeline.py
[2024-10-28T19:18:50.963+0000] {logging_mixin.py:190} INFO - [2024-10-28T19:18:50.962+0000] {dag.py:3229} INFO - Sync 1 DAGs
[2024-10-28T19:18:50.994+0000] {logging_mixin.py:190} INFO - [2024-10-28T19:18:50.994+0000] {dag.py:4156} INFO - Setting next_dagrun for nba_data_pipeline to 2024-10-28 00:00:00+00:00, run_after=2024-10-29 00:00:00+00:00
[2024-10-28T19:18:51.019+0000] {processor.py:208} INFO - Processing /opt/airflow/dags/nba_data_pipeline.py took 0.122 seconds
[2024-10-28T19:19:21.189+0000] {processor.py:186} INFO - Started process (PID=466) to work on /opt/airflow/dags/nba_data_pipeline.py
[2024-10-28T19:19:21.190+0000] {processor.py:914} INFO - Processing file /opt/airflow/dags/nba_data_pipeline.py for tasks to queue
[2024-10-28T19:19:21.194+0000] {logging_mixin.py:190} INFO - [2024-10-28T19:19:21.194+0000] {dagbag.py:587} INFO - Filling up the DagBag from /opt/airflow/dags/nba_data_pipeline.py
[2024-10-28T19:19:21.208+0000] {processor.py:925} INFO - DAG(s) 'nba_data_pipeline' retrieved from /opt/airflow/dags/nba_data_pipeline.py
[2024-10-28T19:19:21.250+0000] {logging_mixin.py:190} INFO - [2024-10-28T19:19:21.249+0000] {dag.py:3229} INFO - Sync 1 DAGs
[2024-10-28T19:19:21.286+0000] {logging_mixin.py:190} INFO - [2024-10-28T19:19:21.286+0000] {dag.py:4156} INFO - Setting next_dagrun for nba_data_pipeline to 2024-10-28 00:00:00+00:00, run_after=2024-10-29 00:00:00+00:00
[2024-10-28T19:19:21.312+0000] {processor.py:208} INFO - Processing /opt/airflow/dags/nba_data_pipeline.py took 0.135 seconds
[2024-10-28T19:19:51.515+0000] {processor.py:186} INFO - Started process (PID=471) to work on /opt/airflow/dags/nba_data_pipeline.py
[2024-10-28T19:19:51.516+0000] {processor.py:914} INFO - Processing file /opt/airflow/dags/nba_data_pipeline.py for tasks to queue
[2024-10-28T19:19:51.520+0000] {logging_mixin.py:190} INFO - [2024-10-28T19:19:51.520+0000] {dagbag.py:587} INFO - Filling up the DagBag from /opt/airflow/dags/nba_data_pipeline.py
[2024-10-28T19:19:51.532+0000] {processor.py:925} INFO - DAG(s) 'nba_data_pipeline' retrieved from /opt/airflow/dags/nba_data_pipeline.py
[2024-10-28T19:19:51.569+0000] {logging_mixin.py:190} INFO - [2024-10-28T19:19:51.569+0000] {dag.py:3229} INFO - Sync 1 DAGs
[2024-10-28T19:19:51.599+0000] {logging_mixin.py:190} INFO - [2024-10-28T19:19:51.598+0000] {dag.py:4156} INFO - Setting next_dagrun for nba_data_pipeline to 2024-10-28 00:00:00+00:00, run_after=2024-10-29 00:00:00+00:00
[2024-10-28T19:19:51.619+0000] {processor.py:208} INFO - Processing /opt/airflow/dags/nba_data_pipeline.py took 0.115 seconds
[2024-10-28T19:20:21.834+0000] {processor.py:186} INFO - Started process (PID=476) to work on /opt/airflow/dags/nba_data_pipeline.py
[2024-10-28T19:20:21.835+0000] {processor.py:914} INFO - Processing file /opt/airflow/dags/nba_data_pipeline.py for tasks to queue
[2024-10-28T19:20:21.838+0000] {logging_mixin.py:190} INFO - [2024-10-28T19:20:21.838+0000] {dagbag.py:587} INFO - Filling up the DagBag from /opt/airflow/dags/nba_data_pipeline.py
[2024-10-28T19:20:21.851+0000] {processor.py:925} INFO - DAG(s) 'nba_data_pipeline' retrieved from /opt/airflow/dags/nba_data_pipeline.py
[2024-10-28T19:20:21.885+0000] {logging_mixin.py:190} INFO - [2024-10-28T19:20:21.884+0000] {dag.py:3229} INFO - Sync 1 DAGs
[2024-10-28T19:20:21.913+0000] {logging_mixin.py:190} INFO - [2024-10-28T19:20:21.913+0000] {dag.py:4156} INFO - Setting next_dagrun for nba_data_pipeline to 2024-10-28 00:00:00+00:00, run_after=2024-10-29 00:00:00+00:00
[2024-10-28T19:20:21.934+0000] {processor.py:208} INFO - Processing /opt/airflow/dags/nba_data_pipeline.py took 0.111 seconds
[2024-10-28T19:20:52.109+0000] {processor.py:186} INFO - Started process (PID=481) to work on /opt/airflow/dags/nba_data_pipeline.py
[2024-10-28T19:20:52.110+0000] {processor.py:914} INFO - Processing file /opt/airflow/dags/nba_data_pipeline.py for tasks to queue
[2024-10-28T19:20:52.114+0000] {logging_mixin.py:190} INFO - [2024-10-28T19:20:52.113+0000] {dagbag.py:587} INFO - Filling up the DagBag from /opt/airflow/dags/nba_data_pipeline.py
[2024-10-28T19:20:52.127+0000] {processor.py:925} INFO - DAG(s) 'nba_data_pipeline' retrieved from /opt/airflow/dags/nba_data_pipeline.py
[2024-10-28T19:20:52.161+0000] {logging_mixin.py:190} INFO - [2024-10-28T19:20:52.161+0000] {dag.py:3229} INFO - Sync 1 DAGs
[2024-10-28T19:20:52.191+0000] {logging_mixin.py:190} INFO - [2024-10-28T19:20:52.191+0000] {dag.py:4156} INFO - Setting next_dagrun for nba_data_pipeline to 2024-10-28 00:00:00+00:00, run_after=2024-10-29 00:00:00+00:00
[2024-10-28T19:20:52.212+0000] {processor.py:208} INFO - Processing /opt/airflow/dags/nba_data_pipeline.py took 0.113 seconds
[2024-10-28T19:21:22.468+0000] {processor.py:186} INFO - Started process (PID=486) to work on /opt/airflow/dags/nba_data_pipeline.py
[2024-10-28T19:21:22.469+0000] {processor.py:914} INFO - Processing file /opt/airflow/dags/nba_data_pipeline.py for tasks to queue
[2024-10-28T19:21:22.473+0000] {logging_mixin.py:190} INFO - [2024-10-28T19:21:22.473+0000] {dagbag.py:587} INFO - Filling up the DagBag from /opt/airflow/dags/nba_data_pipeline.py
[2024-10-28T19:21:22.487+0000] {processor.py:925} INFO - DAG(s) 'nba_data_pipeline' retrieved from /opt/airflow/dags/nba_data_pipeline.py
[2024-10-28T19:21:22.525+0000] {logging_mixin.py:190} INFO - [2024-10-28T19:21:22.524+0000] {dag.py:3229} INFO - Sync 1 DAGs
[2024-10-28T19:21:22.561+0000] {logging_mixin.py:190} INFO - [2024-10-28T19:21:22.561+0000] {dag.py:4156} INFO - Setting next_dagrun for nba_data_pipeline to 2024-10-28 00:00:00+00:00, run_after=2024-10-29 00:00:00+00:00
[2024-10-28T19:21:22.588+0000] {processor.py:208} INFO - Processing /opt/airflow/dags/nba_data_pipeline.py took 0.131 seconds
[2024-10-28T19:21:52.721+0000] {processor.py:186} INFO - Started process (PID=491) to work on /opt/airflow/dags/nba_data_pipeline.py
[2024-10-28T19:21:52.722+0000] {processor.py:914} INFO - Processing file /opt/airflow/dags/nba_data_pipeline.py for tasks to queue
[2024-10-28T19:21:52.725+0000] {logging_mixin.py:190} INFO - [2024-10-28T19:21:52.725+0000] {dagbag.py:587} INFO - Filling up the DagBag from /opt/airflow/dags/nba_data_pipeline.py
[2024-10-28T19:21:52.738+0000] {processor.py:925} INFO - DAG(s) 'nba_data_pipeline' retrieved from /opt/airflow/dags/nba_data_pipeline.py
[2024-10-28T19:21:52.774+0000] {logging_mixin.py:190} INFO - [2024-10-28T19:21:52.773+0000] {dag.py:3229} INFO - Sync 1 DAGs
[2024-10-28T19:21:52.808+0000] {logging_mixin.py:190} INFO - [2024-10-28T19:21:52.808+0000] {dag.py:4156} INFO - Setting next_dagrun for nba_data_pipeline to 2024-10-28 00:00:00+00:00, run_after=2024-10-29 00:00:00+00:00
[2024-10-28T19:21:52.834+0000] {processor.py:208} INFO - Processing /opt/airflow/dags/nba_data_pipeline.py took 0.123 seconds
[2024-10-28T19:22:23.077+0000] {processor.py:186} INFO - Started process (PID=499) to work on /opt/airflow/dags/nba_data_pipeline.py
[2024-10-28T19:22:23.078+0000] {processor.py:914} INFO - Processing file /opt/airflow/dags/nba_data_pipeline.py for tasks to queue
[2024-10-28T19:22:23.082+0000] {logging_mixin.py:190} INFO - [2024-10-28T19:22:23.082+0000] {dagbag.py:587} INFO - Filling up the DagBag from /opt/airflow/dags/nba_data_pipeline.py
[2024-10-28T19:22:23.096+0000] {processor.py:925} INFO - DAG(s) 'nba_data_pipeline' retrieved from /opt/airflow/dags/nba_data_pipeline.py
[2024-10-28T19:22:23.130+0000] {logging_mixin.py:190} INFO - [2024-10-28T19:22:23.130+0000] {dag.py:3229} INFO - Sync 1 DAGs
[2024-10-28T19:22:23.162+0000] {logging_mixin.py:190} INFO - [2024-10-28T19:22:23.162+0000] {dag.py:4156} INFO - Setting next_dagrun for nba_data_pipeline to 2024-10-28 00:00:00+00:00, run_after=2024-10-29 00:00:00+00:00
[2024-10-28T19:22:23.186+0000] {processor.py:208} INFO - Processing /opt/airflow/dags/nba_data_pipeline.py took 0.120 seconds
[2024-10-28T19:22:53.413+0000] {processor.py:186} INFO - Started process (PID=507) to work on /opt/airflow/dags/nba_data_pipeline.py
[2024-10-28T19:22:53.414+0000] {processor.py:914} INFO - Processing file /opt/airflow/dags/nba_data_pipeline.py for tasks to queue
[2024-10-28T19:22:53.418+0000] {logging_mixin.py:190} INFO - [2024-10-28T19:22:53.418+0000] {dagbag.py:587} INFO - Filling up the DagBag from /opt/airflow/dags/nba_data_pipeline.py
[2024-10-28T19:22:53.430+0000] {processor.py:925} INFO - DAG(s) 'nba_data_pipeline' retrieved from /opt/airflow/dags/nba_data_pipeline.py
[2024-10-28T19:22:53.464+0000] {logging_mixin.py:190} INFO - [2024-10-28T19:22:53.463+0000] {dag.py:3229} INFO - Sync 1 DAGs
[2024-10-28T19:22:53.494+0000] {logging_mixin.py:190} INFO - [2024-10-28T19:22:53.494+0000] {dag.py:4156} INFO - Setting next_dagrun for nba_data_pipeline to 2024-10-28 00:00:00+00:00, run_after=2024-10-29 00:00:00+00:00
[2024-10-28T19:22:53.517+0000] {processor.py:208} INFO - Processing /opt/airflow/dags/nba_data_pipeline.py took 0.114 seconds
[2024-10-28T19:23:23.681+0000] {processor.py:186} INFO - Started process (PID=512) to work on /opt/airflow/dags/nba_data_pipeline.py
[2024-10-28T19:23:23.682+0000] {processor.py:914} INFO - Processing file /opt/airflow/dags/nba_data_pipeline.py for tasks to queue
[2024-10-28T19:23:23.687+0000] {logging_mixin.py:190} INFO - [2024-10-28T19:23:23.686+0000] {dagbag.py:587} INFO - Filling up the DagBag from /opt/airflow/dags/nba_data_pipeline.py
[2024-10-28T19:23:23.701+0000] {processor.py:925} INFO - DAG(s) 'nba_data_pipeline' retrieved from /opt/airflow/dags/nba_data_pipeline.py
[2024-10-28T19:23:23.737+0000] {logging_mixin.py:190} INFO - [2024-10-28T19:23:23.737+0000] {dag.py:3229} INFO - Sync 1 DAGs
[2024-10-28T19:23:23.766+0000] {logging_mixin.py:190} INFO - [2024-10-28T19:23:23.766+0000] {dag.py:4156} INFO - Setting next_dagrun for nba_data_pipeline to 2024-10-28 00:00:00+00:00, run_after=2024-10-29 00:00:00+00:00
[2024-10-28T19:23:23.788+0000] {processor.py:208} INFO - Processing /opt/airflow/dags/nba_data_pipeline.py took 0.117 seconds
[2024-10-28T19:23:54.021+0000] {processor.py:186} INFO - Started process (PID=517) to work on /opt/airflow/dags/nba_data_pipeline.py
[2024-10-28T19:23:54.023+0000] {processor.py:914} INFO - Processing file /opt/airflow/dags/nba_data_pipeline.py for tasks to queue
[2024-10-28T19:23:54.026+0000] {logging_mixin.py:190} INFO - [2024-10-28T19:23:54.025+0000] {dagbag.py:587} INFO - Filling up the DagBag from /opt/airflow/dags/nba_data_pipeline.py
[2024-10-28T19:23:54.038+0000] {processor.py:925} INFO - DAG(s) 'nba_data_pipeline' retrieved from /opt/airflow/dags/nba_data_pipeline.py
[2024-10-28T19:23:54.074+0000] {logging_mixin.py:190} INFO - [2024-10-28T19:23:54.073+0000] {dag.py:3229} INFO - Sync 1 DAGs
[2024-10-28T19:23:54.104+0000] {logging_mixin.py:190} INFO - [2024-10-28T19:23:54.104+0000] {dag.py:4156} INFO - Setting next_dagrun for nba_data_pipeline to 2024-10-28 00:00:00+00:00, run_after=2024-10-29 00:00:00+00:00
[2024-10-28T19:23:54.125+0000] {processor.py:208} INFO - Processing /opt/airflow/dags/nba_data_pipeline.py took 0.115 seconds
[2024-10-28T19:25:46.191+0000] {processor.py:186} INFO - Started process (PID=190) to work on /opt/airflow/dags/nba_data_pipeline.py
[2024-10-28T19:25:46.192+0000] {processor.py:914} INFO - Processing file /opt/airflow/dags/nba_data_pipeline.py for tasks to queue
[2024-10-28T19:25:46.195+0000] {logging_mixin.py:190} INFO - [2024-10-28T19:25:46.195+0000] {dagbag.py:587} INFO - Filling up the DagBag from /opt/airflow/dags/nba_data_pipeline.py
[2024-10-28T19:25:46.212+0000] {processor.py:925} INFO - DAG(s) 'nba_data_pipeline' retrieved from /opt/airflow/dags/nba_data_pipeline.py
[2024-10-28T19:25:46.534+0000] {logging_mixin.py:190} INFO - [2024-10-28T19:25:46.533+0000] {override.py:1900} INFO - Created Permission View: can edit on DAG:nba_data_pipeline
[2024-10-28T19:25:46.553+0000] {logging_mixin.py:190} INFO - [2024-10-28T19:25:46.552+0000] {override.py:1900} INFO - Created Permission View: can read on DAG:nba_data_pipeline
[2024-10-28T19:25:46.564+0000] {logging_mixin.py:190} INFO - [2024-10-28T19:25:46.564+0000] {override.py:1900} INFO - Created Permission View: can delete on DAG:nba_data_pipeline
[2024-10-28T19:25:46.579+0000] {logging_mixin.py:190} INFO - [2024-10-28T19:25:46.579+0000] {override.py:1900} INFO - Created Permission View: can read on DAG Run:nba_data_pipeline
[2024-10-28T19:25:46.592+0000] {logging_mixin.py:190} INFO - [2024-10-28T19:25:46.591+0000] {override.py:1900} INFO - Created Permission View: can delete on DAG Run:nba_data_pipeline
[2024-10-28T19:25:46.604+0000] {logging_mixin.py:190} INFO - [2024-10-28T19:25:46.604+0000] {override.py:1900} INFO - Created Permission View: can create on DAG Run:nba_data_pipeline
[2024-10-28T19:25:46.613+0000] {logging_mixin.py:190} INFO - [2024-10-28T19:25:46.613+0000] {override.py:1900} INFO - Created Permission View: menu access on DAG Run:nba_data_pipeline
[2024-10-28T19:25:46.614+0000] {logging_mixin.py:190} INFO - [2024-10-28T19:25:46.614+0000] {dag.py:3229} INFO - Sync 1 DAGs
[2024-10-28T19:25:46.636+0000] {logging_mixin.py:190} INFO - [2024-10-28T19:25:46.635+0000] {dag.py:3252} INFO - Creating ORM DAG for nba_data_pipeline
[2024-10-28T19:25:46.651+0000] {logging_mixin.py:190} INFO - [2024-10-28T19:25:46.651+0000] {dag.py:4156} INFO - Setting next_dagrun for nba_data_pipeline to 2024-10-27 00:00:00+00:00, run_after=2024-10-28 00:00:00+00:00
[2024-10-28T19:25:46.678+0000] {processor.py:208} INFO - Processing /opt/airflow/dags/nba_data_pipeline.py took 0.496 seconds
[2024-10-28T19:26:16.954+0000] {processor.py:186} INFO - Started process (PID=195) to work on /opt/airflow/dags/nba_data_pipeline.py
[2024-10-28T19:26:16.955+0000] {processor.py:914} INFO - Processing file /opt/airflow/dags/nba_data_pipeline.py for tasks to queue
[2024-10-28T19:26:16.962+0000] {logging_mixin.py:190} INFO - [2024-10-28T19:26:16.960+0000] {dagbag.py:587} INFO - Filling up the DagBag from /opt/airflow/dags/nba_data_pipeline.py
[2024-10-28T19:26:16.978+0000] {processor.py:925} INFO - DAG(s) 'nba_data_pipeline' retrieved from /opt/airflow/dags/nba_data_pipeline.py
[2024-10-28T19:26:17.024+0000] {logging_mixin.py:190} INFO - [2024-10-28T19:26:17.023+0000] {dag.py:3229} INFO - Sync 1 DAGs
[2024-10-28T19:26:17.068+0000] {logging_mixin.py:190} INFO - [2024-10-28T19:26:17.068+0000] {dag.py:4156} INFO - Setting next_dagrun for nba_data_pipeline to 2024-10-27 00:00:00+00:00, run_after=2024-10-28 00:00:00+00:00
[2024-10-28T19:26:17.091+0000] {processor.py:208} INFO - Processing /opt/airflow/dags/nba_data_pipeline.py took 0.156 seconds
[2024-10-28T19:26:47.159+0000] {processor.py:186} INFO - Started process (PID=206) to work on /opt/airflow/dags/nba_data_pipeline.py
[2024-10-28T19:26:47.160+0000] {processor.py:914} INFO - Processing file /opt/airflow/dags/nba_data_pipeline.py for tasks to queue
[2024-10-28T19:26:47.163+0000] {logging_mixin.py:190} INFO - [2024-10-28T19:26:47.163+0000] {dagbag.py:587} INFO - Filling up the DagBag from /opt/airflow/dags/nba_data_pipeline.py
[2024-10-28T19:26:47.175+0000] {processor.py:925} INFO - DAG(s) 'nba_data_pipeline' retrieved from /opt/airflow/dags/nba_data_pipeline.py
[2024-10-28T19:26:47.215+0000] {logging_mixin.py:190} INFO - [2024-10-28T19:26:47.214+0000] {dag.py:3229} INFO - Sync 1 DAGs
[2024-10-28T19:26:47.245+0000] {logging_mixin.py:190} INFO - [2024-10-28T19:26:47.245+0000] {dag.py:4156} INFO - Setting next_dagrun for nba_data_pipeline to 2024-10-28 00:00:00+00:00, run_after=2024-10-29 00:00:00+00:00
[2024-10-28T19:26:47.270+0000] {processor.py:208} INFO - Processing /opt/airflow/dags/nba_data_pipeline.py took 0.121 seconds
[2024-10-28T19:27:17.407+0000] {processor.py:186} INFO - Started process (PID=211) to work on /opt/airflow/dags/nba_data_pipeline.py
[2024-10-28T19:27:17.408+0000] {processor.py:914} INFO - Processing file /opt/airflow/dags/nba_data_pipeline.py for tasks to queue
[2024-10-28T19:27:17.412+0000] {logging_mixin.py:190} INFO - [2024-10-28T19:27:17.411+0000] {dagbag.py:587} INFO - Filling up the DagBag from /opt/airflow/dags/nba_data_pipeline.py
[2024-10-28T19:27:17.427+0000] {processor.py:925} INFO - DAG(s) 'nba_data_pipeline' retrieved from /opt/airflow/dags/nba_data_pipeline.py
[2024-10-28T19:27:17.469+0000] {logging_mixin.py:190} INFO - [2024-10-28T19:27:17.468+0000] {dag.py:3229} INFO - Sync 1 DAGs
[2024-10-28T19:27:17.504+0000] {logging_mixin.py:190} INFO - [2024-10-28T19:27:17.504+0000] {dag.py:4156} INFO - Setting next_dagrun for nba_data_pipeline to 2024-10-28 00:00:00+00:00, run_after=2024-10-29 00:00:00+00:00
[2024-10-28T19:27:17.526+0000] {processor.py:208} INFO - Processing /opt/airflow/dags/nba_data_pipeline.py took 0.131 seconds
[2024-10-28T19:27:47.773+0000] {processor.py:186} INFO - Started process (PID=216) to work on /opt/airflow/dags/nba_data_pipeline.py
[2024-10-28T19:27:47.786+0000] {processor.py:914} INFO - Processing file /opt/airflow/dags/nba_data_pipeline.py for tasks to queue
[2024-10-28T19:27:47.798+0000] {logging_mixin.py:190} INFO - [2024-10-28T19:27:47.797+0000] {dagbag.py:587} INFO - Filling up the DagBag from /opt/airflow/dags/nba_data_pipeline.py
[2024-10-28T19:27:47.815+0000] {processor.py:925} INFO - DAG(s) 'nba_data_pipeline' retrieved from /opt/airflow/dags/nba_data_pipeline.py
[2024-10-28T19:27:47.861+0000] {logging_mixin.py:190} INFO - [2024-10-28T19:27:47.861+0000] {dag.py:3229} INFO - Sync 1 DAGs
[2024-10-28T19:27:47.892+0000] {logging_mixin.py:190} INFO - [2024-10-28T19:27:47.892+0000] {dag.py:4156} INFO - Setting next_dagrun for nba_data_pipeline to 2024-10-28 00:00:00+00:00, run_after=2024-10-29 00:00:00+00:00
[2024-10-28T19:27:47.916+0000] {processor.py:208} INFO - Processing /opt/airflow/dags/nba_data_pipeline.py took 0.178 seconds
[2024-10-28T19:28:17.990+0000] {processor.py:186} INFO - Started process (PID=227) to work on /opt/airflow/dags/nba_data_pipeline.py
[2024-10-28T19:28:17.991+0000] {processor.py:914} INFO - Processing file /opt/airflow/dags/nba_data_pipeline.py for tasks to queue
[2024-10-28T19:28:17.995+0000] {logging_mixin.py:190} INFO - [2024-10-28T19:28:17.994+0000] {dagbag.py:587} INFO - Filling up the DagBag from /opt/airflow/dags/nba_data_pipeline.py
[2024-10-28T19:28:18.008+0000] {processor.py:925} INFO - DAG(s) 'nba_data_pipeline' retrieved from /opt/airflow/dags/nba_data_pipeline.py
[2024-10-28T19:28:18.044+0000] {logging_mixin.py:190} INFO - [2024-10-28T19:28:18.044+0000] {dag.py:3229} INFO - Sync 1 DAGs
[2024-10-28T19:28:18.074+0000] {logging_mixin.py:190} INFO - [2024-10-28T19:28:18.074+0000] {dag.py:4156} INFO - Setting next_dagrun for nba_data_pipeline to 2024-10-28 00:00:00+00:00, run_after=2024-10-29 00:00:00+00:00
[2024-10-28T19:28:18.096+0000] {processor.py:208} INFO - Processing /opt/airflow/dags/nba_data_pipeline.py took 0.116 seconds
[2024-10-28T19:28:48.241+0000] {processor.py:186} INFO - Started process (PID=232) to work on /opt/airflow/dags/nba_data_pipeline.py
[2024-10-28T19:28:48.241+0000] {processor.py:914} INFO - Processing file /opt/airflow/dags/nba_data_pipeline.py for tasks to queue
[2024-10-28T19:28:48.245+0000] {logging_mixin.py:190} INFO - [2024-10-28T19:28:48.244+0000] {dagbag.py:587} INFO - Filling up the DagBag from /opt/airflow/dags/nba_data_pipeline.py
[2024-10-28T19:28:48.256+0000] {processor.py:925} INFO - DAG(s) 'nba_data_pipeline' retrieved from /opt/airflow/dags/nba_data_pipeline.py
[2024-10-28T19:28:48.364+0000] {logging_mixin.py:190} INFO - [2024-10-28T19:28:48.364+0000] {dag.py:3229} INFO - Sync 1 DAGs
[2024-10-28T19:28:48.404+0000] {logging_mixin.py:190} INFO - [2024-10-28T19:28:48.404+0000] {dag.py:4156} INFO - Setting next_dagrun for nba_data_pipeline to 2024-10-28 00:00:00+00:00, run_after=2024-10-29 00:00:00+00:00
[2024-10-28T19:28:48.429+0000] {processor.py:208} INFO - Processing /opt/airflow/dags/nba_data_pipeline.py took 0.198 seconds
[2024-10-28T19:29:18.575+0000] {processor.py:186} INFO - Started process (PID=237) to work on /opt/airflow/dags/nba_data_pipeline.py
[2024-10-28T19:29:18.576+0000] {processor.py:914} INFO - Processing file /opt/airflow/dags/nba_data_pipeline.py for tasks to queue
[2024-10-28T19:29:18.579+0000] {logging_mixin.py:190} INFO - [2024-10-28T19:29:18.579+0000] {dagbag.py:587} INFO - Filling up the DagBag from /opt/airflow/dags/nba_data_pipeline.py
[2024-10-28T19:29:18.592+0000] {processor.py:925} INFO - DAG(s) 'nba_data_pipeline' retrieved from /opt/airflow/dags/nba_data_pipeline.py
[2024-10-28T19:29:18.627+0000] {logging_mixin.py:190} INFO - [2024-10-28T19:29:18.627+0000] {dag.py:3229} INFO - Sync 1 DAGs
[2024-10-28T19:29:18.657+0000] {logging_mixin.py:190} INFO - [2024-10-28T19:29:18.656+0000] {dag.py:4156} INFO - Setting next_dagrun for nba_data_pipeline to 2024-10-28 00:00:00+00:00, run_after=2024-10-29 00:00:00+00:00
[2024-10-28T19:29:18.678+0000] {processor.py:208} INFO - Processing /opt/airflow/dags/nba_data_pipeline.py took 0.114 seconds
[2024-10-28T19:29:48.939+0000] {processor.py:186} INFO - Started process (PID=242) to work on /opt/airflow/dags/nba_data_pipeline.py
[2024-10-28T19:29:48.940+0000] {processor.py:914} INFO - Processing file /opt/airflow/dags/nba_data_pipeline.py for tasks to queue
[2024-10-28T19:29:48.943+0000] {logging_mixin.py:190} INFO - [2024-10-28T19:29:48.943+0000] {dagbag.py:587} INFO - Filling up the DagBag from /opt/airflow/dags/nba_data_pipeline.py
[2024-10-28T19:29:48.955+0000] {processor.py:925} INFO - DAG(s) 'nba_data_pipeline' retrieved from /opt/airflow/dags/nba_data_pipeline.py
[2024-10-28T19:29:48.992+0000] {logging_mixin.py:190} INFO - [2024-10-28T19:29:48.991+0000] {dag.py:3229} INFO - Sync 1 DAGs
[2024-10-28T19:29:49.123+0000] {logging_mixin.py:190} INFO - [2024-10-28T19:29:49.123+0000] {dag.py:4156} INFO - Setting next_dagrun for nba_data_pipeline to 2024-10-28 00:00:00+00:00, run_after=2024-10-29 00:00:00+00:00
[2024-10-28T19:29:49.317+0000] {processor.py:208} INFO - Processing /opt/airflow/dags/nba_data_pipeline.py took 0.389 seconds
[2024-10-28T19:31:53.415+0000] {processor.py:186} INFO - Started process (PID=189) to work on /opt/airflow/dags/nba_data_pipeline.py
[2024-10-28T19:31:53.416+0000] {processor.py:914} INFO - Processing file /opt/airflow/dags/nba_data_pipeline.py for tasks to queue
[2024-10-28T19:31:53.420+0000] {logging_mixin.py:190} INFO - [2024-10-28T19:31:53.420+0000] {dagbag.py:587} INFO - Filling up the DagBag from /opt/airflow/dags/nba_data_pipeline.py
[2024-10-28T19:31:53.437+0000] {processor.py:925} INFO - DAG(s) 'nba_data_pipeline' retrieved from /opt/airflow/dags/nba_data_pipeline.py
[2024-10-28T19:31:53.720+0000] {logging_mixin.py:190} INFO - [2024-10-28T19:31:53.720+0000] {override.py:1900} INFO - Created Permission View: can delete on DAG:nba_data_pipeline
[2024-10-28T19:31:53.733+0000] {logging_mixin.py:190} INFO - [2024-10-28T19:31:53.732+0000] {override.py:1900} INFO - Created Permission View: can read on DAG:nba_data_pipeline
[2024-10-28T19:31:53.740+0000] {logging_mixin.py:190} INFO - [2024-10-28T19:31:53.740+0000] {override.py:1900} INFO - Created Permission View: can edit on DAG:nba_data_pipeline
[2024-10-28T19:31:53.749+0000] {logging_mixin.py:190} INFO - [2024-10-28T19:31:53.749+0000] {override.py:1900} INFO - Created Permission View: can delete on DAG Run:nba_data_pipeline
[2024-10-28T19:31:53.756+0000] {logging_mixin.py:190} INFO - [2024-10-28T19:31:53.756+0000] {override.py:1900} INFO - Created Permission View: can create on DAG Run:nba_data_pipeline
[2024-10-28T19:31:53.764+0000] {logging_mixin.py:190} INFO - [2024-10-28T19:31:53.764+0000] {override.py:1900} INFO - Created Permission View: can read on DAG Run:nba_data_pipeline
[2024-10-28T19:31:53.772+0000] {logging_mixin.py:190} INFO - [2024-10-28T19:31:53.771+0000] {override.py:1900} INFO - Created Permission View: menu access on DAG Run:nba_data_pipeline
[2024-10-28T19:31:53.772+0000] {logging_mixin.py:190} INFO - [2024-10-28T19:31:53.772+0000] {dag.py:3229} INFO - Sync 1 DAGs
[2024-10-28T19:31:53.789+0000] {logging_mixin.py:190} INFO - [2024-10-28T19:31:53.789+0000] {dag.py:3252} INFO - Creating ORM DAG for nba_data_pipeline
[2024-10-28T19:31:53.801+0000] {logging_mixin.py:190} INFO - [2024-10-28T19:31:53.801+0000] {dag.py:4156} INFO - Setting next_dagrun for nba_data_pipeline to 2024-10-27 00:00:00+00:00, run_after=2024-10-28 00:00:00+00:00
[2024-10-28T19:31:53.823+0000] {processor.py:208} INFO - Processing /opt/airflow/dags/nba_data_pipeline.py took 0.420 seconds
[2024-10-28T19:32:24.088+0000] {processor.py:186} INFO - Started process (PID=194) to work on /opt/airflow/dags/nba_data_pipeline.py
[2024-10-28T19:32:24.089+0000] {processor.py:914} INFO - Processing file /opt/airflow/dags/nba_data_pipeline.py for tasks to queue
[2024-10-28T19:32:24.092+0000] {logging_mixin.py:190} INFO - [2024-10-28T19:32:24.092+0000] {dagbag.py:587} INFO - Filling up the DagBag from /opt/airflow/dags/nba_data_pipeline.py
[2024-10-28T19:32:24.106+0000] {processor.py:925} INFO - DAG(s) 'nba_data_pipeline' retrieved from /opt/airflow/dags/nba_data_pipeline.py
[2024-10-28T19:32:24.143+0000] {logging_mixin.py:190} INFO - [2024-10-28T19:32:24.143+0000] {dag.py:3229} INFO - Sync 1 DAGs
[2024-10-28T19:32:24.177+0000] {logging_mixin.py:190} INFO - [2024-10-28T19:32:24.177+0000] {dag.py:4156} INFO - Setting next_dagrun for nba_data_pipeline to 2024-10-27 00:00:00+00:00, run_after=2024-10-28 00:00:00+00:00
[2024-10-28T19:32:24.202+0000] {processor.py:208} INFO - Processing /opt/airflow/dags/nba_data_pipeline.py took 0.124 seconds
[2024-10-28T19:32:54.452+0000] {processor.py:186} INFO - Started process (PID=199) to work on /opt/airflow/dags/nba_data_pipeline.py
[2024-10-28T19:32:54.453+0000] {processor.py:914} INFO - Processing file /opt/airflow/dags/nba_data_pipeline.py for tasks to queue
[2024-10-28T19:32:54.456+0000] {logging_mixin.py:190} INFO - [2024-10-28T19:32:54.456+0000] {dagbag.py:587} INFO - Filling up the DagBag from /opt/airflow/dags/nba_data_pipeline.py
[2024-10-28T19:32:54.470+0000] {processor.py:925} INFO - DAG(s) 'nba_data_pipeline' retrieved from /opt/airflow/dags/nba_data_pipeline.py
[2024-10-28T19:32:54.511+0000] {logging_mixin.py:190} INFO - [2024-10-28T19:32:54.510+0000] {dag.py:3229} INFO - Sync 1 DAGs
[2024-10-28T19:32:54.581+0000] {logging_mixin.py:190} INFO - [2024-10-28T19:32:54.580+0000] {dag.py:4156} INFO - Setting next_dagrun for nba_data_pipeline to 2024-10-27 00:00:00+00:00, run_after=2024-10-28 00:00:00+00:00
[2024-10-28T19:32:54.613+0000] {processor.py:208} INFO - Processing /opt/airflow/dags/nba_data_pipeline.py took 0.174 seconds
[2024-10-28T19:33:24.686+0000] {processor.py:186} INFO - Started process (PID=207) to work on /opt/airflow/dags/nba_data_pipeline.py
[2024-10-28T19:33:24.687+0000] {processor.py:914} INFO - Processing file /opt/airflow/dags/nba_data_pipeline.py for tasks to queue
[2024-10-28T19:33:24.691+0000] {logging_mixin.py:190} INFO - [2024-10-28T19:33:24.690+0000] {dagbag.py:587} INFO - Filling up the DagBag from /opt/airflow/dags/nba_data_pipeline.py
[2024-10-28T19:33:24.703+0000] {processor.py:925} INFO - DAG(s) 'nba_data_pipeline' retrieved from /opt/airflow/dags/nba_data_pipeline.py
[2024-10-28T19:33:24.741+0000] {logging_mixin.py:190} INFO - [2024-10-28T19:33:24.741+0000] {dag.py:3229} INFO - Sync 1 DAGs
[2024-10-28T19:33:24.774+0000] {logging_mixin.py:190} INFO - [2024-10-28T19:33:24.773+0000] {dag.py:4156} INFO - Setting next_dagrun for nba_data_pipeline to 2024-10-28 00:00:00+00:00, run_after=2024-10-29 00:00:00+00:00
[2024-10-28T19:33:24.799+0000] {processor.py:208} INFO - Processing /opt/airflow/dags/nba_data_pipeline.py took 0.125 seconds
[2024-10-28T19:33:54.924+0000] {processor.py:186} INFO - Started process (PID=212) to work on /opt/airflow/dags/nba_data_pipeline.py
[2024-10-28T19:33:54.925+0000] {processor.py:914} INFO - Processing file /opt/airflow/dags/nba_data_pipeline.py for tasks to queue
[2024-10-28T19:33:54.928+0000] {logging_mixin.py:190} INFO - [2024-10-28T19:33:54.928+0000] {dagbag.py:587} INFO - Filling up the DagBag from /opt/airflow/dags/nba_data_pipeline.py
[2024-10-28T19:33:54.944+0000] {processor.py:925} INFO - DAG(s) 'nba_data_pipeline' retrieved from /opt/airflow/dags/nba_data_pipeline.py
[2024-10-28T19:33:54.983+0000] {logging_mixin.py:190} INFO - [2024-10-28T19:33:54.983+0000] {dag.py:3229} INFO - Sync 1 DAGs
[2024-10-28T19:33:55.019+0000] {logging_mixin.py:190} INFO - [2024-10-28T19:33:55.019+0000] {dag.py:4156} INFO - Setting next_dagrun for nba_data_pipeline to 2024-10-28 00:00:00+00:00, run_after=2024-10-29 00:00:00+00:00
[2024-10-28T19:33:55.045+0000] {processor.py:208} INFO - Processing /opt/airflow/dags/nba_data_pipeline.py took 0.132 seconds
[2024-10-28T19:34:25.251+0000] {processor.py:186} INFO - Started process (PID=220) to work on /opt/airflow/dags/nba_data_pipeline.py
[2024-10-28T19:34:25.251+0000] {processor.py:914} INFO - Processing file /opt/airflow/dags/nba_data_pipeline.py for tasks to queue
[2024-10-28T19:34:25.255+0000] {logging_mixin.py:190} INFO - [2024-10-28T19:34:25.255+0000] {dagbag.py:587} INFO - Filling up the DagBag from /opt/airflow/dags/nba_data_pipeline.py
[2024-10-28T19:34:25.267+0000] {processor.py:925} INFO - DAG(s) 'nba_data_pipeline' retrieved from /opt/airflow/dags/nba_data_pipeline.py
[2024-10-28T19:34:25.300+0000] {logging_mixin.py:190} INFO - [2024-10-28T19:34:25.300+0000] {dag.py:3229} INFO - Sync 1 DAGs
[2024-10-28T19:34:25.329+0000] {logging_mixin.py:190} INFO - [2024-10-28T19:34:25.329+0000] {dag.py:4156} INFO - Setting next_dagrun for nba_data_pipeline to 2024-10-28 00:00:00+00:00, run_after=2024-10-29 00:00:00+00:00
[2024-10-28T19:34:25.350+0000] {processor.py:208} INFO - Processing /opt/airflow/dags/nba_data_pipeline.py took 0.110 seconds
[2024-10-28T19:34:55.525+0000] {processor.py:186} INFO - Started process (PID=225) to work on /opt/airflow/dags/nba_data_pipeline.py
[2024-10-28T19:34:55.526+0000] {processor.py:914} INFO - Processing file /opt/airflow/dags/nba_data_pipeline.py for tasks to queue
[2024-10-28T19:34:55.529+0000] {logging_mixin.py:190} INFO - [2024-10-28T19:34:55.529+0000] {dagbag.py:587} INFO - Filling up the DagBag from /opt/airflow/dags/nba_data_pipeline.py
[2024-10-28T19:34:55.542+0000] {processor.py:925} INFO - DAG(s) 'nba_data_pipeline' retrieved from /opt/airflow/dags/nba_data_pipeline.py
[2024-10-28T19:34:55.575+0000] {logging_mixin.py:190} INFO - [2024-10-28T19:34:55.575+0000] {dag.py:3229} INFO - Sync 1 DAGs
[2024-10-28T19:34:55.604+0000] {logging_mixin.py:190} INFO - [2024-10-28T19:34:55.604+0000] {dag.py:4156} INFO - Setting next_dagrun for nba_data_pipeline to 2024-10-28 00:00:00+00:00, run_after=2024-10-29 00:00:00+00:00
[2024-10-28T19:34:55.626+0000] {processor.py:208} INFO - Processing /opt/airflow/dags/nba_data_pipeline.py took 0.111 seconds
[2024-10-28T19:35:25.878+0000] {processor.py:186} INFO - Started process (PID=230) to work on /opt/airflow/dags/nba_data_pipeline.py
[2024-10-28T19:35:25.879+0000] {processor.py:914} INFO - Processing file /opt/airflow/dags/nba_data_pipeline.py for tasks to queue
[2024-10-28T19:35:25.882+0000] {logging_mixin.py:190} INFO - [2024-10-28T19:35:25.882+0000] {dagbag.py:587} INFO - Filling up the DagBag from /opt/airflow/dags/nba_data_pipeline.py
[2024-10-28T19:35:25.895+0000] {processor.py:925} INFO - DAG(s) 'nba_data_pipeline' retrieved from /opt/airflow/dags/nba_data_pipeline.py
[2024-10-28T19:35:25.930+0000] {logging_mixin.py:190} INFO - [2024-10-28T19:35:25.930+0000] {dag.py:3229} INFO - Sync 1 DAGs
[2024-10-28T19:35:25.960+0000] {logging_mixin.py:190} INFO - [2024-10-28T19:35:25.960+0000] {dag.py:4156} INFO - Setting next_dagrun for nba_data_pipeline to 2024-10-28 00:00:00+00:00, run_after=2024-10-29 00:00:00+00:00
[2024-10-28T19:35:25.981+0000] {processor.py:208} INFO - Processing /opt/airflow/dags/nba_data_pipeline.py took 0.114 seconds
[2024-10-28T19:47:50.891+0000] {processor.py:186} INFO - Started process (PID=190) to work on /opt/airflow/dags/nba_data_pipeline.py
[2024-10-28T19:47:50.892+0000] {processor.py:914} INFO - Processing file /opt/airflow/dags/nba_data_pipeline.py for tasks to queue
[2024-10-28T19:47:50.895+0000] {logging_mixin.py:190} INFO - [2024-10-28T19:47:50.894+0000] {dagbag.py:587} INFO - Filling up the DagBag from /opt/airflow/dags/nba_data_pipeline.py
[2024-10-28T19:47:50.913+0000] {processor.py:925} INFO - DAG(s) 'nba_data_pipeline' retrieved from /opt/airflow/dags/nba_data_pipeline.py
[2024-10-28T19:47:51.185+0000] {logging_mixin.py:190} INFO - [2024-10-28T19:47:51.184+0000] {override.py:1900} INFO - Created Permission View: can delete on DAG:nba_data_pipeline
[2024-10-28T19:47:51.195+0000] {logging_mixin.py:190} INFO - [2024-10-28T19:47:51.195+0000] {override.py:1900} INFO - Created Permission View: can read on DAG:nba_data_pipeline
[2024-10-28T19:47:51.203+0000] {logging_mixin.py:190} INFO - [2024-10-28T19:47:51.202+0000] {override.py:1900} INFO - Created Permission View: can edit on DAG:nba_data_pipeline
[2024-10-28T19:47:51.210+0000] {logging_mixin.py:190} INFO - [2024-10-28T19:47:51.209+0000] {override.py:1900} INFO - Created Permission View: can delete on DAG Run:nba_data_pipeline
[2024-10-28T19:47:51.216+0000] {logging_mixin.py:190} INFO - [2024-10-28T19:47:51.216+0000] {override.py:1900} INFO - Created Permission View: can read on DAG Run:nba_data_pipeline
[2024-10-28T19:47:51.222+0000] {logging_mixin.py:190} INFO - [2024-10-28T19:47:51.222+0000] {override.py:1900} INFO - Created Permission View: can create on DAG Run:nba_data_pipeline
[2024-10-28T19:47:51.228+0000] {logging_mixin.py:190} INFO - [2024-10-28T19:47:51.228+0000] {override.py:1900} INFO - Created Permission View: menu access on DAG Run:nba_data_pipeline
[2024-10-28T19:47:51.229+0000] {logging_mixin.py:190} INFO - [2024-10-28T19:47:51.229+0000] {dag.py:3229} INFO - Sync 1 DAGs
[2024-10-28T19:47:51.243+0000] {logging_mixin.py:190} INFO - [2024-10-28T19:47:51.243+0000] {dag.py:3252} INFO - Creating ORM DAG for nba_data_pipeline
[2024-10-28T19:47:51.254+0000] {logging_mixin.py:190} INFO - [2024-10-28T19:47:51.254+0000] {dag.py:4156} INFO - Setting next_dagrun for nba_data_pipeline to 2024-10-27 00:00:00+00:00, run_after=2024-10-28 00:00:00+00:00
[2024-10-28T19:47:51.277+0000] {processor.py:208} INFO - Processing /opt/airflow/dags/nba_data_pipeline.py took 0.394 seconds
[2024-10-28T19:48:21.537+0000] {processor.py:186} INFO - Started process (PID=195) to work on /opt/airflow/dags/nba_data_pipeline.py
[2024-10-28T19:48:21.539+0000] {processor.py:914} INFO - Processing file /opt/airflow/dags/nba_data_pipeline.py for tasks to queue
[2024-10-28T19:48:21.542+0000] {logging_mixin.py:190} INFO - [2024-10-28T19:48:21.542+0000] {dagbag.py:587} INFO - Filling up the DagBag from /opt/airflow/dags/nba_data_pipeline.py
[2024-10-28T19:48:21.555+0000] {processor.py:925} INFO - DAG(s) 'nba_data_pipeline' retrieved from /opt/airflow/dags/nba_data_pipeline.py
[2024-10-28T19:48:21.593+0000] {logging_mixin.py:190} INFO - [2024-10-28T19:48:21.593+0000] {dag.py:3229} INFO - Sync 1 DAGs
[2024-10-28T19:48:21.627+0000] {logging_mixin.py:190} INFO - [2024-10-28T19:48:21.627+0000] {dag.py:4156} INFO - Setting next_dagrun for nba_data_pipeline to 2024-10-27 00:00:00+00:00, run_after=2024-10-28 00:00:00+00:00
[2024-10-28T19:48:21.652+0000] {processor.py:208} INFO - Processing /opt/airflow/dags/nba_data_pipeline.py took 0.125 seconds
[2024-10-28T19:48:51.767+0000] {processor.py:186} INFO - Started process (PID=200) to work on /opt/airflow/dags/nba_data_pipeline.py
[2024-10-28T19:48:51.768+0000] {processor.py:914} INFO - Processing file /opt/airflow/dags/nba_data_pipeline.py for tasks to queue
[2024-10-28T19:48:51.771+0000] {logging_mixin.py:190} INFO - [2024-10-28T19:48:51.771+0000] {dagbag.py:587} INFO - Filling up the DagBag from /opt/airflow/dags/nba_data_pipeline.py
[2024-10-28T19:48:51.783+0000] {processor.py:925} INFO - DAG(s) 'nba_data_pipeline' retrieved from /opt/airflow/dags/nba_data_pipeline.py
[2024-10-28T19:48:51.816+0000] {logging_mixin.py:190} INFO - [2024-10-28T19:48:51.815+0000] {dag.py:3229} INFO - Sync 1 DAGs
[2024-10-28T19:48:51.843+0000] {logging_mixin.py:190} INFO - [2024-10-28T19:48:51.843+0000] {dag.py:4156} INFO - Setting next_dagrun for nba_data_pipeline to 2024-10-27 00:00:00+00:00, run_after=2024-10-28 00:00:00+00:00
[2024-10-28T19:48:51.866+0000] {processor.py:208} INFO - Processing /opt/airflow/dags/nba_data_pipeline.py took 0.109 seconds
[2024-10-28T19:49:22.110+0000] {processor.py:186} INFO - Started process (PID=205) to work on /opt/airflow/dags/nba_data_pipeline.py
[2024-10-28T19:49:22.111+0000] {processor.py:914} INFO - Processing file /opt/airflow/dags/nba_data_pipeline.py for tasks to queue
[2024-10-28T19:49:22.113+0000] {logging_mixin.py:190} INFO - [2024-10-28T19:49:22.113+0000] {dagbag.py:587} INFO - Filling up the DagBag from /opt/airflow/dags/nba_data_pipeline.py
[2024-10-28T19:49:22.124+0000] {processor.py:925} INFO - DAG(s) 'nba_data_pipeline' retrieved from /opt/airflow/dags/nba_data_pipeline.py
[2024-10-28T19:49:22.155+0000] {logging_mixin.py:190} INFO - [2024-10-28T19:49:22.155+0000] {dag.py:3229} INFO - Sync 1 DAGs
[2024-10-28T19:49:22.186+0000] {logging_mixin.py:190} INFO - [2024-10-28T19:49:22.185+0000] {dag.py:4156} INFO - Setting next_dagrun for nba_data_pipeline to 2024-10-27 00:00:00+00:00, run_after=2024-10-28 00:00:00+00:00
[2024-10-28T19:49:22.206+0000] {processor.py:208} INFO - Processing /opt/airflow/dags/nba_data_pipeline.py took 0.105 seconds
[2024-10-28T19:49:52.354+0000] {processor.py:186} INFO - Started process (PID=210) to work on /opt/airflow/dags/nba_data_pipeline.py
[2024-10-28T19:49:52.355+0000] {processor.py:914} INFO - Processing file /opt/airflow/dags/nba_data_pipeline.py for tasks to queue
[2024-10-28T19:49:52.358+0000] {logging_mixin.py:190} INFO - [2024-10-28T19:49:52.357+0000] {dagbag.py:587} INFO - Filling up the DagBag from /opt/airflow/dags/nba_data_pipeline.py
[2024-10-28T19:49:52.367+0000] {processor.py:925} INFO - DAG(s) 'nba_data_pipeline' retrieved from /opt/airflow/dags/nba_data_pipeline.py
[2024-10-28T19:49:52.394+0000] {logging_mixin.py:190} INFO - [2024-10-28T19:49:52.394+0000] {dag.py:3229} INFO - Sync 1 DAGs
[2024-10-28T19:49:52.419+0000] {logging_mixin.py:190} INFO - [2024-10-28T19:49:52.419+0000] {dag.py:4156} INFO - Setting next_dagrun for nba_data_pipeline to 2024-10-27 00:00:00+00:00, run_after=2024-10-28 00:00:00+00:00
[2024-10-28T19:49:52.436+0000] {processor.py:208} INFO - Processing /opt/airflow/dags/nba_data_pipeline.py took 0.089 seconds
[2024-10-28T19:50:22.664+0000] {processor.py:186} INFO - Started process (PID=218) to work on /opt/airflow/dags/nba_data_pipeline.py
[2024-10-28T19:50:22.665+0000] {processor.py:914} INFO - Processing file /opt/airflow/dags/nba_data_pipeline.py for tasks to queue
[2024-10-28T19:50:22.669+0000] {logging_mixin.py:190} INFO - [2024-10-28T19:50:22.668+0000] {dagbag.py:587} INFO - Filling up the DagBag from /opt/airflow/dags/nba_data_pipeline.py
[2024-10-28T19:50:22.680+0000] {processor.py:925} INFO - DAG(s) 'nba_data_pipeline' retrieved from /opt/airflow/dags/nba_data_pipeline.py
[2024-10-28T19:50:22.711+0000] {logging_mixin.py:190} INFO - [2024-10-28T19:50:22.710+0000] {dag.py:3229} INFO - Sync 1 DAGs
[2024-10-28T19:50:22.738+0000] {logging_mixin.py:190} INFO - [2024-10-28T19:50:22.738+0000] {dag.py:4156} INFO - Setting next_dagrun for nba_data_pipeline to 2024-10-28 00:00:00+00:00, run_after=2024-10-29 00:00:00+00:00
[2024-10-28T19:50:22.761+0000] {processor.py:208} INFO - Processing /opt/airflow/dags/nba_data_pipeline.py took 0.106 seconds
[2024-10-28T19:50:52.906+0000] {processor.py:186} INFO - Started process (PID=223) to work on /opt/airflow/dags/nba_data_pipeline.py
[2024-10-28T19:50:52.908+0000] {processor.py:914} INFO - Processing file /opt/airflow/dags/nba_data_pipeline.py for tasks to queue
[2024-10-28T19:50:52.910+0000] {logging_mixin.py:190} INFO - [2024-10-28T19:50:52.910+0000] {dagbag.py:587} INFO - Filling up the DagBag from /opt/airflow/dags/nba_data_pipeline.py
[2024-10-28T19:50:52.922+0000] {processor.py:925} INFO - DAG(s) 'nba_data_pipeline' retrieved from /opt/airflow/dags/nba_data_pipeline.py
[2024-10-28T19:50:52.957+0000] {logging_mixin.py:190} INFO - [2024-10-28T19:50:52.957+0000] {dag.py:3229} INFO - Sync 1 DAGs
[2024-10-28T19:50:52.989+0000] {logging_mixin.py:190} INFO - [2024-10-28T19:50:52.988+0000] {dag.py:4156} INFO - Setting next_dagrun for nba_data_pipeline to 2024-10-28 00:00:00+00:00, run_after=2024-10-29 00:00:00+00:00
[2024-10-28T19:50:53.010+0000] {processor.py:208} INFO - Processing /opt/airflow/dags/nba_data_pipeline.py took 0.113 seconds
[2024-10-28T19:51:23.225+0000] {processor.py:186} INFO - Started process (PID=231) to work on /opt/airflow/dags/nba_data_pipeline.py
[2024-10-28T19:51:23.226+0000] {processor.py:914} INFO - Processing file /opt/airflow/dags/nba_data_pipeline.py for tasks to queue
[2024-10-28T19:51:23.229+0000] {logging_mixin.py:190} INFO - [2024-10-28T19:51:23.229+0000] {dagbag.py:587} INFO - Filling up the DagBag from /opt/airflow/dags/nba_data_pipeline.py
[2024-10-28T19:51:23.241+0000] {processor.py:925} INFO - DAG(s) 'nba_data_pipeline' retrieved from /opt/airflow/dags/nba_data_pipeline.py
[2024-10-28T19:51:23.272+0000] {logging_mixin.py:190} INFO - [2024-10-28T19:51:23.272+0000] {dag.py:3229} INFO - Sync 1 DAGs
[2024-10-28T19:51:23.300+0000] {logging_mixin.py:190} INFO - [2024-10-28T19:51:23.300+0000] {dag.py:4156} INFO - Setting next_dagrun for nba_data_pipeline to 2024-10-28 00:00:00+00:00, run_after=2024-10-29 00:00:00+00:00
[2024-10-28T19:51:23.320+0000] {processor.py:208} INFO - Processing /opt/airflow/dags/nba_data_pipeline.py took 0.105 seconds
[2024-10-28T19:51:53.475+0000] {processor.py:186} INFO - Started process (PID=236) to work on /opt/airflow/dags/nba_data_pipeline.py
[2024-10-28T19:51:53.476+0000] {processor.py:914} INFO - Processing file /opt/airflow/dags/nba_data_pipeline.py for tasks to queue
[2024-10-28T19:51:53.479+0000] {logging_mixin.py:190} INFO - [2024-10-28T19:51:53.478+0000] {dagbag.py:587} INFO - Filling up the DagBag from /opt/airflow/dags/nba_data_pipeline.py
[2024-10-28T19:51:53.491+0000] {processor.py:925} INFO - DAG(s) 'nba_data_pipeline' retrieved from /opt/airflow/dags/nba_data_pipeline.py
[2024-10-28T19:51:53.522+0000] {logging_mixin.py:190} INFO - [2024-10-28T19:51:53.521+0000] {dag.py:3229} INFO - Sync 1 DAGs
[2024-10-28T19:51:53.551+0000] {logging_mixin.py:190} INFO - [2024-10-28T19:51:53.551+0000] {dag.py:4156} INFO - Setting next_dagrun for nba_data_pipeline to 2024-10-28 00:00:00+00:00, run_after=2024-10-29 00:00:00+00:00
[2024-10-28T19:51:53.715+0000] {processor.py:208} INFO - Processing /opt/airflow/dags/nba_data_pipeline.py took 0.248 seconds
[2024-10-28T19:52:23.794+0000] {processor.py:186} INFO - Started process (PID=241) to work on /opt/airflow/dags/nba_data_pipeline.py
[2024-10-28T19:52:23.794+0000] {processor.py:914} INFO - Processing file /opt/airflow/dags/nba_data_pipeline.py for tasks to queue
[2024-10-28T19:52:23.797+0000] {logging_mixin.py:190} INFO - [2024-10-28T19:52:23.797+0000] {dagbag.py:587} INFO - Filling up the DagBag from /opt/airflow/dags/nba_data_pipeline.py
[2024-10-28T19:52:23.810+0000] {processor.py:925} INFO - DAG(s) 'nba_data_pipeline' retrieved from /opt/airflow/dags/nba_data_pipeline.py
[2024-10-28T19:52:23.842+0000] {logging_mixin.py:190} INFO - [2024-10-28T19:52:23.841+0000] {dag.py:3229} INFO - Sync 1 DAGs
[2024-10-28T19:52:24.017+0000] {logging_mixin.py:190} INFO - [2024-10-28T19:52:24.017+0000] {dag.py:4156} INFO - Setting next_dagrun for nba_data_pipeline to 2024-10-28 00:00:00+00:00, run_after=2024-10-29 00:00:00+00:00
[2024-10-28T19:52:24.042+0000] {processor.py:208} INFO - Processing /opt/airflow/dags/nba_data_pipeline.py took 0.258 seconds
[2024-10-28T19:52:54.205+0000] {processor.py:186} INFO - Started process (PID=246) to work on /opt/airflow/dags/nba_data_pipeline.py
[2024-10-28T19:52:54.206+0000] {processor.py:914} INFO - Processing file /opt/airflow/dags/nba_data_pipeline.py for tasks to queue
[2024-10-28T19:52:54.210+0000] {logging_mixin.py:190} INFO - [2024-10-28T19:52:54.209+0000] {dagbag.py:587} INFO - Filling up the DagBag from /opt/airflow/dags/nba_data_pipeline.py
[2024-10-28T19:52:54.223+0000] {processor.py:925} INFO - DAG(s) 'nba_data_pipeline' retrieved from /opt/airflow/dags/nba_data_pipeline.py
[2024-10-28T19:52:54.257+0000] {logging_mixin.py:190} INFO - [2024-10-28T19:52:54.257+0000] {dag.py:3229} INFO - Sync 1 DAGs
[2024-10-28T19:52:54.442+0000] {logging_mixin.py:190} INFO - [2024-10-28T19:52:54.442+0000] {dag.py:4156} INFO - Setting next_dagrun for nba_data_pipeline to 2024-10-28 00:00:00+00:00, run_after=2024-10-29 00:00:00+00:00
[2024-10-28T19:52:54.469+0000] {processor.py:208} INFO - Processing /opt/airflow/dags/nba_data_pipeline.py took 0.275 seconds
[2024-10-28T20:00:30.412+0000] {processor.py:186} INFO - Started process (PID=190) to work on /opt/airflow/dags/nba_data_pipeline.py
[2024-10-28T20:00:30.413+0000] {processor.py:914} INFO - Processing file /opt/airflow/dags/nba_data_pipeline.py for tasks to queue
[2024-10-28T20:00:30.416+0000] {logging_mixin.py:190} INFO - [2024-10-28T20:00:30.415+0000] {dagbag.py:587} INFO - Filling up the DagBag from /opt/airflow/dags/nba_data_pipeline.py
[2024-10-28T20:00:30.437+0000] {processor.py:925} INFO - DAG(s) 'nba_data_pipeline' retrieved from /opt/airflow/dags/nba_data_pipeline.py
[2024-10-28T20:00:30.705+0000] {logging_mixin.py:190} INFO - [2024-10-28T20:00:30.704+0000] {override.py:1900} INFO - Created Permission View: can delete on DAG:nba_data_pipeline
[2024-10-28T20:00:30.717+0000] {logging_mixin.py:190} INFO - [2024-10-28T20:00:30.716+0000] {override.py:1900} INFO - Created Permission View: can edit on DAG:nba_data_pipeline
[2024-10-28T20:00:30.724+0000] {logging_mixin.py:190} INFO - [2024-10-28T20:00:30.724+0000] {override.py:1900} INFO - Created Permission View: can read on DAG:nba_data_pipeline
[2024-10-28T20:00:30.732+0000] {logging_mixin.py:190} INFO - [2024-10-28T20:00:30.732+0000] {override.py:1900} INFO - Created Permission View: can delete on DAG Run:nba_data_pipeline
[2024-10-28T20:00:30.739+0000] {logging_mixin.py:190} INFO - [2024-10-28T20:00:30.739+0000] {override.py:1900} INFO - Created Permission View: menu access on DAG Run:nba_data_pipeline
[2024-10-28T20:00:30.746+0000] {logging_mixin.py:190} INFO - [2024-10-28T20:00:30.745+0000] {override.py:1900} INFO - Created Permission View: can create on DAG Run:nba_data_pipeline
[2024-10-28T20:00:30.752+0000] {logging_mixin.py:190} INFO - [2024-10-28T20:00:30.752+0000] {override.py:1900} INFO - Created Permission View: can read on DAG Run:nba_data_pipeline
[2024-10-28T20:00:30.753+0000] {logging_mixin.py:190} INFO - [2024-10-28T20:00:30.752+0000] {dag.py:3229} INFO - Sync 1 DAGs
[2024-10-28T20:00:30.767+0000] {logging_mixin.py:190} INFO - [2024-10-28T20:00:30.767+0000] {dag.py:3252} INFO - Creating ORM DAG for nba_data_pipeline
[2024-10-28T20:00:30.777+0000] {logging_mixin.py:190} INFO - [2024-10-28T20:00:30.777+0000] {dag.py:4156} INFO - Setting next_dagrun for nba_data_pipeline to 2024-10-27 00:00:00+00:00, run_after=2024-10-28 00:00:00+00:00
[2024-10-28T20:00:30.799+0000] {processor.py:208} INFO - Processing /opt/airflow/dags/nba_data_pipeline.py took 0.397 seconds
[2024-10-28T20:01:01.021+0000] {processor.py:186} INFO - Started process (PID=195) to work on /opt/airflow/dags/nba_data_pipeline.py
[2024-10-28T20:01:01.022+0000] {processor.py:914} INFO - Processing file /opt/airflow/dags/nba_data_pipeline.py for tasks to queue
[2024-10-28T20:01:01.024+0000] {logging_mixin.py:190} INFO - [2024-10-28T20:01:01.024+0000] {dagbag.py:587} INFO - Filling up the DagBag from /opt/airflow/dags/nba_data_pipeline.py
[2024-10-28T20:01:01.037+0000] {processor.py:925} INFO - DAG(s) 'nba_data_pipeline' retrieved from /opt/airflow/dags/nba_data_pipeline.py
[2024-10-28T20:01:01.098+0000] {logging_mixin.py:190} INFO - [2024-10-28T20:01:01.097+0000] {dag.py:3229} INFO - Sync 1 DAGs
[2024-10-28T20:01:01.142+0000] {logging_mixin.py:190} INFO - [2024-10-28T20:01:01.141+0000] {dag.py:4156} INFO - Setting next_dagrun for nba_data_pipeline to 2024-10-27 00:00:00+00:00, run_after=2024-10-28 00:00:00+00:00
[2024-10-28T20:01:01.175+0000] {processor.py:208} INFO - Processing /opt/airflow/dags/nba_data_pipeline.py took 0.162 seconds
[2024-10-28T20:01:31.298+0000] {processor.py:186} INFO - Started process (PID=200) to work on /opt/airflow/dags/nba_data_pipeline.py
[2024-10-28T20:01:31.299+0000] {processor.py:914} INFO - Processing file /opt/airflow/dags/nba_data_pipeline.py for tasks to queue
[2024-10-28T20:01:31.302+0000] {logging_mixin.py:190} INFO - [2024-10-28T20:01:31.302+0000] {dagbag.py:587} INFO - Filling up the DagBag from /opt/airflow/dags/nba_data_pipeline.py
[2024-10-28T20:01:31.314+0000] {processor.py:925} INFO - DAG(s) 'nba_data_pipeline' retrieved from /opt/airflow/dags/nba_data_pipeline.py
[2024-10-28T20:01:31.345+0000] {logging_mixin.py:190} INFO - [2024-10-28T20:01:31.345+0000] {dag.py:3229} INFO - Sync 1 DAGs
[2024-10-28T20:01:31.372+0000] {logging_mixin.py:190} INFO - [2024-10-28T20:01:31.372+0000] {dag.py:4156} INFO - Setting next_dagrun for nba_data_pipeline to 2024-10-27 00:00:00+00:00, run_after=2024-10-28 00:00:00+00:00
[2024-10-28T20:01:31.393+0000] {processor.py:208} INFO - Processing /opt/airflow/dags/nba_data_pipeline.py took 0.104 seconds
[2024-10-28T20:02:01.611+0000] {processor.py:186} INFO - Started process (PID=205) to work on /opt/airflow/dags/nba_data_pipeline.py
[2024-10-28T20:02:01.612+0000] {processor.py:914} INFO - Processing file /opt/airflow/dags/nba_data_pipeline.py for tasks to queue
[2024-10-28T20:02:01.615+0000] {logging_mixin.py:190} INFO - [2024-10-28T20:02:01.614+0000] {dagbag.py:587} INFO - Filling up the DagBag from /opt/airflow/dags/nba_data_pipeline.py
[2024-10-28T20:02:01.626+0000] {processor.py:925} INFO - DAG(s) 'nba_data_pipeline' retrieved from /opt/airflow/dags/nba_data_pipeline.py
[2024-10-28T20:02:01.657+0000] {logging_mixin.py:190} INFO - [2024-10-28T20:02:01.656+0000] {dag.py:3229} INFO - Sync 1 DAGs
[2024-10-28T20:02:01.687+0000] {logging_mixin.py:190} INFO - [2024-10-28T20:02:01.687+0000] {dag.py:4156} INFO - Setting next_dagrun for nba_data_pipeline to 2024-10-27 00:00:00+00:00, run_after=2024-10-28 00:00:00+00:00
[2024-10-28T20:02:01.710+0000] {processor.py:208} INFO - Processing /opt/airflow/dags/nba_data_pipeline.py took 0.108 seconds
[2024-10-28T20:02:31.822+0000] {processor.py:186} INFO - Started process (PID=213) to work on /opt/airflow/dags/nba_data_pipeline.py
[2024-10-28T20:02:31.823+0000] {processor.py:914} INFO - Processing file /opt/airflow/dags/nba_data_pipeline.py for tasks to queue
[2024-10-28T20:02:31.826+0000] {logging_mixin.py:190} INFO - [2024-10-28T20:02:31.826+0000] {dagbag.py:587} INFO - Filling up the DagBag from /opt/airflow/dags/nba_data_pipeline.py
[2024-10-28T20:02:31.838+0000] {processor.py:925} INFO - DAG(s) 'nba_data_pipeline' retrieved from /opt/airflow/dags/nba_data_pipeline.py
[2024-10-28T20:02:31.870+0000] {logging_mixin.py:190} INFO - [2024-10-28T20:02:31.870+0000] {dag.py:3229} INFO - Sync 1 DAGs
[2024-10-28T20:02:31.900+0000] {logging_mixin.py:190} INFO - [2024-10-28T20:02:31.900+0000] {dag.py:4156} INFO - Setting next_dagrun for nba_data_pipeline to 2024-10-28 00:00:00+00:00, run_after=2024-10-29 00:00:00+00:00
[2024-10-28T20:02:31.922+0000] {processor.py:208} INFO - Processing /opt/airflow/dags/nba_data_pipeline.py took 0.108 seconds
[2024-10-28T20:03:02.138+0000] {processor.py:186} INFO - Started process (PID=218) to work on /opt/airflow/dags/nba_data_pipeline.py
[2024-10-28T20:03:02.139+0000] {processor.py:914} INFO - Processing file /opt/airflow/dags/nba_data_pipeline.py for tasks to queue
[2024-10-28T20:03:02.143+0000] {logging_mixin.py:190} INFO - [2024-10-28T20:03:02.142+0000] {dagbag.py:587} INFO - Filling up the DagBag from /opt/airflow/dags/nba_data_pipeline.py
[2024-10-28T20:03:02.175+0000] {processor.py:925} INFO - DAG(s) 'nba_data_pipeline' retrieved from /opt/airflow/dags/nba_data_pipeline.py
[2024-10-28T20:03:02.212+0000] {logging_mixin.py:190} INFO - [2024-10-28T20:03:02.212+0000] {dag.py:3229} INFO - Sync 1 DAGs
[2024-10-28T20:03:02.246+0000] {logging_mixin.py:190} INFO - [2024-10-28T20:03:02.245+0000] {dag.py:4156} INFO - Setting next_dagrun for nba_data_pipeline to 2024-10-28 00:00:00+00:00, run_after=2024-10-29 00:00:00+00:00
[2024-10-28T20:03:02.274+0000] {processor.py:208} INFO - Processing /opt/airflow/dags/nba_data_pipeline.py took 0.147 seconds
[2024-10-28T20:03:32.369+0000] {processor.py:186} INFO - Started process (PID=223) to work on /opt/airflow/dags/nba_data_pipeline.py
[2024-10-28T20:03:32.371+0000] {processor.py:914} INFO - Processing file /opt/airflow/dags/nba_data_pipeline.py for tasks to queue
[2024-10-28T20:03:32.374+0000] {logging_mixin.py:190} INFO - [2024-10-28T20:03:32.373+0000] {dagbag.py:587} INFO - Filling up the DagBag from /opt/airflow/dags/nba_data_pipeline.py
[2024-10-28T20:03:32.386+0000] {processor.py:925} INFO - DAG(s) 'nba_data_pipeline' retrieved from /opt/airflow/dags/nba_data_pipeline.py
[2024-10-28T20:03:32.419+0000] {logging_mixin.py:190} INFO - [2024-10-28T20:03:32.418+0000] {dag.py:3229} INFO - Sync 1 DAGs
[2024-10-28T20:03:32.448+0000] {logging_mixin.py:190} INFO - [2024-10-28T20:03:32.448+0000] {dag.py:4156} INFO - Setting next_dagrun for nba_data_pipeline to 2024-10-28 00:00:00+00:00, run_after=2024-10-29 00:00:00+00:00
[2024-10-28T20:03:32.470+0000] {processor.py:208} INFO - Processing /opt/airflow/dags/nba_data_pipeline.py took 0.111 seconds
[2024-10-28T20:04:02.597+0000] {processor.py:186} INFO - Started process (PID=231) to work on /opt/airflow/dags/nba_data_pipeline.py
[2024-10-28T20:04:02.598+0000] {processor.py:914} INFO - Processing file /opt/airflow/dags/nba_data_pipeline.py for tasks to queue
[2024-10-28T20:04:02.601+0000] {logging_mixin.py:190} INFO - [2024-10-28T20:04:02.600+0000] {dagbag.py:587} INFO - Filling up the DagBag from /opt/airflow/dags/nba_data_pipeline.py
[2024-10-28T20:04:02.614+0000] {processor.py:925} INFO - DAG(s) 'nba_data_pipeline' retrieved from /opt/airflow/dags/nba_data_pipeline.py
[2024-10-28T20:04:02.648+0000] {logging_mixin.py:190} INFO - [2024-10-28T20:04:02.648+0000] {dag.py:3229} INFO - Sync 1 DAGs
[2024-10-28T20:04:02.678+0000] {logging_mixin.py:190} INFO - [2024-10-28T20:04:02.678+0000] {dag.py:4156} INFO - Setting next_dagrun for nba_data_pipeline to 2024-10-28 00:00:00+00:00, run_after=2024-10-29 00:00:00+00:00
[2024-10-28T20:04:02.700+0000] {processor.py:208} INFO - Processing /opt/airflow/dags/nba_data_pipeline.py took 0.113 seconds
[2024-10-28T20:04:32.956+0000] {processor.py:186} INFO - Started process (PID=236) to work on /opt/airflow/dags/nba_data_pipeline.py
[2024-10-28T20:04:32.957+0000] {processor.py:914} INFO - Processing file /opt/airflow/dags/nba_data_pipeline.py for tasks to queue
[2024-10-28T20:04:32.960+0000] {logging_mixin.py:190} INFO - [2024-10-28T20:04:32.960+0000] {dagbag.py:587} INFO - Filling up the DagBag from /opt/airflow/dags/nba_data_pipeline.py
[2024-10-28T20:04:32.973+0000] {processor.py:925} INFO - DAG(s) 'nba_data_pipeline' retrieved from /opt/airflow/dags/nba_data_pipeline.py
[2024-10-28T20:04:33.007+0000] {logging_mixin.py:190} INFO - [2024-10-28T20:04:33.007+0000] {dag.py:3229} INFO - Sync 1 DAGs
[2024-10-28T20:04:33.041+0000] {logging_mixin.py:190} INFO - [2024-10-28T20:04:33.041+0000] {dag.py:4156} INFO - Setting next_dagrun for nba_data_pipeline to 2024-10-28 00:00:00+00:00, run_after=2024-10-29 00:00:00+00:00
[2024-10-28T20:04:33.218+0000] {processor.py:208} INFO - Processing /opt/airflow/dags/nba_data_pipeline.py took 0.274 seconds
[2024-10-28T20:05:03.508+0000] {processor.py:186} INFO - Started process (PID=241) to work on /opt/airflow/dags/nba_data_pipeline.py
[2024-10-28T20:05:03.509+0000] {processor.py:914} INFO - Processing file /opt/airflow/dags/nba_data_pipeline.py for tasks to queue
[2024-10-28T20:05:03.513+0000] {logging_mixin.py:190} INFO - [2024-10-28T20:05:03.512+0000] {dagbag.py:587} INFO - Filling up the DagBag from /opt/airflow/dags/nba_data_pipeline.py
[2024-10-28T20:05:03.526+0000] {processor.py:925} INFO - DAG(s) 'nba_data_pipeline' retrieved from /opt/airflow/dags/nba_data_pipeline.py
[2024-10-28T20:05:03.563+0000] {logging_mixin.py:190} INFO - [2024-10-28T20:05:03.562+0000] {dag.py:3229} INFO - Sync 1 DAGs
[2024-10-28T20:05:03.757+0000] {logging_mixin.py:190} INFO - [2024-10-28T20:05:03.757+0000] {dag.py:4156} INFO - Setting next_dagrun for nba_data_pipeline to 2024-10-28 00:00:00+00:00, run_after=2024-10-29 00:00:00+00:00
[2024-10-28T20:05:03.781+0000] {processor.py:208} INFO - Processing /opt/airflow/dags/nba_data_pipeline.py took 0.283 seconds
[2024-10-28T20:05:34.026+0000] {processor.py:186} INFO - Started process (PID=246) to work on /opt/airflow/dags/nba_data_pipeline.py
[2024-10-28T20:05:34.027+0000] {processor.py:914} INFO - Processing file /opt/airflow/dags/nba_data_pipeline.py for tasks to queue
[2024-10-28T20:05:34.031+0000] {logging_mixin.py:190} INFO - [2024-10-28T20:05:34.030+0000] {dagbag.py:587} INFO - Filling up the DagBag from /opt/airflow/dags/nba_data_pipeline.py
[2024-10-28T20:05:34.044+0000] {processor.py:925} INFO - DAG(s) 'nba_data_pipeline' retrieved from /opt/airflow/dags/nba_data_pipeline.py
[2024-10-28T20:05:34.083+0000] {logging_mixin.py:190} INFO - [2024-10-28T20:05:34.083+0000] {dag.py:3229} INFO - Sync 1 DAGs
[2024-10-28T20:05:34.288+0000] {logging_mixin.py:190} INFO - [2024-10-28T20:05:34.288+0000] {dag.py:4156} INFO - Setting next_dagrun for nba_data_pipeline to 2024-10-28 00:00:00+00:00, run_after=2024-10-29 00:00:00+00:00
[2024-10-28T20:05:34.311+0000] {processor.py:208} INFO - Processing /opt/airflow/dags/nba_data_pipeline.py took 0.295 seconds
[2024-10-28T20:06:04.596+0000] {processor.py:186} INFO - Started process (PID=252) to work on /opt/airflow/dags/nba_data_pipeline.py
[2024-10-28T20:06:04.597+0000] {processor.py:914} INFO - Processing file /opt/airflow/dags/nba_data_pipeline.py for tasks to queue
[2024-10-28T20:06:04.601+0000] {logging_mixin.py:190} INFO - [2024-10-28T20:06:04.600+0000] {dagbag.py:587} INFO - Filling up the DagBag from /opt/airflow/dags/nba_data_pipeline.py
[2024-10-28T20:06:04.616+0000] {processor.py:925} INFO - DAG(s) 'nba_data_pipeline' retrieved from /opt/airflow/dags/nba_data_pipeline.py
[2024-10-28T20:06:04.857+0000] {logging_mixin.py:190} INFO - [2024-10-28T20:06:04.857+0000] {dag.py:3229} INFO - Sync 1 DAGs
[2024-10-28T20:06:04.887+0000] {logging_mixin.py:190} INFO - [2024-10-28T20:06:04.887+0000] {dag.py:4156} INFO - Setting next_dagrun for nba_data_pipeline to 2024-10-28 00:00:00+00:00, run_after=2024-10-29 00:00:00+00:00
[2024-10-28T20:06:04.914+0000] {processor.py:208} INFO - Processing /opt/airflow/dags/nba_data_pipeline.py took 0.328 seconds
[2024-10-28T20:06:35.241+0000] {processor.py:186} INFO - Started process (PID=259) to work on /opt/airflow/dags/nba_data_pipeline.py
[2024-10-28T20:06:35.242+0000] {processor.py:914} INFO - Processing file /opt/airflow/dags/nba_data_pipeline.py for tasks to queue
[2024-10-28T20:06:35.245+0000] {logging_mixin.py:190} INFO - [2024-10-28T20:06:35.245+0000] {dagbag.py:587} INFO - Filling up the DagBag from /opt/airflow/dags/nba_data_pipeline.py
[2024-10-28T20:06:35.260+0000] {processor.py:925} INFO - DAG(s) 'nba_data_pipeline' retrieved from /opt/airflow/dags/nba_data_pipeline.py
[2024-10-28T20:06:35.299+0000] {logging_mixin.py:190} INFO - [2024-10-28T20:06:35.299+0000] {dag.py:3229} INFO - Sync 1 DAGs
[2024-10-28T20:06:35.333+0000] {logging_mixin.py:190} INFO - [2024-10-28T20:06:35.333+0000] {dag.py:4156} INFO - Setting next_dagrun for nba_data_pipeline to 2024-10-28 00:00:00+00:00, run_after=2024-10-29 00:00:00+00:00
[2024-10-28T20:06:35.357+0000] {processor.py:208} INFO - Processing /opt/airflow/dags/nba_data_pipeline.py took 0.135 seconds
[2024-10-28T20:07:05.483+0000] {processor.py:186} INFO - Started process (PID=264) to work on /opt/airflow/dags/nba_data_pipeline.py
[2024-10-28T20:07:05.483+0000] {processor.py:914} INFO - Processing file /opt/airflow/dags/nba_data_pipeline.py for tasks to queue
[2024-10-28T20:07:05.486+0000] {logging_mixin.py:190} INFO - [2024-10-28T20:07:05.486+0000] {dagbag.py:587} INFO - Filling up the DagBag from /opt/airflow/dags/nba_data_pipeline.py
[2024-10-28T20:07:05.498+0000] {processor.py:925} INFO - DAG(s) 'nba_data_pipeline' retrieved from /opt/airflow/dags/nba_data_pipeline.py
[2024-10-28T20:07:05.531+0000] {logging_mixin.py:190} INFO - [2024-10-28T20:07:05.530+0000] {dag.py:3229} INFO - Sync 1 DAGs
[2024-10-28T20:07:05.560+0000] {logging_mixin.py:190} INFO - [2024-10-28T20:07:05.559+0000] {dag.py:4156} INFO - Setting next_dagrun for nba_data_pipeline to 2024-10-28 00:00:00+00:00, run_after=2024-10-29 00:00:00+00:00
[2024-10-28T20:07:05.582+0000] {processor.py:208} INFO - Processing /opt/airflow/dags/nba_data_pipeline.py took 0.110 seconds
[2024-10-28T20:07:35.842+0000] {processor.py:186} INFO - Started process (PID=272) to work on /opt/airflow/dags/nba_data_pipeline.py
[2024-10-28T20:07:35.843+0000] {processor.py:914} INFO - Processing file /opt/airflow/dags/nba_data_pipeline.py for tasks to queue
[2024-10-28T20:07:35.846+0000] {logging_mixin.py:190} INFO - [2024-10-28T20:07:35.846+0000] {dagbag.py:587} INFO - Filling up the DagBag from /opt/airflow/dags/nba_data_pipeline.py
[2024-10-28T20:07:35.859+0000] {processor.py:925} INFO - DAG(s) 'nba_data_pipeline' retrieved from /opt/airflow/dags/nba_data_pipeline.py
[2024-10-28T20:07:35.891+0000] {logging_mixin.py:190} INFO - [2024-10-28T20:07:35.891+0000] {dag.py:3229} INFO - Sync 1 DAGs
[2024-10-28T20:07:36.073+0000] {logging_mixin.py:190} INFO - [2024-10-28T20:07:36.073+0000] {dag.py:4156} INFO - Setting next_dagrun for nba_data_pipeline to 2024-10-28 00:00:00+00:00, run_after=2024-10-29 00:00:00+00:00
[2024-10-28T20:07:36.096+0000] {processor.py:208} INFO - Processing /opt/airflow/dags/nba_data_pipeline.py took 0.264 seconds
[2024-10-28T20:08:06.144+0000] {processor.py:186} INFO - Started process (PID=277) to work on /opt/airflow/dags/nba_data_pipeline.py
[2024-10-28T20:08:06.145+0000] {processor.py:914} INFO - Processing file /opt/airflow/dags/nba_data_pipeline.py for tasks to queue
[2024-10-28T20:08:06.148+0000] {logging_mixin.py:190} INFO - [2024-10-28T20:08:06.148+0000] {dagbag.py:587} INFO - Filling up the DagBag from /opt/airflow/dags/nba_data_pipeline.py
[2024-10-28T20:08:06.161+0000] {processor.py:925} INFO - DAG(s) 'nba_data_pipeline' retrieved from /opt/airflow/dags/nba_data_pipeline.py
[2024-10-28T20:08:06.195+0000] {logging_mixin.py:190} INFO - [2024-10-28T20:08:06.194+0000] {dag.py:3229} INFO - Sync 1 DAGs
[2024-10-28T20:08:06.376+0000] {logging_mixin.py:190} INFO - [2024-10-28T20:08:06.376+0000] {dag.py:4156} INFO - Setting next_dagrun for nba_data_pipeline to 2024-10-28 00:00:00+00:00, run_after=2024-10-29 00:00:00+00:00
[2024-10-28T20:08:06.398+0000] {processor.py:208} INFO - Processing /opt/airflow/dags/nba_data_pipeline.py took 0.264 seconds
[2024-10-28T20:08:36.653+0000] {processor.py:186} INFO - Started process (PID=282) to work on /opt/airflow/dags/nba_data_pipeline.py
[2024-10-28T20:08:36.654+0000] {processor.py:914} INFO - Processing file /opt/airflow/dags/nba_data_pipeline.py for tasks to queue
[2024-10-28T20:08:36.657+0000] {logging_mixin.py:190} INFO - [2024-10-28T20:08:36.657+0000] {dagbag.py:587} INFO - Filling up the DagBag from /opt/airflow/dags/nba_data_pipeline.py
[2024-10-28T20:08:36.670+0000] {processor.py:925} INFO - DAG(s) 'nba_data_pipeline' retrieved from /opt/airflow/dags/nba_data_pipeline.py
[2024-10-28T20:08:36.856+0000] {logging_mixin.py:190} INFO - [2024-10-28T20:08:36.855+0000] {dag.py:3229} INFO - Sync 1 DAGs
[2024-10-28T20:08:36.885+0000] {logging_mixin.py:190} INFO - [2024-10-28T20:08:36.885+0000] {dag.py:4156} INFO - Setting next_dagrun for nba_data_pipeline to 2024-10-28 00:00:00+00:00, run_after=2024-10-29 00:00:00+00:00
[2024-10-28T20:08:36.908+0000] {processor.py:208} INFO - Processing /opt/airflow/dags/nba_data_pipeline.py took 0.265 seconds
[2024-10-28T20:09:07.143+0000] {processor.py:186} INFO - Started process (PID=290) to work on /opt/airflow/dags/nba_data_pipeline.py
[2024-10-28T20:09:07.144+0000] {processor.py:914} INFO - Processing file /opt/airflow/dags/nba_data_pipeline.py for tasks to queue
[2024-10-28T20:09:07.147+0000] {logging_mixin.py:190} INFO - [2024-10-28T20:09:07.147+0000] {dagbag.py:587} INFO - Filling up the DagBag from /opt/airflow/dags/nba_data_pipeline.py
[2024-10-28T20:09:07.159+0000] {processor.py:925} INFO - DAG(s) 'nba_data_pipeline' retrieved from /opt/airflow/dags/nba_data_pipeline.py
[2024-10-28T20:09:07.190+0000] {logging_mixin.py:190} INFO - [2024-10-28T20:09:07.189+0000] {dag.py:3229} INFO - Sync 1 DAGs
[2024-10-28T20:09:07.219+0000] {logging_mixin.py:190} INFO - [2024-10-28T20:09:07.219+0000] {dag.py:4156} INFO - Setting next_dagrun for nba_data_pipeline to 2024-10-28 00:00:00+00:00, run_after=2024-10-29 00:00:00+00:00
[2024-10-28T20:09:07.242+0000] {processor.py:208} INFO - Processing /opt/airflow/dags/nba_data_pipeline.py took 0.107 seconds
[2024-10-28T20:09:37.379+0000] {processor.py:186} INFO - Started process (PID=295) to work on /opt/airflow/dags/nba_data_pipeline.py
[2024-10-28T20:09:37.381+0000] {processor.py:914} INFO - Processing file /opt/airflow/dags/nba_data_pipeline.py for tasks to queue
[2024-10-28T20:09:37.384+0000] {logging_mixin.py:190} INFO - [2024-10-28T20:09:37.383+0000] {dagbag.py:587} INFO - Filling up the DagBag from /opt/airflow/dags/nba_data_pipeline.py
[2024-10-28T20:09:37.397+0000] {processor.py:925} INFO - DAG(s) 'nba_data_pipeline' retrieved from /opt/airflow/dags/nba_data_pipeline.py
[2024-10-28T20:09:37.436+0000] {logging_mixin.py:190} INFO - [2024-10-28T20:09:37.436+0000] {dag.py:3229} INFO - Sync 1 DAGs
[2024-10-28T20:09:37.468+0000] {logging_mixin.py:190} INFO - [2024-10-28T20:09:37.468+0000] {dag.py:4156} INFO - Setting next_dagrun for nba_data_pipeline to 2024-10-28 00:00:00+00:00, run_after=2024-10-29 00:00:00+00:00
[2024-10-28T20:09:37.491+0000] {processor.py:208} INFO - Processing /opt/airflow/dags/nba_data_pipeline.py took 0.121 seconds
[2024-10-28T20:10:07.691+0000] {processor.py:186} INFO - Started process (PID=303) to work on /opt/airflow/dags/nba_data_pipeline.py
[2024-10-28T20:10:07.692+0000] {processor.py:914} INFO - Processing file /opt/airflow/dags/nba_data_pipeline.py for tasks to queue
[2024-10-28T20:10:07.695+0000] {logging_mixin.py:190} INFO - [2024-10-28T20:10:07.695+0000] {dagbag.py:587} INFO - Filling up the DagBag from /opt/airflow/dags/nba_data_pipeline.py
[2024-10-28T20:10:07.708+0000] {processor.py:925} INFO - DAG(s) 'nba_data_pipeline' retrieved from /opt/airflow/dags/nba_data_pipeline.py
[2024-10-28T20:10:07.741+0000] {logging_mixin.py:190} INFO - [2024-10-28T20:10:07.740+0000] {dag.py:3229} INFO - Sync 1 DAGs
[2024-10-28T20:10:07.772+0000] {logging_mixin.py:190} INFO - [2024-10-28T20:10:07.771+0000] {dag.py:4156} INFO - Setting next_dagrun for nba_data_pipeline to 2024-10-28 00:00:00+00:00, run_after=2024-10-29 00:00:00+00:00
[2024-10-28T20:10:07.953+0000] {processor.py:208} INFO - Processing /opt/airflow/dags/nba_data_pipeline.py took 0.272 seconds
[2024-10-28T20:10:38.307+0000] {processor.py:186} INFO - Started process (PID=317) to work on /opt/airflow/dags/nba_data_pipeline.py
[2024-10-28T20:10:38.309+0000] {processor.py:914} INFO - Processing file /opt/airflow/dags/nba_data_pipeline.py for tasks to queue
[2024-10-28T20:10:38.312+0000] {logging_mixin.py:190} INFO - [2024-10-28T20:10:38.311+0000] {dagbag.py:587} INFO - Filling up the DagBag from /opt/airflow/dags/nba_data_pipeline.py
[2024-10-28T20:10:38.327+0000] {processor.py:925} INFO - DAG(s) 'nba_data_pipeline' retrieved from /opt/airflow/dags/nba_data_pipeline.py
[2024-10-28T20:20:53.641+0000] {processor.py:186} INFO - Started process (PID=190) to work on /opt/airflow/dags/nba_data_pipeline.py
[2024-10-28T20:20:53.642+0000] {processor.py:914} INFO - Processing file /opt/airflow/dags/nba_data_pipeline.py for tasks to queue
[2024-10-28T20:20:53.646+0000] {logging_mixin.py:190} INFO - [2024-10-28T20:20:53.645+0000] {dagbag.py:587} INFO - Filling up the DagBag from /opt/airflow/dags/nba_data_pipeline.py
[2024-10-28T20:20:53.669+0000] {processor.py:925} INFO - DAG(s) 'nba_data_pipeline' retrieved from /opt/airflow/dags/nba_data_pipeline.py
[2024-10-28T20:20:53.981+0000] {logging_mixin.py:190} INFO - [2024-10-28T20:20:53.980+0000] {override.py:1900} INFO - Created Permission View: can delete on DAG:nba_data_pipeline
[2024-10-28T20:20:53.994+0000] {logging_mixin.py:190} INFO - [2024-10-28T20:20:53.993+0000] {override.py:1900} INFO - Created Permission View: can read on DAG:nba_data_pipeline
[2024-10-28T20:20:54.003+0000] {logging_mixin.py:190} INFO - [2024-10-28T20:20:54.003+0000] {override.py:1900} INFO - Created Permission View: can edit on DAG:nba_data_pipeline
[2024-10-28T20:20:54.012+0000] {logging_mixin.py:190} INFO - [2024-10-28T20:20:54.012+0000] {override.py:1900} INFO - Created Permission View: can delete on DAG Run:nba_data_pipeline
[2024-10-28T20:20:54.021+0000] {logging_mixin.py:190} INFO - [2024-10-28T20:20:54.021+0000] {override.py:1900} INFO - Created Permission View: can read on DAG Run:nba_data_pipeline
[2024-10-28T20:20:54.028+0000] {logging_mixin.py:190} INFO - [2024-10-28T20:20:54.028+0000] {override.py:1900} INFO - Created Permission View: menu access on DAG Run:nba_data_pipeline
[2024-10-28T20:20:54.037+0000] {logging_mixin.py:190} INFO - [2024-10-28T20:20:54.036+0000] {override.py:1900} INFO - Created Permission View: can create on DAG Run:nba_data_pipeline
[2024-10-28T20:20:54.037+0000] {logging_mixin.py:190} INFO - [2024-10-28T20:20:54.037+0000] {dag.py:3229} INFO - Sync 1 DAGs
[2024-10-28T20:20:54.053+0000] {logging_mixin.py:190} INFO - [2024-10-28T20:20:54.053+0000] {dag.py:3252} INFO - Creating ORM DAG for nba_data_pipeline
[2024-10-28T20:20:54.066+0000] {logging_mixin.py:190} INFO - [2024-10-28T20:20:54.065+0000] {dag.py:4156} INFO - Setting next_dagrun for nba_data_pipeline to 2024-10-27 00:00:00+00:00, run_after=2024-10-28 00:00:00+00:00
[2024-10-28T20:20:54.091+0000] {processor.py:208} INFO - Processing /opt/airflow/dags/nba_data_pipeline.py took 0.462 seconds
[2024-10-28T20:21:24.310+0000] {processor.py:186} INFO - Started process (PID=195) to work on /opt/airflow/dags/nba_data_pipeline.py
[2024-10-28T20:21:24.311+0000] {processor.py:914} INFO - Processing file /opt/airflow/dags/nba_data_pipeline.py for tasks to queue
[2024-10-28T20:21:24.315+0000] {logging_mixin.py:190} INFO - [2024-10-28T20:21:24.314+0000] {dagbag.py:587} INFO - Filling up the DagBag from /opt/airflow/dags/nba_data_pipeline.py
[2024-10-28T20:21:24.330+0000] {processor.py:925} INFO - DAG(s) 'nba_data_pipeline' retrieved from /opt/airflow/dags/nba_data_pipeline.py
[2024-10-28T20:21:24.366+0000] {logging_mixin.py:190} INFO - [2024-10-28T20:21:24.366+0000] {dag.py:3229} INFO - Sync 1 DAGs
[2024-10-28T20:21:24.398+0000] {logging_mixin.py:190} INFO - [2024-10-28T20:21:24.397+0000] {dag.py:4156} INFO - Setting next_dagrun for nba_data_pipeline to 2024-10-27 00:00:00+00:00, run_after=2024-10-28 00:00:00+00:00
[2024-10-28T20:21:24.422+0000] {processor.py:208} INFO - Processing /opt/airflow/dags/nba_data_pipeline.py took 0.122 seconds
[2024-10-28T20:21:54.548+0000] {processor.py:186} INFO - Started process (PID=200) to work on /opt/airflow/dags/nba_data_pipeline.py
[2024-10-28T20:21:54.549+0000] {processor.py:914} INFO - Processing file /opt/airflow/dags/nba_data_pipeline.py for tasks to queue
[2024-10-28T20:21:54.552+0000] {logging_mixin.py:190} INFO - [2024-10-28T20:21:54.552+0000] {dagbag.py:587} INFO - Filling up the DagBag from /opt/airflow/dags/nba_data_pipeline.py
[2024-10-28T20:21:54.567+0000] {processor.py:925} INFO - DAG(s) 'nba_data_pipeline' retrieved from /opt/airflow/dags/nba_data_pipeline.py
[2024-10-28T20:21:54.607+0000] {logging_mixin.py:190} INFO - [2024-10-28T20:21:54.607+0000] {dag.py:3229} INFO - Sync 1 DAGs
[2024-10-28T20:21:54.637+0000] {logging_mixin.py:190} INFO - [2024-10-28T20:21:54.636+0000] {dag.py:4156} INFO - Setting next_dagrun for nba_data_pipeline to 2024-10-27 00:00:00+00:00, run_after=2024-10-28 00:00:00+00:00
[2024-10-28T20:21:54.659+0000] {processor.py:208} INFO - Processing /opt/airflow/dags/nba_data_pipeline.py took 0.122 seconds
[2024-10-28T20:22:24.923+0000] {processor.py:186} INFO - Started process (PID=205) to work on /opt/airflow/dags/nba_data_pipeline.py
[2024-10-28T20:22:24.933+0000] {processor.py:914} INFO - Processing file /opt/airflow/dags/nba_data_pipeline.py for tasks to queue
[2024-10-28T20:22:24.937+0000] {logging_mixin.py:190} INFO - [2024-10-28T20:22:24.937+0000] {dagbag.py:587} INFO - Filling up the DagBag from /opt/airflow/dags/nba_data_pipeline.py
[2024-10-28T20:22:24.951+0000] {processor.py:925} INFO - DAG(s) 'nba_data_pipeline' retrieved from /opt/airflow/dags/nba_data_pipeline.py
[2024-10-28T20:22:24.986+0000] {logging_mixin.py:190} INFO - [2024-10-28T20:22:24.986+0000] {dag.py:3229} INFO - Sync 1 DAGs
[2024-10-28T20:22:25.016+0000] {logging_mixin.py:190} INFO - [2024-10-28T20:22:25.016+0000] {dag.py:4156} INFO - Setting next_dagrun for nba_data_pipeline to 2024-10-27 00:00:00+00:00, run_after=2024-10-28 00:00:00+00:00
[2024-10-28T20:22:25.038+0000] {processor.py:208} INFO - Processing /opt/airflow/dags/nba_data_pipeline.py took 0.131 seconds
[2024-10-28T20:22:55.171+0000] {processor.py:186} INFO - Started process (PID=213) to work on /opt/airflow/dags/nba_data_pipeline.py
[2024-10-28T20:22:55.172+0000] {processor.py:914} INFO - Processing file /opt/airflow/dags/nba_data_pipeline.py for tasks to queue
[2024-10-28T20:22:55.179+0000] {logging_mixin.py:190} INFO - [2024-10-28T20:22:55.178+0000] {dagbag.py:587} INFO - Filling up the DagBag from /opt/airflow/dags/nba_data_pipeline.py
[2024-10-28T20:22:55.197+0000] {processor.py:925} INFO - DAG(s) 'nba_data_pipeline' retrieved from /opt/airflow/dags/nba_data_pipeline.py
[2024-10-28T20:22:55.238+0000] {logging_mixin.py:190} INFO - [2024-10-28T20:22:55.238+0000] {dag.py:3229} INFO - Sync 1 DAGs
[2024-10-28T20:22:55.274+0000] {logging_mixin.py:190} INFO - [2024-10-28T20:22:55.274+0000] {dag.py:4156} INFO - Setting next_dagrun for nba_data_pipeline to 2024-10-28 00:00:00+00:00, run_after=2024-10-29 00:00:00+00:00
[2024-10-28T20:22:55.304+0000] {processor.py:208} INFO - Processing /opt/airflow/dags/nba_data_pipeline.py took 0.149 seconds
[2024-10-28T20:23:25.491+0000] {processor.py:186} INFO - Started process (PID=218) to work on /opt/airflow/dags/nba_data_pipeline.py
[2024-10-28T20:23:25.492+0000] {processor.py:914} INFO - Processing file /opt/airflow/dags/nba_data_pipeline.py for tasks to queue
[2024-10-28T20:23:25.496+0000] {logging_mixin.py:190} INFO - [2024-10-28T20:23:25.495+0000] {dagbag.py:587} INFO - Filling up the DagBag from /opt/airflow/dags/nba_data_pipeline.py
[2024-10-28T20:23:25.509+0000] {processor.py:925} INFO - DAG(s) 'nba_data_pipeline' retrieved from /opt/airflow/dags/nba_data_pipeline.py
[2024-10-28T20:23:25.552+0000] {logging_mixin.py:190} INFO - [2024-10-28T20:23:25.552+0000] {dag.py:3229} INFO - Sync 1 DAGs
[2024-10-28T20:23:25.589+0000] {logging_mixin.py:190} INFO - [2024-10-28T20:23:25.588+0000] {dag.py:4156} INFO - Setting next_dagrun for nba_data_pipeline to 2024-10-28 00:00:00+00:00, run_after=2024-10-29 00:00:00+00:00
[2024-10-28T20:23:25.613+0000] {processor.py:208} INFO - Processing /opt/airflow/dags/nba_data_pipeline.py took 0.132 seconds
[2024-10-28T20:23:55.762+0000] {processor.py:186} INFO - Started process (PID=223) to work on /opt/airflow/dags/nba_data_pipeline.py
[2024-10-28T20:23:55.764+0000] {processor.py:914} INFO - Processing file /opt/airflow/dags/nba_data_pipeline.py for tasks to queue
[2024-10-28T20:23:55.766+0000] {logging_mixin.py:190} INFO - [2024-10-28T20:23:55.766+0000] {dagbag.py:587} INFO - Filling up the DagBag from /opt/airflow/dags/nba_data_pipeline.py
[2024-10-28T20:23:55.778+0000] {processor.py:925} INFO - DAG(s) 'nba_data_pipeline' retrieved from /opt/airflow/dags/nba_data_pipeline.py
[2024-10-28T20:23:55.811+0000] {logging_mixin.py:190} INFO - [2024-10-28T20:23:55.811+0000] {dag.py:3229} INFO - Sync 1 DAGs
[2024-10-28T20:23:55.844+0000] {logging_mixin.py:190} INFO - [2024-10-28T20:23:55.844+0000] {dag.py:4156} INFO - Setting next_dagrun for nba_data_pipeline to 2024-10-28 00:00:00+00:00, run_after=2024-10-29 00:00:00+00:00
[2024-10-28T20:23:55.867+0000] {processor.py:208} INFO - Processing /opt/airflow/dags/nba_data_pipeline.py took 0.114 seconds
[2024-10-28T20:24:26.075+0000] {processor.py:186} INFO - Started process (PID=228) to work on /opt/airflow/dags/nba_data_pipeline.py
[2024-10-28T20:24:26.076+0000] {processor.py:914} INFO - Processing file /opt/airflow/dags/nba_data_pipeline.py for tasks to queue
[2024-10-28T20:24:26.080+0000] {logging_mixin.py:190} INFO - [2024-10-28T20:24:26.079+0000] {dagbag.py:587} INFO - Filling up the DagBag from /opt/airflow/dags/nba_data_pipeline.py
[2024-10-28T20:24:26.092+0000] {processor.py:925} INFO - DAG(s) 'nba_data_pipeline' retrieved from /opt/airflow/dags/nba_data_pipeline.py
[2024-10-28T20:24:26.125+0000] {logging_mixin.py:190} INFO - [2024-10-28T20:24:26.125+0000] {dag.py:3229} INFO - Sync 1 DAGs
[2024-10-28T20:24:26.154+0000] {logging_mixin.py:190} INFO - [2024-10-28T20:24:26.154+0000] {dag.py:4156} INFO - Setting next_dagrun for nba_data_pipeline to 2024-10-28 00:00:00+00:00, run_after=2024-10-29 00:00:00+00:00
[2024-10-28T20:24:26.175+0000] {processor.py:208} INFO - Processing /opt/airflow/dags/nba_data_pipeline.py took 0.110 seconds
[2024-10-28T20:24:56.322+0000] {processor.py:186} INFO - Started process (PID=233) to work on /opt/airflow/dags/nba_data_pipeline.py
[2024-10-28T20:24:56.323+0000] {processor.py:914} INFO - Processing file /opt/airflow/dags/nba_data_pipeline.py for tasks to queue
[2024-10-28T20:24:56.326+0000] {logging_mixin.py:190} INFO - [2024-10-28T20:24:56.326+0000] {dagbag.py:587} INFO - Filling up the DagBag from /opt/airflow/dags/nba_data_pipeline.py
[2024-10-28T20:24:56.339+0000] {processor.py:925} INFO - DAG(s) 'nba_data_pipeline' retrieved from /opt/airflow/dags/nba_data_pipeline.py
[2024-10-28T20:24:56.375+0000] {logging_mixin.py:190} INFO - [2024-10-28T20:24:56.375+0000] {dag.py:3229} INFO - Sync 1 DAGs
[2024-10-28T20:24:56.408+0000] {logging_mixin.py:190} INFO - [2024-10-28T20:24:56.407+0000] {dag.py:4156} INFO - Setting next_dagrun for nba_data_pipeline to 2024-10-28 00:00:00+00:00, run_after=2024-10-29 00:00:00+00:00
[2024-10-28T20:24:56.630+0000] {processor.py:208} INFO - Processing /opt/airflow/dags/nba_data_pipeline.py took 0.317 seconds
[2024-10-28T20:25:26.874+0000] {processor.py:186} INFO - Started process (PID=238) to work on /opt/airflow/dags/nba_data_pipeline.py
[2024-10-28T20:25:26.875+0000] {processor.py:914} INFO - Processing file /opt/airflow/dags/nba_data_pipeline.py for tasks to queue
[2024-10-28T20:25:26.879+0000] {logging_mixin.py:190} INFO - [2024-10-28T20:25:26.878+0000] {dagbag.py:587} INFO - Filling up the DagBag from /opt/airflow/dags/nba_data_pipeline.py
[2024-10-28T20:25:26.892+0000] {processor.py:925} INFO - DAG(s) 'nba_data_pipeline' retrieved from /opt/airflow/dags/nba_data_pipeline.py
[2024-10-28T20:25:26.924+0000] {logging_mixin.py:190} INFO - [2024-10-28T20:25:26.924+0000] {dag.py:3229} INFO - Sync 1 DAGs
[2024-10-28T20:25:27.118+0000] {logging_mixin.py:190} INFO - [2024-10-28T20:25:27.118+0000] {dag.py:4156} INFO - Setting next_dagrun for nba_data_pipeline to 2024-10-28 00:00:00+00:00, run_after=2024-10-29 00:00:00+00:00
[2024-10-28T20:25:27.144+0000] {processor.py:208} INFO - Processing /opt/airflow/dags/nba_data_pipeline.py took 0.280 seconds
[2024-10-28T20:25:57.367+0000] {processor.py:186} INFO - Started process (PID=243) to work on /opt/airflow/dags/nba_data_pipeline.py
[2024-10-28T20:25:57.368+0000] {processor.py:914} INFO - Processing file /opt/airflow/dags/nba_data_pipeline.py for tasks to queue
[2024-10-28T20:25:57.370+0000] {logging_mixin.py:190} INFO - [2024-10-28T20:25:57.370+0000] {dagbag.py:587} INFO - Filling up the DagBag from /opt/airflow/dags/nba_data_pipeline.py
[2024-10-28T20:25:57.380+0000] {processor.py:925} INFO - DAG(s) 'nba_data_pipeline' retrieved from /opt/airflow/dags/nba_data_pipeline.py
[2024-10-28T20:25:57.413+0000] {logging_mixin.py:190} INFO - [2024-10-28T20:25:57.413+0000] {dag.py:3229} INFO - Sync 1 DAGs
[2024-10-28T20:25:57.588+0000] {logging_mixin.py:190} INFO - [2024-10-28T20:25:57.588+0000] {dag.py:4156} INFO - Setting next_dagrun for nba_data_pipeline to 2024-10-28 00:00:00+00:00, run_after=2024-10-29 00:00:00+00:00
[2024-10-28T20:25:57.609+0000] {processor.py:208} INFO - Processing /opt/airflow/dags/nba_data_pipeline.py took 0.250 seconds
[2024-10-28T20:26:27.708+0000] {processor.py:186} INFO - Started process (PID=251) to work on /opt/airflow/dags/nba_data_pipeline.py
[2024-10-28T20:26:27.710+0000] {processor.py:914} INFO - Processing file /opt/airflow/dags/nba_data_pipeline.py for tasks to queue
[2024-10-28T20:26:27.713+0000] {logging_mixin.py:190} INFO - [2024-10-28T20:26:27.713+0000] {dagbag.py:587} INFO - Filling up the DagBag from /opt/airflow/dags/nba_data_pipeline.py
[2024-10-28T20:26:27.727+0000] {processor.py:925} INFO - DAG(s) 'nba_data_pipeline' retrieved from /opt/airflow/dags/nba_data_pipeline.py
[2024-10-28T20:26:27.924+0000] {logging_mixin.py:190} INFO - [2024-10-28T20:26:27.924+0000] {dag.py:3229} INFO - Sync 1 DAGs
[2024-10-28T20:26:27.955+0000] {logging_mixin.py:190} INFO - [2024-10-28T20:26:27.954+0000] {dag.py:4156} INFO - Setting next_dagrun for nba_data_pipeline to 2024-10-28 00:00:00+00:00, run_after=2024-10-29 00:00:00+00:00
[2024-10-28T20:26:27.977+0000] {processor.py:208} INFO - Processing /opt/airflow/dags/nba_data_pipeline.py took 0.279 seconds
[2024-10-28T20:26:58.305+0000] {processor.py:186} INFO - Started process (PID=256) to work on /opt/airflow/dags/nba_data_pipeline.py
[2024-10-28T20:26:58.306+0000] {processor.py:914} INFO - Processing file /opt/airflow/dags/nba_data_pipeline.py for tasks to queue
[2024-10-28T20:26:58.311+0000] {logging_mixin.py:190} INFO - [2024-10-28T20:26:58.310+0000] {dagbag.py:587} INFO - Filling up the DagBag from /opt/airflow/dags/nba_data_pipeline.py
[2024-10-28T20:26:58.332+0000] {processor.py:925} INFO - DAG(s) 'nba_data_pipeline' retrieved from /opt/airflow/dags/nba_data_pipeline.py
[2024-10-28T20:26:58.419+0000] {logging_mixin.py:190} INFO - [2024-10-28T20:26:58.419+0000] {dag.py:3229} INFO - Sync 1 DAGs
[2024-10-28T20:26:58.490+0000] {logging_mixin.py:190} INFO - [2024-10-28T20:26:58.489+0000] {dag.py:4156} INFO - Setting next_dagrun for nba_data_pipeline to 2024-10-28 00:00:00+00:00, run_after=2024-10-29 00:00:00+00:00
[2024-10-28T20:26:58.554+0000] {processor.py:208} INFO - Processing /opt/airflow/dags/nba_data_pipeline.py took 0.266 seconds
[2024-10-28T20:27:28.961+0000] {processor.py:186} INFO - Started process (PID=261) to work on /opt/airflow/dags/nba_data_pipeline.py
[2024-10-28T20:27:28.962+0000] {processor.py:914} INFO - Processing file /opt/airflow/dags/nba_data_pipeline.py for tasks to queue
[2024-10-28T20:27:28.965+0000] {logging_mixin.py:190} INFO - [2024-10-28T20:27:28.965+0000] {dagbag.py:587} INFO - Filling up the DagBag from /opt/airflow/dags/nba_data_pipeline.py
[2024-10-28T20:27:28.980+0000] {processor.py:925} INFO - DAG(s) 'nba_data_pipeline' retrieved from /opt/airflow/dags/nba_data_pipeline.py
[2024-10-28T20:27:29.018+0000] {logging_mixin.py:190} INFO - [2024-10-28T20:27:29.017+0000] {dag.py:3229} INFO - Sync 1 DAGs
[2024-10-28T20:27:29.052+0000] {logging_mixin.py:190} INFO - [2024-10-28T20:27:29.052+0000] {dag.py:4156} INFO - Setting next_dagrun for nba_data_pipeline to 2024-10-28 00:00:00+00:00, run_after=2024-10-29 00:00:00+00:00
[2024-10-28T20:27:29.080+0000] {processor.py:208} INFO - Processing /opt/airflow/dags/nba_data_pipeline.py took 0.130 seconds
[2024-10-28T20:27:59.290+0000] {processor.py:186} INFO - Started process (PID=266) to work on /opt/airflow/dags/nba_data_pipeline.py
[2024-10-28T20:27:59.293+0000] {processor.py:914} INFO - Processing file /opt/airflow/dags/nba_data_pipeline.py for tasks to queue
[2024-10-28T20:27:59.297+0000] {logging_mixin.py:190} INFO - [2024-10-28T20:27:59.296+0000] {dagbag.py:587} INFO - Filling up the DagBag from /opt/airflow/dags/nba_data_pipeline.py
[2024-10-28T20:27:59.310+0000] {processor.py:925} INFO - DAG(s) 'nba_data_pipeline' retrieved from /opt/airflow/dags/nba_data_pipeline.py
[2024-10-28T20:27:59.346+0000] {logging_mixin.py:190} INFO - [2024-10-28T20:27:59.346+0000] {dag.py:3229} INFO - Sync 1 DAGs
[2024-10-28T20:27:59.383+0000] {logging_mixin.py:190} INFO - [2024-10-28T20:27:59.383+0000] {dag.py:4156} INFO - Setting next_dagrun for nba_data_pipeline to 2024-10-28 00:00:00+00:00, run_after=2024-10-29 00:00:00+00:00
[2024-10-28T20:27:59.606+0000] {processor.py:208} INFO - Processing /opt/airflow/dags/nba_data_pipeline.py took 0.325 seconds
[2024-10-28T20:28:29.856+0000] {processor.py:186} INFO - Started process (PID=271) to work on /opt/airflow/dags/nba_data_pipeline.py
[2024-10-28T20:28:29.857+0000] {processor.py:914} INFO - Processing file /opt/airflow/dags/nba_data_pipeline.py for tasks to queue
[2024-10-28T20:28:29.861+0000] {logging_mixin.py:190} INFO - [2024-10-28T20:28:29.860+0000] {dagbag.py:587} INFO - Filling up the DagBag from /opt/airflow/dags/nba_data_pipeline.py
[2024-10-28T20:28:29.876+0000] {processor.py:925} INFO - DAG(s) 'nba_data_pipeline' retrieved from /opt/airflow/dags/nba_data_pipeline.py
[2024-10-28T20:28:29.912+0000] {logging_mixin.py:190} INFO - [2024-10-28T20:28:29.912+0000] {dag.py:3229} INFO - Sync 1 DAGs
[2024-10-28T20:28:30.130+0000] {logging_mixin.py:190} INFO - [2024-10-28T20:28:30.130+0000] {dag.py:4156} INFO - Setting next_dagrun for nba_data_pipeline to 2024-10-28 00:00:00+00:00, run_after=2024-10-29 00:00:00+00:00
[2024-10-28T20:28:30.162+0000] {processor.py:208} INFO - Processing /opt/airflow/dags/nba_data_pipeline.py took 0.316 seconds
[2024-10-28T20:29:00.425+0000] {processor.py:186} INFO - Started process (PID=276) to work on /opt/airflow/dags/nba_data_pipeline.py
[2024-10-28T20:29:00.426+0000] {processor.py:914} INFO - Processing file /opt/airflow/dags/nba_data_pipeline.py for tasks to queue
[2024-10-28T20:29:00.429+0000] {logging_mixin.py:190} INFO - [2024-10-28T20:29:00.429+0000] {dagbag.py:587} INFO - Filling up the DagBag from /opt/airflow/dags/nba_data_pipeline.py
[2024-10-28T20:29:00.444+0000] {processor.py:925} INFO - DAG(s) 'nba_data_pipeline' retrieved from /opt/airflow/dags/nba_data_pipeline.py
[2024-10-28T20:29:00.682+0000] {logging_mixin.py:190} INFO - [2024-10-28T20:29:00.682+0000] {dag.py:3229} INFO - Sync 1 DAGs
[2024-10-28T20:29:00.715+0000] {logging_mixin.py:190} INFO - [2024-10-28T20:29:00.714+0000] {dag.py:4156} INFO - Setting next_dagrun for nba_data_pipeline to 2024-10-28 00:00:00+00:00, run_after=2024-10-29 00:00:00+00:00
[2024-10-28T20:29:00.740+0000] {processor.py:208} INFO - Processing /opt/airflow/dags/nba_data_pipeline.py took 0.327 seconds
[2024-10-28T20:29:31.057+0000] {processor.py:186} INFO - Started process (PID=281) to work on /opt/airflow/dags/nba_data_pipeline.py
[2024-10-28T20:29:31.058+0000] {processor.py:914} INFO - Processing file /opt/airflow/dags/nba_data_pipeline.py for tasks to queue
[2024-10-28T20:29:31.062+0000] {logging_mixin.py:190} INFO - [2024-10-28T20:29:31.061+0000] {dagbag.py:587} INFO - Filling up the DagBag from /opt/airflow/dags/nba_data_pipeline.py
[2024-10-28T20:29:31.075+0000] {processor.py:925} INFO - DAG(s) 'nba_data_pipeline' retrieved from /opt/airflow/dags/nba_data_pipeline.py
[2024-10-28T20:29:31.272+0000] {logging_mixin.py:190} INFO - [2024-10-28T20:29:31.272+0000] {dag.py:3229} INFO - Sync 1 DAGs
[2024-10-28T20:29:31.301+0000] {logging_mixin.py:190} INFO - [2024-10-28T20:29:31.301+0000] {dag.py:4156} INFO - Setting next_dagrun for nba_data_pipeline to 2024-10-28 00:00:00+00:00, run_after=2024-10-29 00:00:00+00:00
[2024-10-28T20:29:31.324+0000] {processor.py:208} INFO - Processing /opt/airflow/dags/nba_data_pipeline.py took 0.277 seconds
[2024-10-28T20:30:01.588+0000] {processor.py:186} INFO - Started process (PID=286) to work on /opt/airflow/dags/nba_data_pipeline.py
[2024-10-28T20:30:01.590+0000] {processor.py:914} INFO - Processing file /opt/airflow/dags/nba_data_pipeline.py for tasks to queue
[2024-10-28T20:30:01.593+0000] {logging_mixin.py:190} INFO - [2024-10-28T20:30:01.592+0000] {dagbag.py:587} INFO - Filling up the DagBag from /opt/airflow/dags/nba_data_pipeline.py
[2024-10-28T20:30:01.606+0000] {processor.py:925} INFO - DAG(s) 'nba_data_pipeline' retrieved from /opt/airflow/dags/nba_data_pipeline.py
[2024-10-28T20:30:01.645+0000] {logging_mixin.py:190} INFO - [2024-10-28T20:30:01.645+0000] {dag.py:3229} INFO - Sync 1 DAGs
[2024-10-28T20:30:01.679+0000] {logging_mixin.py:190} INFO - [2024-10-28T20:30:01.678+0000] {dag.py:4156} INFO - Setting next_dagrun for nba_data_pipeline to 2024-10-28 00:00:00+00:00, run_after=2024-10-29 00:00:00+00:00
[2024-10-28T20:30:01.703+0000] {processor.py:208} INFO - Processing /opt/airflow/dags/nba_data_pipeline.py took 0.127 seconds
[2024-10-28T20:30:31.830+0000] {processor.py:186} INFO - Started process (PID=291) to work on /opt/airflow/dags/nba_data_pipeline.py
[2024-10-28T20:30:31.832+0000] {processor.py:914} INFO - Processing file /opt/airflow/dags/nba_data_pipeline.py for tasks to queue
[2024-10-28T20:30:31.835+0000] {logging_mixin.py:190} INFO - [2024-10-28T20:30:31.834+0000] {dagbag.py:587} INFO - Filling up the DagBag from /opt/airflow/dags/nba_data_pipeline.py
[2024-10-28T20:30:31.848+0000] {processor.py:925} INFO - DAG(s) 'nba_data_pipeline' retrieved from /opt/airflow/dags/nba_data_pipeline.py
[2024-10-28T20:30:31.884+0000] {logging_mixin.py:190} INFO - [2024-10-28T20:30:31.884+0000] {dag.py:3229} INFO - Sync 1 DAGs
[2024-10-28T20:30:31.914+0000] {logging_mixin.py:190} INFO - [2024-10-28T20:30:31.913+0000] {dag.py:4156} INFO - Setting next_dagrun for nba_data_pipeline to 2024-10-28 00:00:00+00:00, run_after=2024-10-29 00:00:00+00:00
[2024-10-28T20:30:31.937+0000] {processor.py:208} INFO - Processing /opt/airflow/dags/nba_data_pipeline.py took 0.116 seconds
[2024-10-28T20:31:02.228+0000] {processor.py:186} INFO - Started process (PID=296) to work on /opt/airflow/dags/nba_data_pipeline.py
[2024-10-28T20:31:02.229+0000] {processor.py:914} INFO - Processing file /opt/airflow/dags/nba_data_pipeline.py for tasks to queue
[2024-10-28T20:31:02.232+0000] {logging_mixin.py:190} INFO - [2024-10-28T20:31:02.232+0000] {dagbag.py:587} INFO - Filling up the DagBag from /opt/airflow/dags/nba_data_pipeline.py
[2024-10-28T20:31:02.245+0000] {processor.py:925} INFO - DAG(s) 'nba_data_pipeline' retrieved from /opt/airflow/dags/nba_data_pipeline.py
[2024-10-28T20:31:02.278+0000] {logging_mixin.py:190} INFO - [2024-10-28T20:31:02.278+0000] {dag.py:3229} INFO - Sync 1 DAGs
[2024-10-28T20:31:02.471+0000] {logging_mixin.py:190} INFO - [2024-10-28T20:31:02.471+0000] {dag.py:4156} INFO - Setting next_dagrun for nba_data_pipeline to 2024-10-28 00:00:00+00:00, run_after=2024-10-29 00:00:00+00:00
[2024-10-28T20:31:02.495+0000] {processor.py:208} INFO - Processing /opt/airflow/dags/nba_data_pipeline.py took 0.277 seconds
[2024-10-28T20:31:32.762+0000] {processor.py:186} INFO - Started process (PID=301) to work on /opt/airflow/dags/nba_data_pipeline.py
[2024-10-28T20:31:32.763+0000] {processor.py:914} INFO - Processing file /opt/airflow/dags/nba_data_pipeline.py for tasks to queue
[2024-10-28T20:31:32.766+0000] {logging_mixin.py:190} INFO - [2024-10-28T20:31:32.766+0000] {dagbag.py:587} INFO - Filling up the DagBag from /opt/airflow/dags/nba_data_pipeline.py
[2024-10-28T20:31:32.779+0000] {processor.py:925} INFO - DAG(s) 'nba_data_pipeline' retrieved from /opt/airflow/dags/nba_data_pipeline.py
[2024-10-28T20:31:32.814+0000] {logging_mixin.py:190} INFO - [2024-10-28T20:31:32.814+0000] {dag.py:3229} INFO - Sync 1 DAGs
[2024-10-28T20:31:33.015+0000] {logging_mixin.py:190} INFO - [2024-10-28T20:31:33.015+0000] {dag.py:4156} INFO - Setting next_dagrun for nba_data_pipeline to 2024-10-28 00:00:00+00:00, run_after=2024-10-29 00:00:00+00:00
[2024-10-28T20:31:33.038+0000] {processor.py:208} INFO - Processing /opt/airflow/dags/nba_data_pipeline.py took 0.287 seconds
[2024-10-28T20:32:03.297+0000] {processor.py:186} INFO - Started process (PID=306) to work on /opt/airflow/dags/nba_data_pipeline.py
[2024-10-28T20:32:03.299+0000] {processor.py:914} INFO - Processing file /opt/airflow/dags/nba_data_pipeline.py for tasks to queue
[2024-10-28T20:32:03.304+0000] {logging_mixin.py:190} INFO - [2024-10-28T20:32:03.303+0000] {dagbag.py:587} INFO - Filling up the DagBag from /opt/airflow/dags/nba_data_pipeline.py
[2024-10-28T20:32:03.317+0000] {processor.py:925} INFO - DAG(s) 'nba_data_pipeline' retrieved from /opt/airflow/dags/nba_data_pipeline.py
[2024-10-28T20:32:03.510+0000] {logging_mixin.py:190} INFO - [2024-10-28T20:32:03.510+0000] {dag.py:3229} INFO - Sync 1 DAGs
[2024-10-28T20:32:03.539+0000] {logging_mixin.py:190} INFO - [2024-10-28T20:32:03.539+0000] {dag.py:4156} INFO - Setting next_dagrun for nba_data_pipeline to 2024-10-28 00:00:00+00:00, run_after=2024-10-29 00:00:00+00:00
[2024-10-28T20:32:03.562+0000] {processor.py:208} INFO - Processing /opt/airflow/dags/nba_data_pipeline.py took 0.276 seconds
[2024-10-28T20:32:33.830+0000] {processor.py:186} INFO - Started process (PID=311) to work on /opt/airflow/dags/nba_data_pipeline.py
[2024-10-28T20:32:33.832+0000] {processor.py:914} INFO - Processing file /opt/airflow/dags/nba_data_pipeline.py for tasks to queue
[2024-10-28T20:32:33.835+0000] {logging_mixin.py:190} INFO - [2024-10-28T20:32:33.835+0000] {dagbag.py:587} INFO - Filling up the DagBag from /opt/airflow/dags/nba_data_pipeline.py
[2024-10-28T20:32:33.848+0000] {processor.py:925} INFO - DAG(s) 'nba_data_pipeline' retrieved from /opt/airflow/dags/nba_data_pipeline.py
[2024-10-28T20:32:33.884+0000] {logging_mixin.py:190} INFO - [2024-10-28T20:32:33.884+0000] {dag.py:3229} INFO - Sync 1 DAGs
[2024-10-28T20:32:33.915+0000] {logging_mixin.py:190} INFO - [2024-10-28T20:32:33.915+0000] {dag.py:4156} INFO - Setting next_dagrun for nba_data_pipeline to 2024-10-28 00:00:00+00:00, run_after=2024-10-29 00:00:00+00:00
[2024-10-28T20:32:33.936+0000] {processor.py:208} INFO - Processing /opt/airflow/dags/nba_data_pipeline.py took 0.118 seconds
[2024-10-28T20:33:04.073+0000] {processor.py:186} INFO - Started process (PID=316) to work on /opt/airflow/dags/nba_data_pipeline.py
[2024-10-28T20:33:04.074+0000] {processor.py:914} INFO - Processing file /opt/airflow/dags/nba_data_pipeline.py for tasks to queue
[2024-10-28T20:33:04.077+0000] {logging_mixin.py:190} INFO - [2024-10-28T20:33:04.077+0000] {dagbag.py:587} INFO - Filling up the DagBag from /opt/airflow/dags/nba_data_pipeline.py
[2024-10-28T20:33:04.090+0000] {processor.py:925} INFO - DAG(s) 'nba_data_pipeline' retrieved from /opt/airflow/dags/nba_data_pipeline.py
[2024-10-28T20:33:04.126+0000] {logging_mixin.py:190} INFO - [2024-10-28T20:33:04.125+0000] {dag.py:3229} INFO - Sync 1 DAGs
[2024-10-28T20:33:04.155+0000] {logging_mixin.py:190} INFO - [2024-10-28T20:33:04.154+0000] {dag.py:4156} INFO - Setting next_dagrun for nba_data_pipeline to 2024-10-28 00:00:00+00:00, run_after=2024-10-29 00:00:00+00:00
[2024-10-28T20:33:04.176+0000] {processor.py:208} INFO - Processing /opt/airflow/dags/nba_data_pipeline.py took 0.113 seconds
[2024-10-28T20:33:34.430+0000] {processor.py:186} INFO - Started process (PID=324) to work on /opt/airflow/dags/nba_data_pipeline.py
[2024-10-28T20:33:34.432+0000] {processor.py:914} INFO - Processing file /opt/airflow/dags/nba_data_pipeline.py for tasks to queue
[2024-10-28T20:33:34.435+0000] {logging_mixin.py:190} INFO - [2024-10-28T20:33:34.435+0000] {dagbag.py:587} INFO - Filling up the DagBag from /opt/airflow/dags/nba_data_pipeline.py
[2024-10-28T20:33:34.454+0000] {processor.py:925} INFO - DAG(s) 'nba_data_pipeline' retrieved from /opt/airflow/dags/nba_data_pipeline.py
[2024-10-28T20:33:34.497+0000] {logging_mixin.py:190} INFO - [2024-10-28T20:33:34.497+0000] {dag.py:3229} INFO - Sync 1 DAGs
[2024-10-28T20:33:34.537+0000] {logging_mixin.py:190} INFO - [2024-10-28T20:33:34.536+0000] {dag.py:4156} INFO - Setting next_dagrun for nba_data_pipeline to 2024-10-28 00:00:00+00:00, run_after=2024-10-29 00:00:00+00:00
[2024-10-28T20:33:34.728+0000] {processor.py:208} INFO - Processing /opt/airflow/dags/nba_data_pipeline.py took 0.310 seconds
[2024-10-28T20:34:05.092+0000] {processor.py:186} INFO - Started process (PID=329) to work on /opt/airflow/dags/nba_data_pipeline.py
[2024-10-28T20:34:05.094+0000] {processor.py:914} INFO - Processing file /opt/airflow/dags/nba_data_pipeline.py for tasks to queue
[2024-10-28T20:34:05.097+0000] {logging_mixin.py:190} INFO - [2024-10-28T20:34:05.097+0000] {dagbag.py:587} INFO - Filling up the DagBag from /opt/airflow/dags/nba_data_pipeline.py
[2024-10-28T20:34:05.109+0000] {processor.py:925} INFO - DAG(s) 'nba_data_pipeline' retrieved from /opt/airflow/dags/nba_data_pipeline.py
[2024-10-28T20:34:05.143+0000] {logging_mixin.py:190} INFO - [2024-10-28T20:34:05.143+0000] {dag.py:3229} INFO - Sync 1 DAGs
[2024-10-28T20:34:05.348+0000] {logging_mixin.py:190} INFO - [2024-10-28T20:34:05.348+0000] {dag.py:4156} INFO - Setting next_dagrun for nba_data_pipeline to 2024-10-28 00:00:00+00:00, run_after=2024-10-29 00:00:00+00:00
[2024-10-28T20:34:05.371+0000] {processor.py:208} INFO - Processing /opt/airflow/dags/nba_data_pipeline.py took 0.288 seconds
[2024-10-28T20:34:35.620+0000] {processor.py:186} INFO - Started process (PID=334) to work on /opt/airflow/dags/nba_data_pipeline.py
[2024-10-28T20:34:35.621+0000] {processor.py:914} INFO - Processing file /opt/airflow/dags/nba_data_pipeline.py for tasks to queue
[2024-10-28T20:34:35.625+0000] {logging_mixin.py:190} INFO - [2024-10-28T20:34:35.625+0000] {dagbag.py:587} INFO - Filling up the DagBag from /opt/airflow/dags/nba_data_pipeline.py
[2024-10-28T20:34:35.639+0000] {processor.py:925} INFO - DAG(s) 'nba_data_pipeline' retrieved from /opt/airflow/dags/nba_data_pipeline.py
[2024-10-28T20:34:35.680+0000] {logging_mixin.py:190} INFO - [2024-10-28T20:34:35.680+0000] {dag.py:3229} INFO - Sync 1 DAGs
[2024-10-28T20:34:35.864+0000] {logging_mixin.py:190} INFO - [2024-10-28T20:34:35.864+0000] {dag.py:4156} INFO - Setting next_dagrun for nba_data_pipeline to 2024-10-28 00:00:00+00:00, run_after=2024-10-29 00:00:00+00:00
[2024-10-28T20:34:35.885+0000] {processor.py:208} INFO - Processing /opt/airflow/dags/nba_data_pipeline.py took 0.276 seconds
[2024-10-28T20:35:06.151+0000] {processor.py:186} INFO - Started process (PID=339) to work on /opt/airflow/dags/nba_data_pipeline.py
[2024-10-28T20:35:06.152+0000] {processor.py:914} INFO - Processing file /opt/airflow/dags/nba_data_pipeline.py for tasks to queue
[2024-10-28T20:35:06.156+0000] {logging_mixin.py:190} INFO - [2024-10-28T20:35:06.155+0000] {dagbag.py:587} INFO - Filling up the DagBag from /opt/airflow/dags/nba_data_pipeline.py
[2024-10-28T20:35:06.168+0000] {processor.py:925} INFO - DAG(s) 'nba_data_pipeline' retrieved from /opt/airflow/dags/nba_data_pipeline.py
[2024-10-28T20:35:06.357+0000] {logging_mixin.py:190} INFO - [2024-10-28T20:35:06.357+0000] {dag.py:3229} INFO - Sync 1 DAGs
[2024-10-28T20:35:06.388+0000] {logging_mixin.py:190} INFO - [2024-10-28T20:35:06.388+0000] {dag.py:4156} INFO - Setting next_dagrun for nba_data_pipeline to 2024-10-28 00:00:00+00:00, run_after=2024-10-29 00:00:00+00:00
[2024-10-28T20:35:06.411+0000] {processor.py:208} INFO - Processing /opt/airflow/dags/nba_data_pipeline.py took 0.270 seconds
[2024-10-28T20:35:36.742+0000] {processor.py:186} INFO - Started process (PID=344) to work on /opt/airflow/dags/nba_data_pipeline.py
[2024-10-28T20:35:36.743+0000] {processor.py:914} INFO - Processing file /opt/airflow/dags/nba_data_pipeline.py for tasks to queue
[2024-10-28T20:35:36.747+0000] {logging_mixin.py:190} INFO - [2024-10-28T20:35:36.746+0000] {dagbag.py:587} INFO - Filling up the DagBag from /opt/airflow/dags/nba_data_pipeline.py
[2024-10-28T20:35:36.759+0000] {processor.py:925} INFO - DAG(s) 'nba_data_pipeline' retrieved from /opt/airflow/dags/nba_data_pipeline.py
[2024-10-28T20:35:36.793+0000] {logging_mixin.py:190} INFO - [2024-10-28T20:35:36.793+0000] {dag.py:3229} INFO - Sync 1 DAGs
[2024-10-28T20:35:36.827+0000] {logging_mixin.py:190} INFO - [2024-10-28T20:35:36.827+0000] {dag.py:4156} INFO - Setting next_dagrun for nba_data_pipeline to 2024-10-28 00:00:00+00:00, run_after=2024-10-29 00:00:00+00:00
[2024-10-28T20:35:36.850+0000] {processor.py:208} INFO - Processing /opt/airflow/dags/nba_data_pipeline.py took 0.120 seconds
[2024-10-28T20:36:07.000+0000] {processor.py:186} INFO - Started process (PID=349) to work on /opt/airflow/dags/nba_data_pipeline.py
[2024-10-28T20:36:07.002+0000] {processor.py:914} INFO - Processing file /opt/airflow/dags/nba_data_pipeline.py for tasks to queue
[2024-10-28T20:36:07.007+0000] {logging_mixin.py:190} INFO - [2024-10-28T20:36:07.007+0000] {dagbag.py:587} INFO - Filling up the DagBag from /opt/airflow/dags/nba_data_pipeline.py
[2024-10-28T20:36:07.021+0000] {processor.py:925} INFO - DAG(s) 'nba_data_pipeline' retrieved from /opt/airflow/dags/nba_data_pipeline.py
[2024-10-28T20:36:07.059+0000] {logging_mixin.py:190} INFO - [2024-10-28T20:36:07.059+0000] {dag.py:3229} INFO - Sync 1 DAGs
[2024-10-28T20:36:07.096+0000] {logging_mixin.py:190} INFO - [2024-10-28T20:36:07.096+0000] {dag.py:4156} INFO - Setting next_dagrun for nba_data_pipeline to 2024-10-28 00:00:00+00:00, run_after=2024-10-29 00:00:00+00:00
[2024-10-28T20:36:07.126+0000] {processor.py:208} INFO - Processing /opt/airflow/dags/nba_data_pipeline.py took 0.136 seconds
[2024-10-28T20:36:37.312+0000] {processor.py:186} INFO - Started process (PID=354) to work on /opt/airflow/dags/nba_data_pipeline.py
[2024-10-28T20:36:37.313+0000] {processor.py:914} INFO - Processing file /opt/airflow/dags/nba_data_pipeline.py for tasks to queue
[2024-10-28T20:36:37.316+0000] {logging_mixin.py:190} INFO - [2024-10-28T20:36:37.316+0000] {dagbag.py:587} INFO - Filling up the DagBag from /opt/airflow/dags/nba_data_pipeline.py
[2024-10-28T20:36:37.330+0000] {processor.py:925} INFO - DAG(s) 'nba_data_pipeline' retrieved from /opt/airflow/dags/nba_data_pipeline.py
[2024-10-28T20:36:37.366+0000] {logging_mixin.py:190} INFO - [2024-10-28T20:36:37.365+0000] {dag.py:3229} INFO - Sync 1 DAGs
[2024-10-28T20:36:37.555+0000] {logging_mixin.py:190} INFO - [2024-10-28T20:36:37.555+0000] {dag.py:4156} INFO - Setting next_dagrun for nba_data_pipeline to 2024-10-28 00:00:00+00:00, run_after=2024-10-29 00:00:00+00:00
[2024-10-28T20:36:37.579+0000] {processor.py:208} INFO - Processing /opt/airflow/dags/nba_data_pipeline.py took 0.279 seconds
[2024-10-28T20:37:07.834+0000] {processor.py:186} INFO - Started process (PID=359) to work on /opt/airflow/dags/nba_data_pipeline.py
[2024-10-28T20:37:07.836+0000] {processor.py:914} INFO - Processing file /opt/airflow/dags/nba_data_pipeline.py for tasks to queue
[2024-10-28T20:37:07.840+0000] {logging_mixin.py:190} INFO - [2024-10-28T20:37:07.839+0000] {dagbag.py:587} INFO - Filling up the DagBag from /opt/airflow/dags/nba_data_pipeline.py
[2024-10-28T20:37:07.858+0000] {processor.py:925} INFO - DAG(s) 'nba_data_pipeline' retrieved from /opt/airflow/dags/nba_data_pipeline.py
[2024-10-28T20:37:07.908+0000] {logging_mixin.py:190} INFO - [2024-10-28T20:37:07.907+0000] {dag.py:3229} INFO - Sync 1 DAGs
[2024-10-28T20:37:08.142+0000] {logging_mixin.py:190} INFO - [2024-10-28T20:37:08.142+0000] {dag.py:4156} INFO - Setting next_dagrun for nba_data_pipeline to 2024-10-28 00:00:00+00:00, run_after=2024-10-29 00:00:00+00:00
[2024-10-28T20:37:08.166+0000] {processor.py:208} INFO - Processing /opt/airflow/dags/nba_data_pipeline.py took 0.345 seconds
[2024-10-28T20:37:38.400+0000] {processor.py:186} INFO - Started process (PID=367) to work on /opt/airflow/dags/nba_data_pipeline.py
[2024-10-28T20:37:38.401+0000] {processor.py:914} INFO - Processing file /opt/airflow/dags/nba_data_pipeline.py for tasks to queue
[2024-10-28T20:37:38.405+0000] {logging_mixin.py:190} INFO - [2024-10-28T20:37:38.404+0000] {dagbag.py:587} INFO - Filling up the DagBag from /opt/airflow/dags/nba_data_pipeline.py
[2024-10-28T20:37:38.418+0000] {processor.py:925} INFO - DAG(s) 'nba_data_pipeline' retrieved from /opt/airflow/dags/nba_data_pipeline.py
[2024-10-28T20:37:38.623+0000] {logging_mixin.py:190} INFO - [2024-10-28T20:37:38.623+0000] {dag.py:3229} INFO - Sync 1 DAGs
[2024-10-28T20:37:38.654+0000] {logging_mixin.py:190} INFO - [2024-10-28T20:37:38.653+0000] {dag.py:4156} INFO - Setting next_dagrun for nba_data_pipeline to 2024-10-28 00:00:00+00:00, run_after=2024-10-29 00:00:00+00:00
[2024-10-28T20:37:38.676+0000] {processor.py:208} INFO - Processing /opt/airflow/dags/nba_data_pipeline.py took 0.286 seconds
[2024-10-28T20:38:08.951+0000] {processor.py:186} INFO - Started process (PID=372) to work on /opt/airflow/dags/nba_data_pipeline.py
[2024-10-28T20:38:08.952+0000] {processor.py:914} INFO - Processing file /opt/airflow/dags/nba_data_pipeline.py for tasks to queue
[2024-10-28T20:38:08.956+0000] {logging_mixin.py:190} INFO - [2024-10-28T20:38:08.956+0000] {dagbag.py:587} INFO - Filling up the DagBag from /opt/airflow/dags/nba_data_pipeline.py
[2024-10-28T20:38:08.969+0000] {processor.py:925} INFO - DAG(s) 'nba_data_pipeline' retrieved from /opt/airflow/dags/nba_data_pipeline.py
[2024-10-28T20:38:09.171+0000] {logging_mixin.py:190} INFO - [2024-10-28T20:38:09.170+0000] {dag.py:3229} INFO - Sync 1 DAGs
[2024-10-28T20:38:09.199+0000] {logging_mixin.py:190} INFO - [2024-10-28T20:38:09.199+0000] {dag.py:4156} INFO - Setting next_dagrun for nba_data_pipeline to 2024-10-28 00:00:00+00:00, run_after=2024-10-29 00:00:00+00:00
[2024-10-28T20:38:09.220+0000] {processor.py:208} INFO - Processing /opt/airflow/dags/nba_data_pipeline.py took 0.279 seconds
[2024-10-28T20:38:39.548+0000] {processor.py:186} INFO - Started process (PID=377) to work on /opt/airflow/dags/nba_data_pipeline.py
[2024-10-28T20:38:39.549+0000] {processor.py:914} INFO - Processing file /opt/airflow/dags/nba_data_pipeline.py for tasks to queue
[2024-10-28T20:38:39.553+0000] {logging_mixin.py:190} INFO - [2024-10-28T20:38:39.553+0000] {dagbag.py:587} INFO - Filling up the DagBag from /opt/airflow/dags/nba_data_pipeline.py
[2024-10-28T20:38:39.566+0000] {processor.py:925} INFO - DAG(s) 'nba_data_pipeline' retrieved from /opt/airflow/dags/nba_data_pipeline.py
[2024-10-28T20:38:39.602+0000] {logging_mixin.py:190} INFO - [2024-10-28T20:38:39.602+0000] {dag.py:3229} INFO - Sync 1 DAGs
[2024-10-28T20:38:39.635+0000] {logging_mixin.py:190} INFO - [2024-10-28T20:38:39.634+0000] {dag.py:4156} INFO - Setting next_dagrun for nba_data_pipeline to 2024-10-28 00:00:00+00:00, run_after=2024-10-29 00:00:00+00:00
[2024-10-28T20:38:39.658+0000] {processor.py:208} INFO - Processing /opt/airflow/dags/nba_data_pipeline.py took 0.119 seconds
[2024-10-28T20:39:09.817+0000] {processor.py:186} INFO - Started process (PID=382) to work on /opt/airflow/dags/nba_data_pipeline.py
[2024-10-28T20:39:09.818+0000] {processor.py:914} INFO - Processing file /opt/airflow/dags/nba_data_pipeline.py for tasks to queue
[2024-10-28T20:39:09.822+0000] {logging_mixin.py:190} INFO - [2024-10-28T20:39:09.821+0000] {dagbag.py:587} INFO - Filling up the DagBag from /opt/airflow/dags/nba_data_pipeline.py
[2024-10-28T20:39:09.835+0000] {processor.py:925} INFO - DAG(s) 'nba_data_pipeline' retrieved from /opt/airflow/dags/nba_data_pipeline.py
[2024-10-28T20:39:09.872+0000] {logging_mixin.py:190} INFO - [2024-10-28T20:39:09.871+0000] {dag.py:3229} INFO - Sync 1 DAGs
[2024-10-28T20:39:09.903+0000] {logging_mixin.py:190} INFO - [2024-10-28T20:39:09.903+0000] {dag.py:4156} INFO - Setting next_dagrun for nba_data_pipeline to 2024-10-28 00:00:00+00:00, run_after=2024-10-29 00:00:00+00:00
[2024-10-28T20:39:10.094+0000] {processor.py:208} INFO - Processing /opt/airflow/dags/nba_data_pipeline.py took 0.287 seconds
[2024-10-28T20:39:40.171+0000] {processor.py:186} INFO - Started process (PID=387) to work on /opt/airflow/dags/nba_data_pipeline.py
[2024-10-28T20:39:40.172+0000] {processor.py:914} INFO - Processing file /opt/airflow/dags/nba_data_pipeline.py for tasks to queue
[2024-10-28T20:39:40.176+0000] {logging_mixin.py:190} INFO - [2024-10-28T20:39:40.175+0000] {dagbag.py:587} INFO - Filling up the DagBag from /opt/airflow/dags/nba_data_pipeline.py
[2024-10-28T20:39:40.189+0000] {processor.py:925} INFO - DAG(s) 'nba_data_pipeline' retrieved from /opt/airflow/dags/nba_data_pipeline.py
[2024-10-28T20:39:40.225+0000] {logging_mixin.py:190} INFO - [2024-10-28T20:39:40.225+0000] {dag.py:3229} INFO - Sync 1 DAGs
[2024-10-28T20:39:40.433+0000] {logging_mixin.py:190} INFO - [2024-10-28T20:39:40.433+0000] {dag.py:4156} INFO - Setting next_dagrun for nba_data_pipeline to 2024-10-28 00:00:00+00:00, run_after=2024-10-29 00:00:00+00:00
[2024-10-28T20:39:40.457+0000] {processor.py:208} INFO - Processing /opt/airflow/dags/nba_data_pipeline.py took 0.297 seconds
[2024-10-28T20:40:10.661+0000] {processor.py:186} INFO - Started process (PID=392) to work on /opt/airflow/dags/nba_data_pipeline.py
[2024-10-28T20:40:10.662+0000] {processor.py:914} INFO - Processing file /opt/airflow/dags/nba_data_pipeline.py for tasks to queue
[2024-10-28T20:40:10.666+0000] {logging_mixin.py:190} INFO - [2024-10-28T20:40:10.665+0000] {dagbag.py:587} INFO - Filling up the DagBag from /opt/airflow/dags/nba_data_pipeline.py
[2024-10-28T20:40:10.679+0000] {processor.py:925} INFO - DAG(s) 'nba_data_pipeline' retrieved from /opt/airflow/dags/nba_data_pipeline.py
[2024-10-28T20:40:10.715+0000] {logging_mixin.py:190} INFO - [2024-10-28T20:40:10.715+0000] {dag.py:3229} INFO - Sync 1 DAGs
[2024-10-28T20:40:10.911+0000] {logging_mixin.py:190} INFO - [2024-10-28T20:40:10.911+0000] {dag.py:4156} INFO - Setting next_dagrun for nba_data_pipeline to 2024-10-28 00:00:00+00:00, run_after=2024-10-29 00:00:00+00:00
[2024-10-28T20:40:10.935+0000] {processor.py:208} INFO - Processing /opt/airflow/dags/nba_data_pipeline.py took 0.284 seconds
[2024-10-28T20:40:41.255+0000] {processor.py:186} INFO - Started process (PID=397) to work on /opt/airflow/dags/nba_data_pipeline.py
[2024-10-28T20:40:41.257+0000] {processor.py:914} INFO - Processing file /opt/airflow/dags/nba_data_pipeline.py for tasks to queue
[2024-10-28T20:40:41.260+0000] {logging_mixin.py:190} INFO - [2024-10-28T20:40:41.259+0000] {dagbag.py:587} INFO - Filling up the DagBag from /opt/airflow/dags/nba_data_pipeline.py
[2024-10-28T20:40:41.272+0000] {processor.py:925} INFO - DAG(s) 'nba_data_pipeline' retrieved from /opt/airflow/dags/nba_data_pipeline.py
[2024-10-28T20:40:41.471+0000] {logging_mixin.py:190} INFO - [2024-10-28T20:40:41.470+0000] {dag.py:3229} INFO - Sync 1 DAGs
[2024-10-28T20:40:41.500+0000] {logging_mixin.py:190} INFO - [2024-10-28T20:40:41.500+0000] {dag.py:4156} INFO - Setting next_dagrun for nba_data_pipeline to 2024-10-28 00:00:00+00:00, run_after=2024-10-29 00:00:00+00:00
[2024-10-28T20:40:41.523+0000] {processor.py:208} INFO - Processing /opt/airflow/dags/nba_data_pipeline.py took 0.278 seconds
[2024-10-28T20:41:11.793+0000] {processor.py:186} INFO - Started process (PID=402) to work on /opt/airflow/dags/nba_data_pipeline.py
[2024-10-28T20:41:11.794+0000] {processor.py:914} INFO - Processing file /opt/airflow/dags/nba_data_pipeline.py for tasks to queue
[2024-10-28T20:41:11.974+0000] {logging_mixin.py:190} INFO - [2024-10-28T20:41:11.973+0000] {dagbag.py:587} INFO - Filling up the DagBag from /opt/airflow/dags/nba_data_pipeline.py
[2024-10-28T20:41:11.985+0000] {processor.py:925} INFO - DAG(s) 'nba_data_pipeline' retrieved from /opt/airflow/dags/nba_data_pipeline.py
[2024-10-28T20:41:12.017+0000] {logging_mixin.py:190} INFO - [2024-10-28T20:41:12.016+0000] {dag.py:3229} INFO - Sync 1 DAGs
[2024-10-28T20:41:12.044+0000] {logging_mixin.py:190} INFO - [2024-10-28T20:41:12.044+0000] {dag.py:4156} INFO - Setting next_dagrun for nba_data_pipeline to 2024-10-28 00:00:00+00:00, run_after=2024-10-29 00:00:00+00:00
[2024-10-28T20:41:12.065+0000] {processor.py:208} INFO - Processing /opt/airflow/dags/nba_data_pipeline.py took 0.283 seconds
[2024-10-28T20:41:42.157+0000] {processor.py:186} INFO - Started process (PID=407) to work on /opt/airflow/dags/nba_data_pipeline.py
[2024-10-28T20:41:42.158+0000] {processor.py:914} INFO - Processing file /opt/airflow/dags/nba_data_pipeline.py for tasks to queue
[2024-10-28T20:41:42.162+0000] {logging_mixin.py:190} INFO - [2024-10-28T20:41:42.162+0000] {dagbag.py:587} INFO - Filling up the DagBag from /opt/airflow/dags/nba_data_pipeline.py
[2024-10-28T20:41:42.176+0000] {processor.py:925} INFO - DAG(s) 'nba_data_pipeline' retrieved from /opt/airflow/dags/nba_data_pipeline.py
[2024-10-28T20:41:42.209+0000] {logging_mixin.py:190} INFO - [2024-10-28T20:41:42.209+0000] {dag.py:3229} INFO - Sync 1 DAGs
[2024-10-28T20:41:42.238+0000] {logging_mixin.py:190} INFO - [2024-10-28T20:41:42.237+0000] {dag.py:4156} INFO - Setting next_dagrun for nba_data_pipeline to 2024-10-28 00:00:00+00:00, run_after=2024-10-29 00:00:00+00:00
[2024-10-28T20:41:42.260+0000] {processor.py:208} INFO - Processing /opt/airflow/dags/nba_data_pipeline.py took 0.114 seconds
[2024-10-28T20:42:12.393+0000] {processor.py:186} INFO - Started process (PID=412) to work on /opt/airflow/dags/nba_data_pipeline.py
[2024-10-28T20:42:12.404+0000] {processor.py:914} INFO - Processing file /opt/airflow/dags/nba_data_pipeline.py for tasks to queue
[2024-10-28T20:42:12.424+0000] {logging_mixin.py:190} INFO - [2024-10-28T20:42:12.423+0000] {dagbag.py:587} INFO - Filling up the DagBag from /opt/airflow/dags/nba_data_pipeline.py
[2024-10-28T20:42:12.437+0000] {processor.py:925} INFO - DAG(s) 'nba_data_pipeline' retrieved from /opt/airflow/dags/nba_data_pipeline.py
[2024-10-28T20:42:12.472+0000] {logging_mixin.py:190} INFO - [2024-10-28T20:42:12.471+0000] {dag.py:3229} INFO - Sync 1 DAGs
[2024-10-28T20:42:12.502+0000] {logging_mixin.py:190} INFO - [2024-10-28T20:42:12.501+0000] {dag.py:4156} INFO - Setting next_dagrun for nba_data_pipeline to 2024-10-28 00:00:00+00:00, run_after=2024-10-29 00:00:00+00:00
[2024-10-28T20:42:12.522+0000] {processor.py:208} INFO - Processing /opt/airflow/dags/nba_data_pipeline.py took 0.140 seconds
[2024-10-28T20:42:42.750+0000] {processor.py:186} INFO - Started process (PID=417) to work on /opt/airflow/dags/nba_data_pipeline.py
[2024-10-28T20:42:42.755+0000] {processor.py:914} INFO - Processing file /opt/airflow/dags/nba_data_pipeline.py for tasks to queue
[2024-10-28T20:42:42.776+0000] {logging_mixin.py:190} INFO - [2024-10-28T20:42:42.775+0000] {dagbag.py:587} INFO - Filling up the DagBag from /opt/airflow/dags/nba_data_pipeline.py
[2024-10-28T20:42:42.809+0000] {processor.py:925} INFO - DAG(s) 'nba_data_pipeline' retrieved from /opt/airflow/dags/nba_data_pipeline.py
[2024-10-28T20:42:42.848+0000] {logging_mixin.py:190} INFO - [2024-10-28T20:42:42.848+0000] {dag.py:3229} INFO - Sync 1 DAGs
[2024-10-28T20:42:42.879+0000] {logging_mixin.py:190} INFO - [2024-10-28T20:42:42.879+0000] {dag.py:4156} INFO - Setting next_dagrun for nba_data_pipeline to 2024-10-28 00:00:00+00:00, run_after=2024-10-29 00:00:00+00:00
[2024-10-28T20:42:42.899+0000] {processor.py:208} INFO - Processing /opt/airflow/dags/nba_data_pipeline.py took 0.159 seconds
[2024-10-28T20:43:13.019+0000] {processor.py:186} INFO - Started process (PID=422) to work on /opt/airflow/dags/nba_data_pipeline.py
[2024-10-28T20:43:13.020+0000] {processor.py:914} INFO - Processing file /opt/airflow/dags/nba_data_pipeline.py for tasks to queue
[2024-10-28T20:43:13.023+0000] {logging_mixin.py:190} INFO - [2024-10-28T20:43:13.023+0000] {dagbag.py:587} INFO - Filling up the DagBag from /opt/airflow/dags/nba_data_pipeline.py
[2024-10-28T20:43:13.036+0000] {processor.py:925} INFO - DAG(s) 'nba_data_pipeline' retrieved from /opt/airflow/dags/nba_data_pipeline.py
[2024-10-28T20:43:13.071+0000] {logging_mixin.py:190} INFO - [2024-10-28T20:43:13.070+0000] {dag.py:3229} INFO - Sync 1 DAGs
[2024-10-28T20:43:13.099+0000] {logging_mixin.py:190} INFO - [2024-10-28T20:43:13.099+0000] {dag.py:4156} INFO - Setting next_dagrun for nba_data_pipeline to 2024-10-28 00:00:00+00:00, run_after=2024-10-29 00:00:00+00:00
[2024-10-28T20:43:13.119+0000] {processor.py:208} INFO - Processing /opt/airflow/dags/nba_data_pipeline.py took 0.111 seconds
[2024-10-28T20:43:43.275+0000] {processor.py:186} INFO - Started process (PID=427) to work on /opt/airflow/dags/nba_data_pipeline.py
[2024-10-28T20:43:43.276+0000] {processor.py:914} INFO - Processing file /opt/airflow/dags/nba_data_pipeline.py for tasks to queue
[2024-10-28T20:43:43.279+0000] {logging_mixin.py:190} INFO - [2024-10-28T20:43:43.279+0000] {dagbag.py:587} INFO - Filling up the DagBag from /opt/airflow/dags/nba_data_pipeline.py
[2024-10-28T20:43:43.293+0000] {processor.py:925} INFO - DAG(s) 'nba_data_pipeline' retrieved from /opt/airflow/dags/nba_data_pipeline.py
[2024-10-28T20:43:43.327+0000] {logging_mixin.py:190} INFO - [2024-10-28T20:43:43.326+0000] {dag.py:3229} INFO - Sync 1 DAGs
[2024-10-28T20:43:43.358+0000] {logging_mixin.py:190} INFO - [2024-10-28T20:43:43.357+0000] {dag.py:4156} INFO - Setting next_dagrun for nba_data_pipeline to 2024-10-28 00:00:00+00:00, run_after=2024-10-29 00:00:00+00:00
[2024-10-28T20:43:43.378+0000] {processor.py:208} INFO - Processing /opt/airflow/dags/nba_data_pipeline.py took 0.114 seconds
[2024-10-28T20:44:13.632+0000] {processor.py:186} INFO - Started process (PID=432) to work on /opt/airflow/dags/nba_data_pipeline.py
[2024-10-28T20:44:13.633+0000] {processor.py:914} INFO - Processing file /opt/airflow/dags/nba_data_pipeline.py for tasks to queue
[2024-10-28T20:44:13.636+0000] {logging_mixin.py:190} INFO - [2024-10-28T20:44:13.636+0000] {dagbag.py:587} INFO - Filling up the DagBag from /opt/airflow/dags/nba_data_pipeline.py
[2024-10-28T20:44:13.649+0000] {processor.py:925} INFO - DAG(s) 'nba_data_pipeline' retrieved from /opt/airflow/dags/nba_data_pipeline.py
[2024-10-28T20:44:13.682+0000] {logging_mixin.py:190} INFO - [2024-10-28T20:44:13.682+0000] {dag.py:3229} INFO - Sync 1 DAGs
[2024-10-28T20:44:13.711+0000] {logging_mixin.py:190} INFO - [2024-10-28T20:44:13.711+0000] {dag.py:4156} INFO - Setting next_dagrun for nba_data_pipeline to 2024-10-28 00:00:00+00:00, run_after=2024-10-29 00:00:00+00:00
[2024-10-28T20:44:13.732+0000] {processor.py:208} INFO - Processing /opt/airflow/dags/nba_data_pipeline.py took 0.110 seconds
[2024-10-28T20:44:43.897+0000] {processor.py:186} INFO - Started process (PID=437) to work on /opt/airflow/dags/nba_data_pipeline.py
[2024-10-28T20:44:43.898+0000] {processor.py:914} INFO - Processing file /opt/airflow/dags/nba_data_pipeline.py for tasks to queue
[2024-10-28T20:44:43.902+0000] {logging_mixin.py:190} INFO - [2024-10-28T20:44:43.901+0000] {dagbag.py:587} INFO - Filling up the DagBag from /opt/airflow/dags/nba_data_pipeline.py
[2024-10-28T20:44:43.916+0000] {processor.py:925} INFO - DAG(s) 'nba_data_pipeline' retrieved from /opt/airflow/dags/nba_data_pipeline.py
[2024-10-28T20:44:43.952+0000] {logging_mixin.py:190} INFO - [2024-10-28T20:44:43.952+0000] {dag.py:3229} INFO - Sync 1 DAGs
[2024-10-28T20:44:43.981+0000] {logging_mixin.py:190} INFO - [2024-10-28T20:44:43.981+0000] {dag.py:4156} INFO - Setting next_dagrun for nba_data_pipeline to 2024-10-28 00:00:00+00:00, run_after=2024-10-29 00:00:00+00:00
[2024-10-28T20:44:44.004+0000] {processor.py:208} INFO - Processing /opt/airflow/dags/nba_data_pipeline.py took 0.117 seconds
[2024-10-28T20:45:14.240+0000] {processor.py:186} INFO - Started process (PID=442) to work on /opt/airflow/dags/nba_data_pipeline.py
[2024-10-28T20:45:14.242+0000] {processor.py:914} INFO - Processing file /opt/airflow/dags/nba_data_pipeline.py for tasks to queue
[2024-10-28T20:45:14.246+0000] {logging_mixin.py:190} INFO - [2024-10-28T20:45:14.246+0000] {dagbag.py:587} INFO - Filling up the DagBag from /opt/airflow/dags/nba_data_pipeline.py
[2024-10-28T20:45:14.260+0000] {processor.py:925} INFO - DAG(s) 'nba_data_pipeline' retrieved from /opt/airflow/dags/nba_data_pipeline.py
[2024-10-28T20:45:14.296+0000] {logging_mixin.py:190} INFO - [2024-10-28T20:45:14.295+0000] {dag.py:3229} INFO - Sync 1 DAGs
[2024-10-28T20:45:14.326+0000] {logging_mixin.py:190} INFO - [2024-10-28T20:45:14.326+0000] {dag.py:4156} INFO - Setting next_dagrun for nba_data_pipeline to 2024-10-28 00:00:00+00:00, run_after=2024-10-29 00:00:00+00:00
[2024-10-28T20:45:14.348+0000] {processor.py:208} INFO - Processing /opt/airflow/dags/nba_data_pipeline.py took 0.118 seconds
[2024-10-28T20:45:44.524+0000] {processor.py:186} INFO - Started process (PID=447) to work on /opt/airflow/dags/nba_data_pipeline.py
[2024-10-28T20:45:44.525+0000] {processor.py:914} INFO - Processing file /opt/airflow/dags/nba_data_pipeline.py for tasks to queue
[2024-10-28T20:45:44.529+0000] {logging_mixin.py:190} INFO - [2024-10-28T20:45:44.529+0000] {dagbag.py:587} INFO - Filling up the DagBag from /opt/airflow/dags/nba_data_pipeline.py
[2024-10-28T20:45:44.542+0000] {processor.py:925} INFO - DAG(s) 'nba_data_pipeline' retrieved from /opt/airflow/dags/nba_data_pipeline.py
[2024-10-28T20:45:44.577+0000] {logging_mixin.py:190} INFO - [2024-10-28T20:45:44.577+0000] {dag.py:3229} INFO - Sync 1 DAGs
[2024-10-28T20:45:44.611+0000] {logging_mixin.py:190} INFO - [2024-10-28T20:45:44.610+0000] {dag.py:4156} INFO - Setting next_dagrun for nba_data_pipeline to 2024-10-28 00:00:00+00:00, run_after=2024-10-29 00:00:00+00:00
[2024-10-28T20:45:44.632+0000] {processor.py:208} INFO - Processing /opt/airflow/dags/nba_data_pipeline.py took 0.118 seconds
[2024-10-28T20:46:14.843+0000] {processor.py:186} INFO - Started process (PID=452) to work on /opt/airflow/dags/nba_data_pipeline.py
[2024-10-28T20:46:14.845+0000] {processor.py:914} INFO - Processing file /opt/airflow/dags/nba_data_pipeline.py for tasks to queue
[2024-10-28T20:46:14.847+0000] {logging_mixin.py:190} INFO - [2024-10-28T20:46:14.847+0000] {dagbag.py:587} INFO - Filling up the DagBag from /opt/airflow/dags/nba_data_pipeline.py
[2024-10-28T20:46:14.860+0000] {processor.py:925} INFO - DAG(s) 'nba_data_pipeline' retrieved from /opt/airflow/dags/nba_data_pipeline.py
[2024-10-28T20:46:14.895+0000] {logging_mixin.py:190} INFO - [2024-10-28T20:46:14.895+0000] {dag.py:3229} INFO - Sync 1 DAGs
[2024-10-28T20:46:14.925+0000] {logging_mixin.py:190} INFO - [2024-10-28T20:46:14.925+0000] {dag.py:4156} INFO - Setting next_dagrun for nba_data_pipeline to 2024-10-28 00:00:00+00:00, run_after=2024-10-29 00:00:00+00:00
[2024-10-28T20:46:14.945+0000] {processor.py:208} INFO - Processing /opt/airflow/dags/nba_data_pipeline.py took 0.110 seconds
[2024-10-28T20:46:45.099+0000] {processor.py:186} INFO - Started process (PID=457) to work on /opt/airflow/dags/nba_data_pipeline.py
[2024-10-28T20:46:45.100+0000] {processor.py:914} INFO - Processing file /opt/airflow/dags/nba_data_pipeline.py for tasks to queue
[2024-10-28T20:46:45.103+0000] {logging_mixin.py:190} INFO - [2024-10-28T20:46:45.102+0000] {dagbag.py:587} INFO - Filling up the DagBag from /opt/airflow/dags/nba_data_pipeline.py
[2024-10-28T20:46:45.115+0000] {processor.py:925} INFO - DAG(s) 'nba_data_pipeline' retrieved from /opt/airflow/dags/nba_data_pipeline.py
[2024-10-28T20:46:45.148+0000] {logging_mixin.py:190} INFO - [2024-10-28T20:46:45.147+0000] {dag.py:3229} INFO - Sync 1 DAGs
[2024-10-28T20:46:45.178+0000] {logging_mixin.py:190} INFO - [2024-10-28T20:46:45.178+0000] {dag.py:4156} INFO - Setting next_dagrun for nba_data_pipeline to 2024-10-28 00:00:00+00:00, run_after=2024-10-29 00:00:00+00:00
[2024-10-28T20:46:45.199+0000] {processor.py:208} INFO - Processing /opt/airflow/dags/nba_data_pipeline.py took 0.111 seconds
[2024-10-28T20:47:15.453+0000] {processor.py:186} INFO - Started process (PID=462) to work on /opt/airflow/dags/nba_data_pipeline.py
[2024-10-28T20:47:15.455+0000] {processor.py:914} INFO - Processing file /opt/airflow/dags/nba_data_pipeline.py for tasks to queue
[2024-10-28T20:47:15.458+0000] {logging_mixin.py:190} INFO - [2024-10-28T20:47:15.457+0000] {dagbag.py:587} INFO - Filling up the DagBag from /opt/airflow/dags/nba_data_pipeline.py
[2024-10-28T20:47:15.471+0000] {processor.py:925} INFO - DAG(s) 'nba_data_pipeline' retrieved from /opt/airflow/dags/nba_data_pipeline.py
[2024-10-28T20:47:15.505+0000] {logging_mixin.py:190} INFO - [2024-10-28T20:47:15.505+0000] {dag.py:3229} INFO - Sync 1 DAGs
[2024-10-28T20:47:15.534+0000] {logging_mixin.py:190} INFO - [2024-10-28T20:47:15.534+0000] {dag.py:4156} INFO - Setting next_dagrun for nba_data_pipeline to 2024-10-28 00:00:00+00:00, run_after=2024-10-29 00:00:00+00:00
[2024-10-28T20:47:15.556+0000] {processor.py:208} INFO - Processing /opt/airflow/dags/nba_data_pipeline.py took 0.112 seconds
[2024-10-28T20:47:45.798+0000] {processor.py:186} INFO - Started process (PID=467) to work on /opt/airflow/dags/nba_data_pipeline.py
[2024-10-28T20:47:45.799+0000] {processor.py:914} INFO - Processing file /opt/airflow/dags/nba_data_pipeline.py for tasks to queue
[2024-10-28T20:47:45.803+0000] {logging_mixin.py:190} INFO - [2024-10-28T20:47:45.802+0000] {dagbag.py:587} INFO - Filling up the DagBag from /opt/airflow/dags/nba_data_pipeline.py
[2024-10-28T20:47:45.816+0000] {processor.py:925} INFO - DAG(s) 'nba_data_pipeline' retrieved from /opt/airflow/dags/nba_data_pipeline.py
[2024-10-28T20:47:45.850+0000] {logging_mixin.py:190} INFO - [2024-10-28T20:47:45.850+0000] {dag.py:3229} INFO - Sync 1 DAGs
[2024-10-28T20:47:45.882+0000] {logging_mixin.py:190} INFO - [2024-10-28T20:47:45.881+0000] {dag.py:4156} INFO - Setting next_dagrun for nba_data_pipeline to 2024-10-28 00:00:00+00:00, run_after=2024-10-29 00:00:00+00:00
[2024-10-28T20:47:45.902+0000] {processor.py:208} INFO - Processing /opt/airflow/dags/nba_data_pipeline.py took 0.116 seconds
[2024-10-28T20:48:16.095+0000] {processor.py:186} INFO - Started process (PID=472) to work on /opt/airflow/dags/nba_data_pipeline.py
[2024-10-28T20:48:16.096+0000] {processor.py:914} INFO - Processing file /opt/airflow/dags/nba_data_pipeline.py for tasks to queue
[2024-10-28T20:48:16.100+0000] {logging_mixin.py:190} INFO - [2024-10-28T20:48:16.100+0000] {dagbag.py:587} INFO - Filling up the DagBag from /opt/airflow/dags/nba_data_pipeline.py
[2024-10-28T20:48:16.113+0000] {processor.py:925} INFO - DAG(s) 'nba_data_pipeline' retrieved from /opt/airflow/dags/nba_data_pipeline.py
[2024-10-28T20:48:16.147+0000] {logging_mixin.py:190} INFO - [2024-10-28T20:48:16.147+0000] {dag.py:3229} INFO - Sync 1 DAGs
[2024-10-28T20:48:16.177+0000] {logging_mixin.py:190} INFO - [2024-10-28T20:48:16.177+0000] {dag.py:4156} INFO - Setting next_dagrun for nba_data_pipeline to 2024-10-28 00:00:00+00:00, run_after=2024-10-29 00:00:00+00:00
[2024-10-28T20:48:16.198+0000] {processor.py:208} INFO - Processing /opt/airflow/dags/nba_data_pipeline.py took 0.114 seconds
[2024-10-28T20:48:46.413+0000] {processor.py:186} INFO - Started process (PID=477) to work on /opt/airflow/dags/nba_data_pipeline.py
[2024-10-28T20:48:46.414+0000] {processor.py:914} INFO - Processing file /opt/airflow/dags/nba_data_pipeline.py for tasks to queue
[2024-10-28T20:48:46.418+0000] {logging_mixin.py:190} INFO - [2024-10-28T20:48:46.418+0000] {dagbag.py:587} INFO - Filling up the DagBag from /opt/airflow/dags/nba_data_pipeline.py
[2024-10-28T20:48:46.433+0000] {processor.py:925} INFO - DAG(s) 'nba_data_pipeline' retrieved from /opt/airflow/dags/nba_data_pipeline.py
[2024-10-28T20:48:46.465+0000] {logging_mixin.py:190} INFO - [2024-10-28T20:48:46.465+0000] {dag.py:3229} INFO - Sync 1 DAGs
[2024-10-28T20:48:46.498+0000] {logging_mixin.py:190} INFO - [2024-10-28T20:48:46.498+0000] {dag.py:4156} INFO - Setting next_dagrun for nba_data_pipeline to 2024-10-28 00:00:00+00:00, run_after=2024-10-29 00:00:00+00:00
[2024-10-28T20:48:46.520+0000] {processor.py:208} INFO - Processing /opt/airflow/dags/nba_data_pipeline.py took 0.120 seconds
[2024-10-28T20:49:16.703+0000] {processor.py:186} INFO - Started process (PID=482) to work on /opt/airflow/dags/nba_data_pipeline.py
[2024-10-28T20:49:16.704+0000] {processor.py:914} INFO - Processing file /opt/airflow/dags/nba_data_pipeline.py for tasks to queue
[2024-10-28T20:49:16.708+0000] {logging_mixin.py:190} INFO - [2024-10-28T20:49:16.708+0000] {dagbag.py:587} INFO - Filling up the DagBag from /opt/airflow/dags/nba_data_pipeline.py
[2024-10-28T20:49:16.722+0000] {processor.py:925} INFO - DAG(s) 'nba_data_pipeline' retrieved from /opt/airflow/dags/nba_data_pipeline.py
[2024-10-28T20:49:16.755+0000] {logging_mixin.py:190} INFO - [2024-10-28T20:49:16.755+0000] {dag.py:3229} INFO - Sync 1 DAGs
[2024-10-28T20:49:16.784+0000] {logging_mixin.py:190} INFO - [2024-10-28T20:49:16.784+0000] {dag.py:4156} INFO - Setting next_dagrun for nba_data_pipeline to 2024-10-28 00:00:00+00:00, run_after=2024-10-29 00:00:00+00:00
[2024-10-28T20:49:16.807+0000] {processor.py:208} INFO - Processing /opt/airflow/dags/nba_data_pipeline.py took 0.114 seconds
[2024-10-28T20:49:46.974+0000] {processor.py:186} INFO - Started process (PID=487) to work on /opt/airflow/dags/nba_data_pipeline.py
[2024-10-28T20:49:46.975+0000] {processor.py:914} INFO - Processing file /opt/airflow/dags/nba_data_pipeline.py for tasks to queue
[2024-10-28T20:49:46.978+0000] {logging_mixin.py:190} INFO - [2024-10-28T20:49:46.978+0000] {dagbag.py:587} INFO - Filling up the DagBag from /opt/airflow/dags/nba_data_pipeline.py
[2024-10-28T20:49:46.990+0000] {processor.py:925} INFO - DAG(s) 'nba_data_pipeline' retrieved from /opt/airflow/dags/nba_data_pipeline.py
[2024-10-28T20:49:47.023+0000] {logging_mixin.py:190} INFO - [2024-10-28T20:49:47.023+0000] {dag.py:3229} INFO - Sync 1 DAGs
[2024-10-28T20:49:47.052+0000] {logging_mixin.py:190} INFO - [2024-10-28T20:49:47.051+0000] {dag.py:4156} INFO - Setting next_dagrun for nba_data_pipeline to 2024-10-28 00:00:00+00:00, run_after=2024-10-29 00:00:00+00:00
[2024-10-28T20:49:47.073+0000] {processor.py:208} INFO - Processing /opt/airflow/dags/nba_data_pipeline.py took 0.110 seconds
[2024-10-28T20:50:17.321+0000] {processor.py:186} INFO - Started process (PID=492) to work on /opt/airflow/dags/nba_data_pipeline.py
[2024-10-28T20:50:17.322+0000] {processor.py:914} INFO - Processing file /opt/airflow/dags/nba_data_pipeline.py for tasks to queue
[2024-10-28T20:50:17.325+0000] {logging_mixin.py:190} INFO - [2024-10-28T20:50:17.324+0000] {dagbag.py:587} INFO - Filling up the DagBag from /opt/airflow/dags/nba_data_pipeline.py
[2024-10-28T20:50:17.338+0000] {processor.py:925} INFO - DAG(s) 'nba_data_pipeline' retrieved from /opt/airflow/dags/nba_data_pipeline.py
[2024-10-28T20:50:17.372+0000] {logging_mixin.py:190} INFO - [2024-10-28T20:50:17.372+0000] {dag.py:3229} INFO - Sync 1 DAGs
[2024-10-28T20:50:17.401+0000] {logging_mixin.py:190} INFO - [2024-10-28T20:50:17.401+0000] {dag.py:4156} INFO - Setting next_dagrun for nba_data_pipeline to 2024-10-28 00:00:00+00:00, run_after=2024-10-29 00:00:00+00:00
[2024-10-28T20:50:17.423+0000] {processor.py:208} INFO - Processing /opt/airflow/dags/nba_data_pipeline.py took 0.114 seconds
[2024-10-28T20:50:47.599+0000] {processor.py:186} INFO - Started process (PID=497) to work on /opt/airflow/dags/nba_data_pipeline.py
[2024-10-28T20:50:47.600+0000] {processor.py:914} INFO - Processing file /opt/airflow/dags/nba_data_pipeline.py for tasks to queue
[2024-10-28T20:50:47.603+0000] {logging_mixin.py:190} INFO - [2024-10-28T20:50:47.603+0000] {dagbag.py:587} INFO - Filling up the DagBag from /opt/airflow/dags/nba_data_pipeline.py
[2024-10-28T20:50:47.616+0000] {processor.py:925} INFO - DAG(s) 'nba_data_pipeline' retrieved from /opt/airflow/dags/nba_data_pipeline.py
[2024-10-28T20:50:47.649+0000] {logging_mixin.py:190} INFO - [2024-10-28T20:50:47.649+0000] {dag.py:3229} INFO - Sync 1 DAGs
[2024-10-28T20:50:47.682+0000] {logging_mixin.py:190} INFO - [2024-10-28T20:50:47.682+0000] {dag.py:4156} INFO - Setting next_dagrun for nba_data_pipeline to 2024-10-28 00:00:00+00:00, run_after=2024-10-29 00:00:00+00:00
[2024-10-28T20:50:47.704+0000] {processor.py:208} INFO - Processing /opt/airflow/dags/nba_data_pipeline.py took 0.116 seconds
[2024-10-28T20:51:17.959+0000] {processor.py:186} INFO - Started process (PID=502) to work on /opt/airflow/dags/nba_data_pipeline.py
[2024-10-28T20:51:17.961+0000] {processor.py:914} INFO - Processing file /opt/airflow/dags/nba_data_pipeline.py for tasks to queue
[2024-10-28T20:51:17.965+0000] {logging_mixin.py:190} INFO - [2024-10-28T20:51:17.964+0000] {dagbag.py:587} INFO - Filling up the DagBag from /opt/airflow/dags/nba_data_pipeline.py
[2024-10-28T20:51:17.979+0000] {processor.py:925} INFO - DAG(s) 'nba_data_pipeline' retrieved from /opt/airflow/dags/nba_data_pipeline.py
[2024-10-28T20:51:18.017+0000] {logging_mixin.py:190} INFO - [2024-10-28T20:51:18.016+0000] {dag.py:3229} INFO - Sync 1 DAGs
[2024-10-28T20:51:18.050+0000] {logging_mixin.py:190} INFO - [2024-10-28T20:51:18.050+0000] {dag.py:4156} INFO - Setting next_dagrun for nba_data_pipeline to 2024-10-28 00:00:00+00:00, run_after=2024-10-29 00:00:00+00:00
[2024-10-28T20:51:18.071+0000] {processor.py:208} INFO - Processing /opt/airflow/dags/nba_data_pipeline.py took 0.124 seconds
[2024-10-28T20:51:48.219+0000] {processor.py:186} INFO - Started process (PID=507) to work on /opt/airflow/dags/nba_data_pipeline.py
[2024-10-28T20:51:48.221+0000] {processor.py:914} INFO - Processing file /opt/airflow/dags/nba_data_pipeline.py for tasks to queue
[2024-10-28T20:51:48.225+0000] {logging_mixin.py:190} INFO - [2024-10-28T20:51:48.225+0000] {dagbag.py:587} INFO - Filling up the DagBag from /opt/airflow/dags/nba_data_pipeline.py
[2024-10-28T20:51:48.238+0000] {processor.py:925} INFO - DAG(s) 'nba_data_pipeline' retrieved from /opt/airflow/dags/nba_data_pipeline.py
[2024-10-28T20:51:48.271+0000] {logging_mixin.py:190} INFO - [2024-10-28T20:51:48.271+0000] {dag.py:3229} INFO - Sync 1 DAGs
[2024-10-28T20:51:48.302+0000] {logging_mixin.py:190} INFO - [2024-10-28T20:51:48.302+0000] {dag.py:4156} INFO - Setting next_dagrun for nba_data_pipeline to 2024-10-28 00:00:00+00:00, run_after=2024-10-29 00:00:00+00:00
[2024-10-28T20:51:48.325+0000] {processor.py:208} INFO - Processing /opt/airflow/dags/nba_data_pipeline.py took 0.118 seconds
[2024-10-28T20:52:18.584+0000] {processor.py:186} INFO - Started process (PID=512) to work on /opt/airflow/dags/nba_data_pipeline.py
[2024-10-28T20:52:18.586+0000] {processor.py:914} INFO - Processing file /opt/airflow/dags/nba_data_pipeline.py for tasks to queue
[2024-10-28T20:52:18.589+0000] {logging_mixin.py:190} INFO - [2024-10-28T20:52:18.589+0000] {dagbag.py:587} INFO - Filling up the DagBag from /opt/airflow/dags/nba_data_pipeline.py
[2024-10-28T20:52:18.602+0000] {processor.py:925} INFO - DAG(s) 'nba_data_pipeline' retrieved from /opt/airflow/dags/nba_data_pipeline.py
[2024-10-28T20:52:18.635+0000] {logging_mixin.py:190} INFO - [2024-10-28T20:52:18.634+0000] {dag.py:3229} INFO - Sync 1 DAGs
[2024-10-28T20:52:18.665+0000] {logging_mixin.py:190} INFO - [2024-10-28T20:52:18.664+0000] {dag.py:4156} INFO - Setting next_dagrun for nba_data_pipeline to 2024-10-28 00:00:00+00:00, run_after=2024-10-29 00:00:00+00:00
[2024-10-28T20:52:18.685+0000] {processor.py:208} INFO - Processing /opt/airflow/dags/nba_data_pipeline.py took 0.111 seconds
[2024-10-28T20:52:48.861+0000] {processor.py:186} INFO - Started process (PID=517) to work on /opt/airflow/dags/nba_data_pipeline.py
[2024-10-28T20:52:48.862+0000] {processor.py:914} INFO - Processing file /opt/airflow/dags/nba_data_pipeline.py for tasks to queue
[2024-10-28T20:52:48.865+0000] {logging_mixin.py:190} INFO - [2024-10-28T20:52:48.865+0000] {dagbag.py:587} INFO - Filling up the DagBag from /opt/airflow/dags/nba_data_pipeline.py
[2024-10-28T20:52:48.878+0000] {processor.py:925} INFO - DAG(s) 'nba_data_pipeline' retrieved from /opt/airflow/dags/nba_data_pipeline.py
[2024-10-28T20:52:48.910+0000] {logging_mixin.py:190} INFO - [2024-10-28T20:52:48.910+0000] {dag.py:3229} INFO - Sync 1 DAGs
[2024-10-28T20:52:48.940+0000] {logging_mixin.py:190} INFO - [2024-10-28T20:52:48.940+0000] {dag.py:4156} INFO - Setting next_dagrun for nba_data_pipeline to 2024-10-28 00:00:00+00:00, run_after=2024-10-29 00:00:00+00:00
[2024-10-28T20:52:48.963+0000] {processor.py:208} INFO - Processing /opt/airflow/dags/nba_data_pipeline.py took 0.113 seconds
[2024-10-28T20:53:19.186+0000] {processor.py:186} INFO - Started process (PID=522) to work on /opt/airflow/dags/nba_data_pipeline.py
[2024-10-28T20:53:19.187+0000] {processor.py:914} INFO - Processing file /opt/airflow/dags/nba_data_pipeline.py for tasks to queue
[2024-10-28T20:53:19.193+0000] {logging_mixin.py:190} INFO - [2024-10-28T20:53:19.192+0000] {dagbag.py:587} INFO - Filling up the DagBag from /opt/airflow/dags/nba_data_pipeline.py
[2024-10-28T20:53:19.206+0000] {processor.py:925} INFO - DAG(s) 'nba_data_pipeline' retrieved from /opt/airflow/dags/nba_data_pipeline.py
[2024-10-28T20:53:19.241+0000] {logging_mixin.py:190} INFO - [2024-10-28T20:53:19.240+0000] {dag.py:3229} INFO - Sync 1 DAGs
[2024-10-28T20:53:19.272+0000] {logging_mixin.py:190} INFO - [2024-10-28T20:53:19.272+0000] {dag.py:4156} INFO - Setting next_dagrun for nba_data_pipeline to 2024-10-28 00:00:00+00:00, run_after=2024-10-29 00:00:00+00:00
[2024-10-28T20:53:19.294+0000] {processor.py:208} INFO - Processing /opt/airflow/dags/nba_data_pipeline.py took 0.118 seconds
[2024-10-28T20:53:49.468+0000] {processor.py:186} INFO - Started process (PID=527) to work on /opt/airflow/dags/nba_data_pipeline.py
[2024-10-28T20:53:49.470+0000] {processor.py:914} INFO - Processing file /opt/airflow/dags/nba_data_pipeline.py for tasks to queue
[2024-10-28T20:53:49.473+0000] {logging_mixin.py:190} INFO - [2024-10-28T20:53:49.472+0000] {dagbag.py:587} INFO - Filling up the DagBag from /opt/airflow/dags/nba_data_pipeline.py
[2024-10-28T20:53:49.485+0000] {processor.py:925} INFO - DAG(s) 'nba_data_pipeline' retrieved from /opt/airflow/dags/nba_data_pipeline.py
[2024-10-28T20:53:49.518+0000] {logging_mixin.py:190} INFO - [2024-10-28T20:53:49.518+0000] {dag.py:3229} INFO - Sync 1 DAGs
[2024-10-28T20:53:49.550+0000] {logging_mixin.py:190} INFO - [2024-10-28T20:53:49.550+0000] {dag.py:4156} INFO - Setting next_dagrun for nba_data_pipeline to 2024-10-28 00:00:00+00:00, run_after=2024-10-29 00:00:00+00:00
[2024-10-28T20:53:49.572+0000] {processor.py:208} INFO - Processing /opt/airflow/dags/nba_data_pipeline.py took 0.114 seconds
[2024-10-28T20:54:19.836+0000] {processor.py:186} INFO - Started process (PID=532) to work on /opt/airflow/dags/nba_data_pipeline.py
[2024-10-28T20:54:19.837+0000] {processor.py:914} INFO - Processing file /opt/airflow/dags/nba_data_pipeline.py for tasks to queue
[2024-10-28T20:54:19.840+0000] {logging_mixin.py:190} INFO - [2024-10-28T20:54:19.840+0000] {dagbag.py:587} INFO - Filling up the DagBag from /opt/airflow/dags/nba_data_pipeline.py
[2024-10-28T20:54:19.854+0000] {processor.py:925} INFO - DAG(s) 'nba_data_pipeline' retrieved from /opt/airflow/dags/nba_data_pipeline.py
[2024-10-28T20:54:19.888+0000] {logging_mixin.py:190} INFO - [2024-10-28T20:54:19.888+0000] {dag.py:3229} INFO - Sync 1 DAGs
[2024-10-28T20:54:19.919+0000] {logging_mixin.py:190} INFO - [2024-10-28T20:54:19.919+0000] {dag.py:4156} INFO - Setting next_dagrun for nba_data_pipeline to 2024-10-28 00:00:00+00:00, run_after=2024-10-29 00:00:00+00:00
[2024-10-28T20:54:19.941+0000] {processor.py:208} INFO - Processing /opt/airflow/dags/nba_data_pipeline.py took 0.116 seconds
[2024-10-28T20:54:50.096+0000] {processor.py:186} INFO - Started process (PID=537) to work on /opt/airflow/dags/nba_data_pipeline.py
[2024-10-28T20:54:50.098+0000] {processor.py:914} INFO - Processing file /opt/airflow/dags/nba_data_pipeline.py for tasks to queue
[2024-10-28T20:54:50.101+0000] {logging_mixin.py:190} INFO - [2024-10-28T20:54:50.101+0000] {dagbag.py:587} INFO - Filling up the DagBag from /opt/airflow/dags/nba_data_pipeline.py
[2024-10-28T20:54:50.114+0000] {processor.py:925} INFO - DAG(s) 'nba_data_pipeline' retrieved from /opt/airflow/dags/nba_data_pipeline.py
[2024-10-28T20:54:50.149+0000] {logging_mixin.py:190} INFO - [2024-10-28T20:54:50.148+0000] {dag.py:3229} INFO - Sync 1 DAGs
[2024-10-28T20:54:50.178+0000] {logging_mixin.py:190} INFO - [2024-10-28T20:54:50.178+0000] {dag.py:4156} INFO - Setting next_dagrun for nba_data_pipeline to 2024-10-28 00:00:00+00:00, run_after=2024-10-29 00:00:00+00:00
[2024-10-28T20:54:50.198+0000] {processor.py:208} INFO - Processing /opt/airflow/dags/nba_data_pipeline.py took 0.112 seconds
[2024-10-28T20:55:20.460+0000] {processor.py:186} INFO - Started process (PID=542) to work on /opt/airflow/dags/nba_data_pipeline.py
[2024-10-28T20:55:20.461+0000] {processor.py:914} INFO - Processing file /opt/airflow/dags/nba_data_pipeline.py for tasks to queue
[2024-10-28T20:55:20.465+0000] {logging_mixin.py:190} INFO - [2024-10-28T20:55:20.465+0000] {dagbag.py:587} INFO - Filling up the DagBag from /opt/airflow/dags/nba_data_pipeline.py
[2024-10-28T20:55:20.479+0000] {processor.py:925} INFO - DAG(s) 'nba_data_pipeline' retrieved from /opt/airflow/dags/nba_data_pipeline.py
[2024-10-28T20:55:20.513+0000] {logging_mixin.py:190} INFO - [2024-10-28T20:55:20.513+0000] {dag.py:3229} INFO - Sync 1 DAGs
[2024-10-28T20:55:20.545+0000] {logging_mixin.py:190} INFO - [2024-10-28T20:55:20.544+0000] {dag.py:4156} INFO - Setting next_dagrun for nba_data_pipeline to 2024-10-28 00:00:00+00:00, run_after=2024-10-29 00:00:00+00:00
[2024-10-28T20:55:20.566+0000] {processor.py:208} INFO - Processing /opt/airflow/dags/nba_data_pipeline.py took 0.116 seconds
[2024-10-28T20:55:50.722+0000] {processor.py:186} INFO - Started process (PID=547) to work on /opt/airflow/dags/nba_data_pipeline.py
[2024-10-28T20:55:50.723+0000] {processor.py:914} INFO - Processing file /opt/airflow/dags/nba_data_pipeline.py for tasks to queue
[2024-10-28T20:55:50.727+0000] {logging_mixin.py:190} INFO - [2024-10-28T20:55:50.726+0000] {dagbag.py:587} INFO - Filling up the DagBag from /opt/airflow/dags/nba_data_pipeline.py
[2024-10-28T20:55:50.739+0000] {processor.py:925} INFO - DAG(s) 'nba_data_pipeline' retrieved from /opt/airflow/dags/nba_data_pipeline.py
[2024-10-28T20:55:50.773+0000] {logging_mixin.py:190} INFO - [2024-10-28T20:55:50.772+0000] {dag.py:3229} INFO - Sync 1 DAGs
[2024-10-28T20:55:50.802+0000] {logging_mixin.py:190} INFO - [2024-10-28T20:55:50.802+0000] {dag.py:4156} INFO - Setting next_dagrun for nba_data_pipeline to 2024-10-28 00:00:00+00:00, run_after=2024-10-29 00:00:00+00:00
[2024-10-28T20:55:50.824+0000] {processor.py:208} INFO - Processing /opt/airflow/dags/nba_data_pipeline.py took 0.113 seconds
[2024-10-28T20:56:21.098+0000] {processor.py:186} INFO - Started process (PID=552) to work on /opt/airflow/dags/nba_data_pipeline.py
[2024-10-28T20:56:21.099+0000] {processor.py:914} INFO - Processing file /opt/airflow/dags/nba_data_pipeline.py for tasks to queue
[2024-10-28T20:56:21.102+0000] {logging_mixin.py:190} INFO - [2024-10-28T20:56:21.101+0000] {dagbag.py:587} INFO - Filling up the DagBag from /opt/airflow/dags/nba_data_pipeline.py
[2024-10-28T20:56:21.114+0000] {processor.py:925} INFO - DAG(s) 'nba_data_pipeline' retrieved from /opt/airflow/dags/nba_data_pipeline.py
[2024-10-28T20:56:21.146+0000] {logging_mixin.py:190} INFO - [2024-10-28T20:56:21.146+0000] {dag.py:3229} INFO - Sync 1 DAGs
[2024-10-28T20:56:21.176+0000] {logging_mixin.py:190} INFO - [2024-10-28T20:56:21.176+0000] {dag.py:4156} INFO - Setting next_dagrun for nba_data_pipeline to 2024-10-28 00:00:00+00:00, run_after=2024-10-29 00:00:00+00:00
[2024-10-28T20:56:21.198+0000] {processor.py:208} INFO - Processing /opt/airflow/dags/nba_data_pipeline.py took 0.111 seconds
[2024-10-28T20:56:51.368+0000] {processor.py:186} INFO - Started process (PID=557) to work on /opt/airflow/dags/nba_data_pipeline.py
[2024-10-28T20:56:51.369+0000] {processor.py:914} INFO - Processing file /opt/airflow/dags/nba_data_pipeline.py for tasks to queue
[2024-10-28T20:56:51.372+0000] {logging_mixin.py:190} INFO - [2024-10-28T20:56:51.372+0000] {dagbag.py:587} INFO - Filling up the DagBag from /opt/airflow/dags/nba_data_pipeline.py
[2024-10-28T20:56:51.385+0000] {processor.py:925} INFO - DAG(s) 'nba_data_pipeline' retrieved from /opt/airflow/dags/nba_data_pipeline.py
[2024-10-28T20:56:51.419+0000] {logging_mixin.py:190} INFO - [2024-10-28T20:56:51.419+0000] {dag.py:3229} INFO - Sync 1 DAGs
[2024-10-28T20:56:51.450+0000] {logging_mixin.py:190} INFO - [2024-10-28T20:56:51.449+0000] {dag.py:4156} INFO - Setting next_dagrun for nba_data_pipeline to 2024-10-28 00:00:00+00:00, run_after=2024-10-29 00:00:00+00:00
[2024-10-28T20:56:51.470+0000] {processor.py:208} INFO - Processing /opt/airflow/dags/nba_data_pipeline.py took 0.113 seconds
[2024-10-28T20:57:21.764+0000] {processor.py:186} INFO - Started process (PID=562) to work on /opt/airflow/dags/nba_data_pipeline.py
[2024-10-28T20:57:21.766+0000] {processor.py:914} INFO - Processing file /opt/airflow/dags/nba_data_pipeline.py for tasks to queue
[2024-10-28T20:57:21.769+0000] {logging_mixin.py:190} INFO - [2024-10-28T20:57:21.768+0000] {dagbag.py:587} INFO - Filling up the DagBag from /opt/airflow/dags/nba_data_pipeline.py
[2024-10-28T20:57:21.782+0000] {processor.py:925} INFO - DAG(s) 'nba_data_pipeline' retrieved from /opt/airflow/dags/nba_data_pipeline.py
[2024-10-28T20:57:21.816+0000] {logging_mixin.py:190} INFO - [2024-10-28T20:57:21.816+0000] {dag.py:3229} INFO - Sync 1 DAGs
[2024-10-28T20:57:21.845+0000] {logging_mixin.py:190} INFO - [2024-10-28T20:57:21.845+0000] {dag.py:4156} INFO - Setting next_dagrun for nba_data_pipeline to 2024-10-28 00:00:00+00:00, run_after=2024-10-29 00:00:00+00:00
[2024-10-28T20:57:21.866+0000] {processor.py:208} INFO - Processing /opt/airflow/dags/nba_data_pipeline.py took 0.111 seconds
[2024-10-28T20:57:52.028+0000] {processor.py:186} INFO - Started process (PID=567) to work on /opt/airflow/dags/nba_data_pipeline.py
[2024-10-28T20:57:52.029+0000] {processor.py:914} INFO - Processing file /opt/airflow/dags/nba_data_pipeline.py for tasks to queue
[2024-10-28T20:57:52.032+0000] {logging_mixin.py:190} INFO - [2024-10-28T20:57:52.032+0000] {dagbag.py:587} INFO - Filling up the DagBag from /opt/airflow/dags/nba_data_pipeline.py
[2024-10-28T20:57:52.046+0000] {processor.py:925} INFO - DAG(s) 'nba_data_pipeline' retrieved from /opt/airflow/dags/nba_data_pipeline.py
[2024-10-28T20:57:52.081+0000] {logging_mixin.py:190} INFO - [2024-10-28T20:57:52.080+0000] {dag.py:3229} INFO - Sync 1 DAGs
[2024-10-28T20:57:52.111+0000] {logging_mixin.py:190} INFO - [2024-10-28T20:57:52.111+0000] {dag.py:4156} INFO - Setting next_dagrun for nba_data_pipeline to 2024-10-28 00:00:00+00:00, run_after=2024-10-29 00:00:00+00:00
[2024-10-28T20:57:52.131+0000] {processor.py:208} INFO - Processing /opt/airflow/dags/nba_data_pipeline.py took 0.114 seconds
[2024-10-28T20:58:22.383+0000] {processor.py:186} INFO - Started process (PID=572) to work on /opt/airflow/dags/nba_data_pipeline.py
[2024-10-28T20:58:22.384+0000] {processor.py:914} INFO - Processing file /opt/airflow/dags/nba_data_pipeline.py for tasks to queue
[2024-10-28T20:58:22.387+0000] {logging_mixin.py:190} INFO - [2024-10-28T20:58:22.386+0000] {dagbag.py:587} INFO - Filling up the DagBag from /opt/airflow/dags/nba_data_pipeline.py
[2024-10-28T20:58:22.399+0000] {processor.py:925} INFO - DAG(s) 'nba_data_pipeline' retrieved from /opt/airflow/dags/nba_data_pipeline.py
[2024-10-28T20:58:22.430+0000] {logging_mixin.py:190} INFO - [2024-10-28T20:58:22.430+0000] {dag.py:3229} INFO - Sync 1 DAGs
[2024-10-28T20:58:22.458+0000] {logging_mixin.py:190} INFO - [2024-10-28T20:58:22.458+0000] {dag.py:4156} INFO - Setting next_dagrun for nba_data_pipeline to 2024-10-28 00:00:00+00:00, run_after=2024-10-29 00:00:00+00:00
[2024-10-28T20:58:22.478+0000] {processor.py:208} INFO - Processing /opt/airflow/dags/nba_data_pipeline.py took 0.104 seconds
[2024-10-28T20:58:52.643+0000] {processor.py:186} INFO - Started process (PID=577) to work on /opt/airflow/dags/nba_data_pipeline.py
[2024-10-28T20:58:52.645+0000] {processor.py:914} INFO - Processing file /opt/airflow/dags/nba_data_pipeline.py for tasks to queue
[2024-10-28T20:58:52.648+0000] {logging_mixin.py:190} INFO - [2024-10-28T20:58:52.647+0000] {dagbag.py:587} INFO - Filling up the DagBag from /opt/airflow/dags/nba_data_pipeline.py
[2024-10-28T20:58:52.661+0000] {processor.py:925} INFO - DAG(s) 'nba_data_pipeline' retrieved from /opt/airflow/dags/nba_data_pipeline.py
[2024-10-28T20:58:52.694+0000] {logging_mixin.py:190} INFO - [2024-10-28T20:58:52.693+0000] {dag.py:3229} INFO - Sync 1 DAGs
[2024-10-28T20:58:52.722+0000] {logging_mixin.py:190} INFO - [2024-10-28T20:58:52.722+0000] {dag.py:4156} INFO - Setting next_dagrun for nba_data_pipeline to 2024-10-28 00:00:00+00:00, run_after=2024-10-29 00:00:00+00:00
[2024-10-28T20:58:52.744+0000] {processor.py:208} INFO - Processing /opt/airflow/dags/nba_data_pipeline.py took 0.111 seconds
[2024-10-28T20:59:23.000+0000] {processor.py:186} INFO - Started process (PID=582) to work on /opt/airflow/dags/nba_data_pipeline.py
[2024-10-28T20:59:23.001+0000] {processor.py:914} INFO - Processing file /opt/airflow/dags/nba_data_pipeline.py for tasks to queue
[2024-10-28T20:59:23.005+0000] {logging_mixin.py:190} INFO - [2024-10-28T20:59:23.005+0000] {dagbag.py:587} INFO - Filling up the DagBag from /opt/airflow/dags/nba_data_pipeline.py
[2024-10-28T20:59:23.018+0000] {processor.py:925} INFO - DAG(s) 'nba_data_pipeline' retrieved from /opt/airflow/dags/nba_data_pipeline.py
[2024-10-28T20:59:23.050+0000] {logging_mixin.py:190} INFO - [2024-10-28T20:59:23.050+0000] {dag.py:3229} INFO - Sync 1 DAGs
[2024-10-28T20:59:23.079+0000] {logging_mixin.py:190} INFO - [2024-10-28T20:59:23.079+0000] {dag.py:4156} INFO - Setting next_dagrun for nba_data_pipeline to 2024-10-28 00:00:00+00:00, run_after=2024-10-29 00:00:00+00:00
[2024-10-28T20:59:23.100+0000] {processor.py:208} INFO - Processing /opt/airflow/dags/nba_data_pipeline.py took 0.110 seconds
[2024-10-28T20:59:53.269+0000] {processor.py:186} INFO - Started process (PID=587) to work on /opt/airflow/dags/nba_data_pipeline.py
[2024-10-28T20:59:53.270+0000] {processor.py:914} INFO - Processing file /opt/airflow/dags/nba_data_pipeline.py for tasks to queue
[2024-10-28T20:59:53.275+0000] {logging_mixin.py:190} INFO - [2024-10-28T20:59:53.275+0000] {dagbag.py:587} INFO - Filling up the DagBag from /opt/airflow/dags/nba_data_pipeline.py
[2024-10-28T20:59:53.288+0000] {processor.py:925} INFO - DAG(s) 'nba_data_pipeline' retrieved from /opt/airflow/dags/nba_data_pipeline.py
[2024-10-28T20:59:53.322+0000] {logging_mixin.py:190} INFO - [2024-10-28T20:59:53.322+0000] {dag.py:3229} INFO - Sync 1 DAGs
[2024-10-28T20:59:53.355+0000] {logging_mixin.py:190} INFO - [2024-10-28T20:59:53.355+0000] {dag.py:4156} INFO - Setting next_dagrun for nba_data_pipeline to 2024-10-28 00:00:00+00:00, run_after=2024-10-29 00:00:00+00:00
[2024-10-28T20:59:53.376+0000] {processor.py:208} INFO - Processing /opt/airflow/dags/nba_data_pipeline.py took 0.120 seconds
[2024-10-28T21:00:23.623+0000] {processor.py:186} INFO - Started process (PID=592) to work on /opt/airflow/dags/nba_data_pipeline.py
[2024-10-28T21:00:23.625+0000] {processor.py:914} INFO - Processing file /opt/airflow/dags/nba_data_pipeline.py for tasks to queue
[2024-10-28T21:00:23.629+0000] {logging_mixin.py:190} INFO - [2024-10-28T21:00:23.628+0000] {dagbag.py:587} INFO - Filling up the DagBag from /opt/airflow/dags/nba_data_pipeline.py
[2024-10-28T21:00:23.641+0000] {processor.py:925} INFO - DAG(s) 'nba_data_pipeline' retrieved from /opt/airflow/dags/nba_data_pipeline.py
[2024-10-28T21:00:23.696+0000] {logging_mixin.py:190} INFO - [2024-10-28T21:00:23.695+0000] {dag.py:3229} INFO - Sync 1 DAGs
[2024-10-28T21:00:23.726+0000] {logging_mixin.py:190} INFO - [2024-10-28T21:00:23.726+0000] {dag.py:4156} INFO - Setting next_dagrun for nba_data_pipeline to 2024-10-28 00:00:00+00:00, run_after=2024-10-29 00:00:00+00:00
[2024-10-28T21:00:23.750+0000] {processor.py:208} INFO - Processing /opt/airflow/dags/nba_data_pipeline.py took 0.137 seconds
[2024-10-28T21:00:53.898+0000] {processor.py:186} INFO - Started process (PID=597) to work on /opt/airflow/dags/nba_data_pipeline.py
[2024-10-28T21:00:53.899+0000] {processor.py:914} INFO - Processing file /opt/airflow/dags/nba_data_pipeline.py for tasks to queue
[2024-10-28T21:00:53.903+0000] {logging_mixin.py:190} INFO - [2024-10-28T21:00:53.903+0000] {dagbag.py:587} INFO - Filling up the DagBag from /opt/airflow/dags/nba_data_pipeline.py
[2024-10-28T21:00:53.917+0000] {processor.py:925} INFO - DAG(s) 'nba_data_pipeline' retrieved from /opt/airflow/dags/nba_data_pipeline.py
[2024-10-28T21:00:53.952+0000] {logging_mixin.py:190} INFO - [2024-10-28T21:00:53.952+0000] {dag.py:3229} INFO - Sync 1 DAGs
[2024-10-28T21:00:53.986+0000] {logging_mixin.py:190} INFO - [2024-10-28T21:00:53.986+0000] {dag.py:4156} INFO - Setting next_dagrun for nba_data_pipeline to 2024-10-28 00:00:00+00:00, run_after=2024-10-29 00:00:00+00:00
[2024-10-28T21:00:54.007+0000] {processor.py:208} INFO - Processing /opt/airflow/dags/nba_data_pipeline.py took 0.121 seconds
[2024-10-28T21:01:24.311+0000] {processor.py:186} INFO - Started process (PID=602) to work on /opt/airflow/dags/nba_data_pipeline.py
[2024-10-28T21:01:24.313+0000] {processor.py:914} INFO - Processing file /opt/airflow/dags/nba_data_pipeline.py for tasks to queue
[2024-10-28T21:01:24.316+0000] {logging_mixin.py:190} INFO - [2024-10-28T21:01:24.315+0000] {dagbag.py:587} INFO - Filling up the DagBag from /opt/airflow/dags/nba_data_pipeline.py
[2024-10-28T21:01:24.331+0000] {processor.py:925} INFO - DAG(s) 'nba_data_pipeline' retrieved from /opt/airflow/dags/nba_data_pipeline.py
[2024-10-28T21:01:24.369+0000] {logging_mixin.py:190} INFO - [2024-10-28T21:01:24.369+0000] {dag.py:3229} INFO - Sync 1 DAGs
[2024-10-28T21:01:24.404+0000] {logging_mixin.py:190} INFO - [2024-10-28T21:01:24.404+0000] {dag.py:4156} INFO - Setting next_dagrun for nba_data_pipeline to 2024-10-28 00:00:00+00:00, run_after=2024-10-29 00:00:00+00:00
[2024-10-28T21:01:24.427+0000] {processor.py:208} INFO - Processing /opt/airflow/dags/nba_data_pipeline.py took 0.125 seconds
[2024-10-28T21:01:54.591+0000] {processor.py:186} INFO - Started process (PID=607) to work on /opt/airflow/dags/nba_data_pipeline.py
[2024-10-28T21:01:54.593+0000] {processor.py:914} INFO - Processing file /opt/airflow/dags/nba_data_pipeline.py for tasks to queue
[2024-10-28T21:01:54.597+0000] {logging_mixin.py:190} INFO - [2024-10-28T21:01:54.596+0000] {dagbag.py:587} INFO - Filling up the DagBag from /opt/airflow/dags/nba_data_pipeline.py
[2024-10-28T21:01:54.610+0000] {processor.py:925} INFO - DAG(s) 'nba_data_pipeline' retrieved from /opt/airflow/dags/nba_data_pipeline.py
[2024-10-28T21:01:54.649+0000] {logging_mixin.py:190} INFO - [2024-10-28T21:01:54.649+0000] {dag.py:3229} INFO - Sync 1 DAGs
[2024-10-28T21:01:54.691+0000] {logging_mixin.py:190} INFO - [2024-10-28T21:01:54.691+0000] {dag.py:4156} INFO - Setting next_dagrun for nba_data_pipeline to 2024-10-28 00:00:00+00:00, run_after=2024-10-29 00:00:00+00:00
[2024-10-28T21:01:54.718+0000] {processor.py:208} INFO - Processing /opt/airflow/dags/nba_data_pipeline.py took 0.137 seconds
[2024-10-28T21:02:24.957+0000] {processor.py:186} INFO - Started process (PID=612) to work on /opt/airflow/dags/nba_data_pipeline.py
[2024-10-28T21:02:24.959+0000] {processor.py:914} INFO - Processing file /opt/airflow/dags/nba_data_pipeline.py for tasks to queue
[2024-10-28T21:02:24.964+0000] {logging_mixin.py:190} INFO - [2024-10-28T21:02:24.963+0000] {dagbag.py:587} INFO - Filling up the DagBag from /opt/airflow/dags/nba_data_pipeline.py
[2024-10-28T21:02:24.977+0000] {processor.py:925} INFO - DAG(s) 'nba_data_pipeline' retrieved from /opt/airflow/dags/nba_data_pipeline.py
[2024-10-28T21:02:25.016+0000] {logging_mixin.py:190} INFO - [2024-10-28T21:02:25.016+0000] {dag.py:3229} INFO - Sync 1 DAGs
[2024-10-28T21:02:25.048+0000] {logging_mixin.py:190} INFO - [2024-10-28T21:02:25.048+0000] {dag.py:4156} INFO - Setting next_dagrun for nba_data_pipeline to 2024-10-28 00:00:00+00:00, run_after=2024-10-29 00:00:00+00:00
[2024-10-28T21:02:25.074+0000] {processor.py:208} INFO - Processing /opt/airflow/dags/nba_data_pipeline.py took 0.128 seconds
[2024-10-28T21:02:55.258+0000] {processor.py:186} INFO - Started process (PID=617) to work on /opt/airflow/dags/nba_data_pipeline.py
[2024-10-28T21:02:55.260+0000] {processor.py:914} INFO - Processing file /opt/airflow/dags/nba_data_pipeline.py for tasks to queue
[2024-10-28T21:02:55.265+0000] {logging_mixin.py:190} INFO - [2024-10-28T21:02:55.264+0000] {dagbag.py:587} INFO - Filling up the DagBag from /opt/airflow/dags/nba_data_pipeline.py
[2024-10-28T21:02:55.277+0000] {processor.py:925} INFO - DAG(s) 'nba_data_pipeline' retrieved from /opt/airflow/dags/nba_data_pipeline.py
[2024-10-28T21:02:55.318+0000] {logging_mixin.py:190} INFO - [2024-10-28T21:02:55.318+0000] {dag.py:3229} INFO - Sync 1 DAGs
[2024-10-28T21:02:55.349+0000] {logging_mixin.py:190} INFO - [2024-10-28T21:02:55.348+0000] {dag.py:4156} INFO - Setting next_dagrun for nba_data_pipeline to 2024-10-28 00:00:00+00:00, run_after=2024-10-29 00:00:00+00:00
[2024-10-28T21:02:55.375+0000] {processor.py:208} INFO - Processing /opt/airflow/dags/nba_data_pipeline.py took 0.128 seconds
[2024-10-28T21:03:25.603+0000] {processor.py:186} INFO - Started process (PID=622) to work on /opt/airflow/dags/nba_data_pipeline.py
[2024-10-28T21:03:25.604+0000] {processor.py:914} INFO - Processing file /opt/airflow/dags/nba_data_pipeline.py for tasks to queue
[2024-10-28T21:03:25.608+0000] {logging_mixin.py:190} INFO - [2024-10-28T21:03:25.607+0000] {dagbag.py:587} INFO - Filling up the DagBag from /opt/airflow/dags/nba_data_pipeline.py
[2024-10-28T21:03:25.622+0000] {processor.py:925} INFO - DAG(s) 'nba_data_pipeline' retrieved from /opt/airflow/dags/nba_data_pipeline.py
[2024-10-28T21:03:25.655+0000] {logging_mixin.py:190} INFO - [2024-10-28T21:03:25.655+0000] {dag.py:3229} INFO - Sync 1 DAGs
[2024-10-28T21:03:25.691+0000] {logging_mixin.py:190} INFO - [2024-10-28T21:03:25.690+0000] {dag.py:4156} INFO - Setting next_dagrun for nba_data_pipeline to 2024-10-28 00:00:00+00:00, run_after=2024-10-29 00:00:00+00:00
[2024-10-28T21:03:25.713+0000] {processor.py:208} INFO - Processing /opt/airflow/dags/nba_data_pipeline.py took 0.121 seconds
[2024-10-28T21:03:55.888+0000] {processor.py:186} INFO - Started process (PID=627) to work on /opt/airflow/dags/nba_data_pipeline.py
[2024-10-28T21:03:55.890+0000] {processor.py:914} INFO - Processing file /opt/airflow/dags/nba_data_pipeline.py for tasks to queue
[2024-10-28T21:03:55.892+0000] {logging_mixin.py:190} INFO - [2024-10-28T21:03:55.892+0000] {dagbag.py:587} INFO - Filling up the DagBag from /opt/airflow/dags/nba_data_pipeline.py
[2024-10-28T21:03:55.904+0000] {processor.py:925} INFO - DAG(s) 'nba_data_pipeline' retrieved from /opt/airflow/dags/nba_data_pipeline.py
[2024-10-28T21:03:55.937+0000] {logging_mixin.py:190} INFO - [2024-10-28T21:03:55.937+0000] {dag.py:3229} INFO - Sync 1 DAGs
[2024-10-28T21:03:55.968+0000] {logging_mixin.py:190} INFO - [2024-10-28T21:03:55.967+0000] {dag.py:4156} INFO - Setting next_dagrun for nba_data_pipeline to 2024-10-28 00:00:00+00:00, run_after=2024-10-29 00:00:00+00:00
[2024-10-28T21:03:55.995+0000] {processor.py:208} INFO - Processing /opt/airflow/dags/nba_data_pipeline.py took 0.116 seconds
[2024-10-28T21:04:26.243+0000] {processor.py:186} INFO - Started process (PID=632) to work on /opt/airflow/dags/nba_data_pipeline.py
[2024-10-28T21:04:26.244+0000] {processor.py:914} INFO - Processing file /opt/airflow/dags/nba_data_pipeline.py for tasks to queue
[2024-10-28T21:04:26.248+0000] {logging_mixin.py:190} INFO - [2024-10-28T21:04:26.247+0000] {dagbag.py:587} INFO - Filling up the DagBag from /opt/airflow/dags/nba_data_pipeline.py
[2024-10-28T21:04:26.262+0000] {processor.py:925} INFO - DAG(s) 'nba_data_pipeline' retrieved from /opt/airflow/dags/nba_data_pipeline.py
[2024-10-28T21:04:26.297+0000] {logging_mixin.py:190} INFO - [2024-10-28T21:04:26.297+0000] {dag.py:3229} INFO - Sync 1 DAGs
[2024-10-28T21:04:26.331+0000] {logging_mixin.py:190} INFO - [2024-10-28T21:04:26.331+0000] {dag.py:4156} INFO - Setting next_dagrun for nba_data_pipeline to 2024-10-28 00:00:00+00:00, run_after=2024-10-29 00:00:00+00:00
[2024-10-28T21:04:26.355+0000] {processor.py:208} INFO - Processing /opt/airflow/dags/nba_data_pipeline.py took 0.123 seconds
[2024-10-28T21:04:56.525+0000] {processor.py:186} INFO - Started process (PID=637) to work on /opt/airflow/dags/nba_data_pipeline.py
[2024-10-28T21:04:56.526+0000] {processor.py:914} INFO - Processing file /opt/airflow/dags/nba_data_pipeline.py for tasks to queue
[2024-10-28T21:04:56.529+0000] {logging_mixin.py:190} INFO - [2024-10-28T21:04:56.528+0000] {dagbag.py:587} INFO - Filling up the DagBag from /opt/airflow/dags/nba_data_pipeline.py
[2024-10-28T21:04:56.543+0000] {processor.py:925} INFO - DAG(s) 'nba_data_pipeline' retrieved from /opt/airflow/dags/nba_data_pipeline.py
[2024-10-28T21:04:56.581+0000] {logging_mixin.py:190} INFO - [2024-10-28T21:04:56.581+0000] {dag.py:3229} INFO - Sync 1 DAGs
[2024-10-28T21:04:56.615+0000] {logging_mixin.py:190} INFO - [2024-10-28T21:04:56.614+0000] {dag.py:4156} INFO - Setting next_dagrun for nba_data_pipeline to 2024-10-28 00:00:00+00:00, run_after=2024-10-29 00:00:00+00:00
[2024-10-28T21:04:56.640+0000] {processor.py:208} INFO - Processing /opt/airflow/dags/nba_data_pipeline.py took 0.126 seconds
[2024-10-28T21:05:26.861+0000] {processor.py:186} INFO - Started process (PID=642) to work on /opt/airflow/dags/nba_data_pipeline.py
[2024-10-28T21:05:26.863+0000] {processor.py:914} INFO - Processing file /opt/airflow/dags/nba_data_pipeline.py for tasks to queue
[2024-10-28T21:05:26.866+0000] {logging_mixin.py:190} INFO - [2024-10-28T21:05:26.865+0000] {dagbag.py:587} INFO - Filling up the DagBag from /opt/airflow/dags/nba_data_pipeline.py
[2024-10-28T21:05:26.881+0000] {processor.py:925} INFO - DAG(s) 'nba_data_pipeline' retrieved from /opt/airflow/dags/nba_data_pipeline.py
[2024-10-28T21:05:26.916+0000] {logging_mixin.py:190} INFO - [2024-10-28T21:05:26.916+0000] {dag.py:3229} INFO - Sync 1 DAGs
[2024-10-28T21:05:26.951+0000] {logging_mixin.py:190} INFO - [2024-10-28T21:05:26.951+0000] {dag.py:4156} INFO - Setting next_dagrun for nba_data_pipeline to 2024-10-28 00:00:00+00:00, run_after=2024-10-29 00:00:00+00:00
[2024-10-28T21:05:26.971+0000] {processor.py:208} INFO - Processing /opt/airflow/dags/nba_data_pipeline.py took 0.122 seconds
[2024-10-28T21:05:57.172+0000] {processor.py:186} INFO - Started process (PID=647) to work on /opt/airflow/dags/nba_data_pipeline.py
[2024-10-28T21:05:57.173+0000] {processor.py:914} INFO - Processing file /opt/airflow/dags/nba_data_pipeline.py for tasks to queue
[2024-10-28T21:05:57.177+0000] {logging_mixin.py:190} INFO - [2024-10-28T21:05:57.177+0000] {dagbag.py:587} INFO - Filling up the DagBag from /opt/airflow/dags/nba_data_pipeline.py
[2024-10-28T21:05:57.190+0000] {processor.py:925} INFO - DAG(s) 'nba_data_pipeline' retrieved from /opt/airflow/dags/nba_data_pipeline.py
[2024-10-28T21:05:57.228+0000] {logging_mixin.py:190} INFO - [2024-10-28T21:05:57.228+0000] {dag.py:3229} INFO - Sync 1 DAGs
[2024-10-28T21:05:57.259+0000] {logging_mixin.py:190} INFO - [2024-10-28T21:05:57.259+0000] {dag.py:4156} INFO - Setting next_dagrun for nba_data_pipeline to 2024-10-28 00:00:00+00:00, run_after=2024-10-29 00:00:00+00:00
[2024-10-28T21:05:57.282+0000] {processor.py:208} INFO - Processing /opt/airflow/dags/nba_data_pipeline.py took 0.121 seconds
[2024-10-28T21:06:27.497+0000] {processor.py:186} INFO - Started process (PID=652) to work on /opt/airflow/dags/nba_data_pipeline.py
[2024-10-28T21:06:27.498+0000] {processor.py:914} INFO - Processing file /opt/airflow/dags/nba_data_pipeline.py for tasks to queue
[2024-10-28T21:06:27.500+0000] {logging_mixin.py:190} INFO - [2024-10-28T21:06:27.500+0000] {dagbag.py:587} INFO - Filling up the DagBag from /opt/airflow/dags/nba_data_pipeline.py
[2024-10-28T21:06:27.511+0000] {processor.py:925} INFO - DAG(s) 'nba_data_pipeline' retrieved from /opt/airflow/dags/nba_data_pipeline.py
[2024-10-28T21:06:27.543+0000] {logging_mixin.py:190} INFO - [2024-10-28T21:06:27.543+0000] {dag.py:3229} INFO - Sync 1 DAGs
[2024-10-28T21:06:27.568+0000] {logging_mixin.py:190} INFO - [2024-10-28T21:06:27.568+0000] {dag.py:4156} INFO - Setting next_dagrun for nba_data_pipeline to 2024-10-28 00:00:00+00:00, run_after=2024-10-29 00:00:00+00:00
[2024-10-28T21:06:27.588+0000] {processor.py:208} INFO - Processing /opt/airflow/dags/nba_data_pipeline.py took 0.100 seconds
[2024-10-28T21:06:57.806+0000] {processor.py:186} INFO - Started process (PID=657) to work on /opt/airflow/dags/nba_data_pipeline.py
[2024-10-28T21:06:57.807+0000] {processor.py:914} INFO - Processing file /opt/airflow/dags/nba_data_pipeline.py for tasks to queue
[2024-10-28T21:06:57.811+0000] {logging_mixin.py:190} INFO - [2024-10-28T21:06:57.811+0000] {dagbag.py:587} INFO - Filling up the DagBag from /opt/airflow/dags/nba_data_pipeline.py
[2024-10-28T21:06:57.826+0000] {processor.py:925} INFO - DAG(s) 'nba_data_pipeline' retrieved from /opt/airflow/dags/nba_data_pipeline.py
[2024-10-28T21:06:57.864+0000] {logging_mixin.py:190} INFO - [2024-10-28T21:06:57.864+0000] {dag.py:3229} INFO - Sync 1 DAGs
[2024-10-28T21:06:57.895+0000] {logging_mixin.py:190} INFO - [2024-10-28T21:06:57.895+0000] {dag.py:4156} INFO - Setting next_dagrun for nba_data_pipeline to 2024-10-28 00:00:00+00:00, run_after=2024-10-29 00:00:00+00:00
[2024-10-28T21:06:57.916+0000] {processor.py:208} INFO - Processing /opt/airflow/dags/nba_data_pipeline.py took 0.122 seconds
[2024-10-28T21:07:28.111+0000] {processor.py:186} INFO - Started process (PID=662) to work on /opt/airflow/dags/nba_data_pipeline.py
[2024-10-28T21:07:28.113+0000] {processor.py:914} INFO - Processing file /opt/airflow/dags/nba_data_pipeline.py for tasks to queue
[2024-10-28T21:07:28.116+0000] {logging_mixin.py:190} INFO - [2024-10-28T21:07:28.116+0000] {dagbag.py:587} INFO - Filling up the DagBag from /opt/airflow/dags/nba_data_pipeline.py
[2024-10-28T21:07:28.130+0000] {processor.py:925} INFO - DAG(s) 'nba_data_pipeline' retrieved from /opt/airflow/dags/nba_data_pipeline.py
[2024-10-28T21:07:28.169+0000] {logging_mixin.py:190} INFO - [2024-10-28T21:07:28.168+0000] {dag.py:3229} INFO - Sync 1 DAGs
[2024-10-28T21:07:28.201+0000] {logging_mixin.py:190} INFO - [2024-10-28T21:07:28.201+0000] {dag.py:4156} INFO - Setting next_dagrun for nba_data_pipeline to 2024-10-28 00:00:00+00:00, run_after=2024-10-29 00:00:00+00:00
[2024-10-28T21:07:28.222+0000] {processor.py:208} INFO - Processing /opt/airflow/dags/nba_data_pipeline.py took 0.122 seconds
[2024-10-28T21:07:58.441+0000] {processor.py:186} INFO - Started process (PID=667) to work on /opt/airflow/dags/nba_data_pipeline.py
[2024-10-28T21:07:58.443+0000] {processor.py:914} INFO - Processing file /opt/airflow/dags/nba_data_pipeline.py for tasks to queue
[2024-10-28T21:07:58.446+0000] {logging_mixin.py:190} INFO - [2024-10-28T21:07:58.445+0000] {dagbag.py:587} INFO - Filling up the DagBag from /opt/airflow/dags/nba_data_pipeline.py
[2024-10-28T21:07:58.459+0000] {processor.py:925} INFO - DAG(s) 'nba_data_pipeline' retrieved from /opt/airflow/dags/nba_data_pipeline.py
[2024-10-28T21:07:58.496+0000] {logging_mixin.py:190} INFO - [2024-10-28T21:07:58.496+0000] {dag.py:3229} INFO - Sync 1 DAGs
[2024-10-28T21:07:58.528+0000] {logging_mixin.py:190} INFO - [2024-10-28T21:07:58.527+0000] {dag.py:4156} INFO - Setting next_dagrun for nba_data_pipeline to 2024-10-28 00:00:00+00:00, run_after=2024-10-29 00:00:00+00:00
[2024-10-28T21:07:58.550+0000] {processor.py:208} INFO - Processing /opt/airflow/dags/nba_data_pipeline.py took 0.120 seconds
[2024-10-28T21:08:28.743+0000] {processor.py:186} INFO - Started process (PID=672) to work on /opt/airflow/dags/nba_data_pipeline.py
[2024-10-28T21:08:28.745+0000] {processor.py:914} INFO - Processing file /opt/airflow/dags/nba_data_pipeline.py for tasks to queue
[2024-10-28T21:08:28.748+0000] {logging_mixin.py:190} INFO - [2024-10-28T21:08:28.748+0000] {dagbag.py:587} INFO - Filling up the DagBag from /opt/airflow/dags/nba_data_pipeline.py
[2024-10-28T21:08:28.763+0000] {processor.py:925} INFO - DAG(s) 'nba_data_pipeline' retrieved from /opt/airflow/dags/nba_data_pipeline.py
[2024-10-28T21:08:28.803+0000] {logging_mixin.py:190} INFO - [2024-10-28T21:08:28.802+0000] {dag.py:3229} INFO - Sync 1 DAGs
[2024-10-28T21:08:28.837+0000] {logging_mixin.py:190} INFO - [2024-10-28T21:08:28.837+0000] {dag.py:4156} INFO - Setting next_dagrun for nba_data_pipeline to 2024-10-28 00:00:00+00:00, run_after=2024-10-29 00:00:00+00:00
[2024-10-28T21:08:28.861+0000] {processor.py:208} INFO - Processing /opt/airflow/dags/nba_data_pipeline.py took 0.128 seconds
[2024-10-28T21:08:59.083+0000] {processor.py:186} INFO - Started process (PID=677) to work on /opt/airflow/dags/nba_data_pipeline.py
[2024-10-28T21:08:59.085+0000] {processor.py:914} INFO - Processing file /opt/airflow/dags/nba_data_pipeline.py for tasks to queue
[2024-10-28T21:08:59.088+0000] {logging_mixin.py:190} INFO - [2024-10-28T21:08:59.088+0000] {dagbag.py:587} INFO - Filling up the DagBag from /opt/airflow/dags/nba_data_pipeline.py
[2024-10-28T21:08:59.106+0000] {processor.py:925} INFO - DAG(s) 'nba_data_pipeline' retrieved from /opt/airflow/dags/nba_data_pipeline.py
[2024-10-28T21:08:59.144+0000] {logging_mixin.py:190} INFO - [2024-10-28T21:08:59.144+0000] {dag.py:3229} INFO - Sync 1 DAGs
[2024-10-28T21:08:59.174+0000] {logging_mixin.py:190} INFO - [2024-10-28T21:08:59.173+0000] {dag.py:4156} INFO - Setting next_dagrun for nba_data_pipeline to 2024-10-28 00:00:00+00:00, run_after=2024-10-29 00:00:00+00:00
[2024-10-28T21:08:59.194+0000] {processor.py:208} INFO - Processing /opt/airflow/dags/nba_data_pipeline.py took 0.122 seconds
[2024-10-28T21:09:29.379+0000] {processor.py:186} INFO - Started process (PID=682) to work on /opt/airflow/dags/nba_data_pipeline.py
[2024-10-28T21:09:29.380+0000] {processor.py:914} INFO - Processing file /opt/airflow/dags/nba_data_pipeline.py for tasks to queue
[2024-10-28T21:09:29.384+0000] {logging_mixin.py:190} INFO - [2024-10-28T21:09:29.384+0000] {dagbag.py:587} INFO - Filling up the DagBag from /opt/airflow/dags/nba_data_pipeline.py
[2024-10-28T21:09:29.398+0000] {processor.py:925} INFO - DAG(s) 'nba_data_pipeline' retrieved from /opt/airflow/dags/nba_data_pipeline.py
[2024-10-28T21:09:29.433+0000] {logging_mixin.py:190} INFO - [2024-10-28T21:09:29.432+0000] {dag.py:3229} INFO - Sync 1 DAGs
[2024-10-28T21:09:29.466+0000] {logging_mixin.py:190} INFO - [2024-10-28T21:09:29.466+0000] {dag.py:4156} INFO - Setting next_dagrun for nba_data_pipeline to 2024-10-28 00:00:00+00:00, run_after=2024-10-29 00:00:00+00:00
[2024-10-28T21:09:29.487+0000] {processor.py:208} INFO - Processing /opt/airflow/dags/nba_data_pipeline.py took 0.120 seconds
[2024-10-28T21:09:59.724+0000] {processor.py:186} INFO - Started process (PID=687) to work on /opt/airflow/dags/nba_data_pipeline.py
[2024-10-28T21:09:59.725+0000] {processor.py:914} INFO - Processing file /opt/airflow/dags/nba_data_pipeline.py for tasks to queue
[2024-10-28T21:09:59.729+0000] {logging_mixin.py:190} INFO - [2024-10-28T21:09:59.729+0000] {dagbag.py:587} INFO - Filling up the DagBag from /opt/airflow/dags/nba_data_pipeline.py
[2024-10-28T21:09:59.743+0000] {processor.py:925} INFO - DAG(s) 'nba_data_pipeline' retrieved from /opt/airflow/dags/nba_data_pipeline.py
[2024-10-28T21:09:59.778+0000] {logging_mixin.py:190} INFO - [2024-10-28T21:09:59.777+0000] {dag.py:3229} INFO - Sync 1 DAGs
[2024-10-28T21:09:59.812+0000] {logging_mixin.py:190} INFO - [2024-10-28T21:09:59.812+0000] {dag.py:4156} INFO - Setting next_dagrun for nba_data_pipeline to 2024-10-28 00:00:00+00:00, run_after=2024-10-29 00:00:00+00:00
[2024-10-28T21:09:59.836+0000] {processor.py:208} INFO - Processing /opt/airflow/dags/nba_data_pipeline.py took 0.124 seconds
[2024-10-28T21:10:29.998+0000] {processor.py:186} INFO - Started process (PID=692) to work on /opt/airflow/dags/nba_data_pipeline.py
[2024-10-28T21:10:29.999+0000] {processor.py:914} INFO - Processing file /opt/airflow/dags/nba_data_pipeline.py for tasks to queue
[2024-10-28T21:10:30.003+0000] {logging_mixin.py:190} INFO - [2024-10-28T21:10:30.003+0000] {dagbag.py:587} INFO - Filling up the DagBag from /opt/airflow/dags/nba_data_pipeline.py
[2024-10-28T21:10:30.016+0000] {processor.py:925} INFO - DAG(s) 'nba_data_pipeline' retrieved from /opt/airflow/dags/nba_data_pipeline.py
[2024-10-28T21:10:30.053+0000] {logging_mixin.py:190} INFO - [2024-10-28T21:10:30.053+0000] {dag.py:3229} INFO - Sync 1 DAGs
[2024-10-28T21:10:30.087+0000] {logging_mixin.py:190} INFO - [2024-10-28T21:10:30.087+0000] {dag.py:4156} INFO - Setting next_dagrun for nba_data_pipeline to 2024-10-28 00:00:00+00:00, run_after=2024-10-29 00:00:00+00:00
[2024-10-28T21:10:30.113+0000] {processor.py:208} INFO - Processing /opt/airflow/dags/nba_data_pipeline.py took 0.125 seconds
[2024-10-28T21:11:00.369+0000] {processor.py:186} INFO - Started process (PID=697) to work on /opt/airflow/dags/nba_data_pipeline.py
[2024-10-28T21:11:00.371+0000] {processor.py:914} INFO - Processing file /opt/airflow/dags/nba_data_pipeline.py for tasks to queue
[2024-10-28T21:11:00.375+0000] {logging_mixin.py:190} INFO - [2024-10-28T21:11:00.374+0000] {dagbag.py:587} INFO - Filling up the DagBag from /opt/airflow/dags/nba_data_pipeline.py
[2024-10-28T21:11:00.389+0000] {processor.py:925} INFO - DAG(s) 'nba_data_pipeline' retrieved from /opt/airflow/dags/nba_data_pipeline.py
[2024-10-28T21:11:00.424+0000] {logging_mixin.py:190} INFO - [2024-10-28T21:11:00.423+0000] {dag.py:3229} INFO - Sync 1 DAGs
[2024-10-28T21:11:00.456+0000] {logging_mixin.py:190} INFO - [2024-10-28T21:11:00.456+0000] {dag.py:4156} INFO - Setting next_dagrun for nba_data_pipeline to 2024-10-28 00:00:00+00:00, run_after=2024-10-29 00:00:00+00:00
[2024-10-28T21:11:00.480+0000] {processor.py:208} INFO - Processing /opt/airflow/dags/nba_data_pipeline.py took 0.121 seconds
[2024-10-28T21:11:30.652+0000] {processor.py:186} INFO - Started process (PID=702) to work on /opt/airflow/dags/nba_data_pipeline.py
[2024-10-28T21:11:30.653+0000] {processor.py:914} INFO - Processing file /opt/airflow/dags/nba_data_pipeline.py for tasks to queue
[2024-10-28T21:11:30.657+0000] {logging_mixin.py:190} INFO - [2024-10-28T21:11:30.656+0000] {dagbag.py:587} INFO - Filling up the DagBag from /opt/airflow/dags/nba_data_pipeline.py
[2024-10-28T21:11:30.672+0000] {processor.py:925} INFO - DAG(s) 'nba_data_pipeline' retrieved from /opt/airflow/dags/nba_data_pipeline.py
[2024-10-28T21:11:30.713+0000] {logging_mixin.py:190} INFO - [2024-10-28T21:11:30.712+0000] {dag.py:3229} INFO - Sync 1 DAGs
[2024-10-28T21:11:30.747+0000] {logging_mixin.py:190} INFO - [2024-10-28T21:11:30.747+0000] {dag.py:4156} INFO - Setting next_dagrun for nba_data_pipeline to 2024-10-28 00:00:00+00:00, run_after=2024-10-29 00:00:00+00:00
[2024-10-28T21:11:30.773+0000] {processor.py:208} INFO - Processing /opt/airflow/dags/nba_data_pipeline.py took 0.132 seconds
[2024-10-28T21:12:01.022+0000] {processor.py:186} INFO - Started process (PID=707) to work on /opt/airflow/dags/nba_data_pipeline.py
[2024-10-28T21:12:01.023+0000] {processor.py:914} INFO - Processing file /opt/airflow/dags/nba_data_pipeline.py for tasks to queue
[2024-10-28T21:12:01.026+0000] {logging_mixin.py:190} INFO - [2024-10-28T21:12:01.026+0000] {dagbag.py:587} INFO - Filling up the DagBag from /opt/airflow/dags/nba_data_pipeline.py
[2024-10-28T21:12:01.038+0000] {processor.py:925} INFO - DAG(s) 'nba_data_pipeline' retrieved from /opt/airflow/dags/nba_data_pipeline.py
[2024-10-28T21:12:01.073+0000] {logging_mixin.py:190} INFO - [2024-10-28T21:12:01.073+0000] {dag.py:3229} INFO - Sync 1 DAGs
[2024-10-28T21:12:01.105+0000] {logging_mixin.py:190} INFO - [2024-10-28T21:12:01.105+0000] {dag.py:4156} INFO - Setting next_dagrun for nba_data_pipeline to 2024-10-28 00:00:00+00:00, run_after=2024-10-29 00:00:00+00:00
[2024-10-28T21:12:01.130+0000] {processor.py:208} INFO - Processing /opt/airflow/dags/nba_data_pipeline.py took 0.117 seconds
[2024-10-28T21:12:31.240+0000] {processor.py:186} INFO - Started process (PID=712) to work on /opt/airflow/dags/nba_data_pipeline.py
[2024-10-28T21:12:31.242+0000] {processor.py:914} INFO - Processing file /opt/airflow/dags/nba_data_pipeline.py for tasks to queue
[2024-10-28T21:12:31.245+0000] {logging_mixin.py:190} INFO - [2024-10-28T21:12:31.245+0000] {dagbag.py:587} INFO - Filling up the DagBag from /opt/airflow/dags/nba_data_pipeline.py
[2024-10-28T21:12:31.259+0000] {processor.py:925} INFO - DAG(s) 'nba_data_pipeline' retrieved from /opt/airflow/dags/nba_data_pipeline.py
[2024-10-28T21:12:31.297+0000] {logging_mixin.py:190} INFO - [2024-10-28T21:12:31.296+0000] {dag.py:3229} INFO - Sync 1 DAGs
[2024-10-28T21:12:31.333+0000] {logging_mixin.py:190} INFO - [2024-10-28T21:12:31.332+0000] {dag.py:4156} INFO - Setting next_dagrun for nba_data_pipeline to 2024-10-28 00:00:00+00:00, run_after=2024-10-29 00:00:00+00:00
[2024-10-28T21:12:31.358+0000] {processor.py:208} INFO - Processing /opt/airflow/dags/nba_data_pipeline.py took 0.128 seconds
[2024-10-28T21:13:01.603+0000] {processor.py:186} INFO - Started process (PID=717) to work on /opt/airflow/dags/nba_data_pipeline.py
[2024-10-28T21:13:01.604+0000] {processor.py:914} INFO - Processing file /opt/airflow/dags/nba_data_pipeline.py for tasks to queue
[2024-10-28T21:13:01.608+0000] {logging_mixin.py:190} INFO - [2024-10-28T21:13:01.607+0000] {dagbag.py:587} INFO - Filling up the DagBag from /opt/airflow/dags/nba_data_pipeline.py
[2024-10-28T21:13:01.620+0000] {processor.py:925} INFO - DAG(s) 'nba_data_pipeline' retrieved from /opt/airflow/dags/nba_data_pipeline.py
[2024-10-28T21:13:01.656+0000] {logging_mixin.py:190} INFO - [2024-10-28T21:13:01.656+0000] {dag.py:3229} INFO - Sync 1 DAGs
[2024-10-28T21:13:01.688+0000] {logging_mixin.py:190} INFO - [2024-10-28T21:13:01.688+0000] {dag.py:4156} INFO - Setting next_dagrun for nba_data_pipeline to 2024-10-28 00:00:00+00:00, run_after=2024-10-29 00:00:00+00:00
[2024-10-28T21:13:01.711+0000] {processor.py:208} INFO - Processing /opt/airflow/dags/nba_data_pipeline.py took 0.120 seconds
[2024-10-28T21:13:31.891+0000] {processor.py:186} INFO - Started process (PID=722) to work on /opt/airflow/dags/nba_data_pipeline.py
[2024-10-28T21:13:31.892+0000] {processor.py:914} INFO - Processing file /opt/airflow/dags/nba_data_pipeline.py for tasks to queue
[2024-10-28T21:13:31.896+0000] {logging_mixin.py:190} INFO - [2024-10-28T21:13:31.896+0000] {dagbag.py:587} INFO - Filling up the DagBag from /opt/airflow/dags/nba_data_pipeline.py
[2024-10-28T21:13:31.908+0000] {processor.py:925} INFO - DAG(s) 'nba_data_pipeline' retrieved from /opt/airflow/dags/nba_data_pipeline.py
[2024-10-28T21:13:31.942+0000] {logging_mixin.py:190} INFO - [2024-10-28T21:13:31.942+0000] {dag.py:3229} INFO - Sync 1 DAGs
[2024-10-28T21:13:31.975+0000] {logging_mixin.py:190} INFO - [2024-10-28T21:13:31.975+0000] {dag.py:4156} INFO - Setting next_dagrun for nba_data_pipeline to 2024-10-28 00:00:00+00:00, run_after=2024-10-29 00:00:00+00:00
[2024-10-28T21:13:31.999+0000] {processor.py:208} INFO - Processing /opt/airflow/dags/nba_data_pipeline.py took 0.119 seconds
[2024-10-28T21:14:02.223+0000] {processor.py:186} INFO - Started process (PID=727) to work on /opt/airflow/dags/nba_data_pipeline.py
[2024-10-28T21:14:02.224+0000] {processor.py:914} INFO - Processing file /opt/airflow/dags/nba_data_pipeline.py for tasks to queue
[2024-10-28T21:14:02.229+0000] {logging_mixin.py:190} INFO - [2024-10-28T21:14:02.228+0000] {dagbag.py:587} INFO - Filling up the DagBag from /opt/airflow/dags/nba_data_pipeline.py
[2024-10-28T21:14:02.249+0000] {processor.py:925} INFO - DAG(s) 'nba_data_pipeline' retrieved from /opt/airflow/dags/nba_data_pipeline.py
[2024-10-28T21:14:02.284+0000] {logging_mixin.py:190} INFO - [2024-10-28T21:14:02.284+0000] {dag.py:3229} INFO - Sync 1 DAGs
[2024-10-28T21:14:02.317+0000] {logging_mixin.py:190} INFO - [2024-10-28T21:14:02.317+0000] {dag.py:4156} INFO - Setting next_dagrun for nba_data_pipeline to 2024-10-28 00:00:00+00:00, run_after=2024-10-29 00:00:00+00:00
[2024-10-28T21:14:02.339+0000] {processor.py:208} INFO - Processing /opt/airflow/dags/nba_data_pipeline.py took 0.128 seconds
[2024-10-28T21:14:32.517+0000] {processor.py:186} INFO - Started process (PID=732) to work on /opt/airflow/dags/nba_data_pipeline.py
[2024-10-28T21:14:32.518+0000] {processor.py:914} INFO - Processing file /opt/airflow/dags/nba_data_pipeline.py for tasks to queue
[2024-10-28T21:14:32.521+0000] {logging_mixin.py:190} INFO - [2024-10-28T21:14:32.521+0000] {dagbag.py:587} INFO - Filling up the DagBag from /opt/airflow/dags/nba_data_pipeline.py
[2024-10-28T21:14:32.536+0000] {processor.py:925} INFO - DAG(s) 'nba_data_pipeline' retrieved from /opt/airflow/dags/nba_data_pipeline.py
[2024-10-28T21:14:32.573+0000] {logging_mixin.py:190} INFO - [2024-10-28T21:14:32.573+0000] {dag.py:3229} INFO - Sync 1 DAGs
[2024-10-28T21:14:32.603+0000] {logging_mixin.py:190} INFO - [2024-10-28T21:14:32.603+0000] {dag.py:4156} INFO - Setting next_dagrun for nba_data_pipeline to 2024-10-28 00:00:00+00:00, run_after=2024-10-29 00:00:00+00:00
[2024-10-28T21:14:32.630+0000] {processor.py:208} INFO - Processing /opt/airflow/dags/nba_data_pipeline.py took 0.124 seconds
[2024-10-28T21:15:02.860+0000] {processor.py:186} INFO - Started process (PID=737) to work on /opt/airflow/dags/nba_data_pipeline.py
[2024-10-28T21:15:02.861+0000] {processor.py:914} INFO - Processing file /opt/airflow/dags/nba_data_pipeline.py for tasks to queue
[2024-10-28T21:15:02.865+0000] {logging_mixin.py:190} INFO - [2024-10-28T21:15:02.864+0000] {dagbag.py:587} INFO - Filling up the DagBag from /opt/airflow/dags/nba_data_pipeline.py
[2024-10-28T21:15:02.879+0000] {processor.py:925} INFO - DAG(s) 'nba_data_pipeline' retrieved from /opt/airflow/dags/nba_data_pipeline.py
[2024-10-28T21:15:02.922+0000] {logging_mixin.py:190} INFO - [2024-10-28T21:15:02.921+0000] {dag.py:3229} INFO - Sync 1 DAGs
[2024-10-28T21:15:02.951+0000] {logging_mixin.py:190} INFO - [2024-10-28T21:15:02.951+0000] {dag.py:4156} INFO - Setting next_dagrun for nba_data_pipeline to 2024-10-28 00:00:00+00:00, run_after=2024-10-29 00:00:00+00:00
[2024-10-28T21:15:02.971+0000] {processor.py:208} INFO - Processing /opt/airflow/dags/nba_data_pipeline.py took 0.123 seconds
[2024-10-28T21:15:33.132+0000] {processor.py:186} INFO - Started process (PID=742) to work on /opt/airflow/dags/nba_data_pipeline.py
[2024-10-28T21:15:33.134+0000] {processor.py:914} INFO - Processing file /opt/airflow/dags/nba_data_pipeline.py for tasks to queue
[2024-10-28T21:15:33.137+0000] {logging_mixin.py:190} INFO - [2024-10-28T21:15:33.137+0000] {dagbag.py:587} INFO - Filling up the DagBag from /opt/airflow/dags/nba_data_pipeline.py
[2024-10-28T21:15:33.150+0000] {processor.py:925} INFO - DAG(s) 'nba_data_pipeline' retrieved from /opt/airflow/dags/nba_data_pipeline.py
[2024-10-28T21:15:33.185+0000] {logging_mixin.py:190} INFO - [2024-10-28T21:15:33.185+0000] {dag.py:3229} INFO - Sync 1 DAGs
[2024-10-28T21:15:33.219+0000] {logging_mixin.py:190} INFO - [2024-10-28T21:15:33.219+0000] {dag.py:4156} INFO - Setting next_dagrun for nba_data_pipeline to 2024-10-28 00:00:00+00:00, run_after=2024-10-29 00:00:00+00:00
[2024-10-28T21:15:33.241+0000] {processor.py:208} INFO - Processing /opt/airflow/dags/nba_data_pipeline.py took 0.118 seconds
[2024-10-28T21:16:03.515+0000] {processor.py:186} INFO - Started process (PID=747) to work on /opt/airflow/dags/nba_data_pipeline.py
[2024-10-28T21:16:03.516+0000] {processor.py:914} INFO - Processing file /opt/airflow/dags/nba_data_pipeline.py for tasks to queue
[2024-10-28T21:16:03.519+0000] {logging_mixin.py:190} INFO - [2024-10-28T21:16:03.519+0000] {dagbag.py:587} INFO - Filling up the DagBag from /opt/airflow/dags/nba_data_pipeline.py
[2024-10-28T21:16:03.533+0000] {processor.py:925} INFO - DAG(s) 'nba_data_pipeline' retrieved from /opt/airflow/dags/nba_data_pipeline.py
[2024-10-28T21:16:03.567+0000] {logging_mixin.py:190} INFO - [2024-10-28T21:16:03.566+0000] {dag.py:3229} INFO - Sync 1 DAGs
[2024-10-28T21:16:03.601+0000] {logging_mixin.py:190} INFO - [2024-10-28T21:16:03.601+0000] {dag.py:4156} INFO - Setting next_dagrun for nba_data_pipeline to 2024-10-28 00:00:00+00:00, run_after=2024-10-29 00:00:00+00:00
[2024-10-28T21:16:03.623+0000] {processor.py:208} INFO - Processing /opt/airflow/dags/nba_data_pipeline.py took 0.119 seconds
[2024-10-28T21:16:33.783+0000] {processor.py:186} INFO - Started process (PID=752) to work on /opt/airflow/dags/nba_data_pipeline.py
[2024-10-28T21:16:33.784+0000] {processor.py:914} INFO - Processing file /opt/airflow/dags/nba_data_pipeline.py for tasks to queue
[2024-10-28T21:16:33.788+0000] {logging_mixin.py:190} INFO - [2024-10-28T21:16:33.788+0000] {dagbag.py:587} INFO - Filling up the DagBag from /opt/airflow/dags/nba_data_pipeline.py
[2024-10-28T21:16:33.801+0000] {processor.py:925} INFO - DAG(s) 'nba_data_pipeline' retrieved from /opt/airflow/dags/nba_data_pipeline.py
[2024-10-28T21:16:33.838+0000] {logging_mixin.py:190} INFO - [2024-10-28T21:16:33.838+0000] {dag.py:3229} INFO - Sync 1 DAGs
[2024-10-28T21:16:33.871+0000] {logging_mixin.py:190} INFO - [2024-10-28T21:16:33.871+0000] {dag.py:4156} INFO - Setting next_dagrun for nba_data_pipeline to 2024-10-28 00:00:00+00:00, run_after=2024-10-29 00:00:00+00:00
[2024-10-28T21:16:33.894+0000] {processor.py:208} INFO - Processing /opt/airflow/dags/nba_data_pipeline.py took 0.121 seconds
[2024-10-28T21:17:04.145+0000] {processor.py:186} INFO - Started process (PID=757) to work on /opt/airflow/dags/nba_data_pipeline.py
[2024-10-28T21:17:04.146+0000] {processor.py:914} INFO - Processing file /opt/airflow/dags/nba_data_pipeline.py for tasks to queue
[2024-10-28T21:17:04.150+0000] {logging_mixin.py:190} INFO - [2024-10-28T21:17:04.149+0000] {dagbag.py:587} INFO - Filling up the DagBag from /opt/airflow/dags/nba_data_pipeline.py
[2024-10-28T21:17:04.163+0000] {processor.py:925} INFO - DAG(s) 'nba_data_pipeline' retrieved from /opt/airflow/dags/nba_data_pipeline.py
[2024-10-28T21:17:04.200+0000] {logging_mixin.py:190} INFO - [2024-10-28T21:17:04.199+0000] {dag.py:3229} INFO - Sync 1 DAGs
[2024-10-28T21:17:04.233+0000] {logging_mixin.py:190} INFO - [2024-10-28T21:17:04.233+0000] {dag.py:4156} INFO - Setting next_dagrun for nba_data_pipeline to 2024-10-28 00:00:00+00:00, run_after=2024-10-29 00:00:00+00:00
[2024-10-28T21:17:04.256+0000] {processor.py:208} INFO - Processing /opt/airflow/dags/nba_data_pipeline.py took 0.121 seconds
[2024-10-28T21:17:34.419+0000] {processor.py:186} INFO - Started process (PID=762) to work on /opt/airflow/dags/nba_data_pipeline.py
[2024-10-28T21:17:34.420+0000] {processor.py:914} INFO - Processing file /opt/airflow/dags/nba_data_pipeline.py for tasks to queue
[2024-10-28T21:17:34.425+0000] {logging_mixin.py:190} INFO - [2024-10-28T21:17:34.424+0000] {dagbag.py:587} INFO - Filling up the DagBag from /opt/airflow/dags/nba_data_pipeline.py
[2024-10-28T21:17:34.438+0000] {processor.py:925} INFO - DAG(s) 'nba_data_pipeline' retrieved from /opt/airflow/dags/nba_data_pipeline.py
[2024-10-28T21:17:34.476+0000] {logging_mixin.py:190} INFO - [2024-10-28T21:17:34.475+0000] {dag.py:3229} INFO - Sync 1 DAGs
[2024-10-28T21:17:34.507+0000] {logging_mixin.py:190} INFO - [2024-10-28T21:17:34.506+0000] {dag.py:4156} INFO - Setting next_dagrun for nba_data_pipeline to 2024-10-28 00:00:00+00:00, run_after=2024-10-29 00:00:00+00:00
[2024-10-28T21:17:34.527+0000] {processor.py:208} INFO - Processing /opt/airflow/dags/nba_data_pipeline.py took 0.120 seconds
[2024-10-28T21:18:04.786+0000] {processor.py:186} INFO - Started process (PID=767) to work on /opt/airflow/dags/nba_data_pipeline.py
[2024-10-28T21:18:04.787+0000] {processor.py:914} INFO - Processing file /opt/airflow/dags/nba_data_pipeline.py for tasks to queue
[2024-10-28T21:18:04.791+0000] {logging_mixin.py:190} INFO - [2024-10-28T21:18:04.790+0000] {dagbag.py:587} INFO - Filling up the DagBag from /opt/airflow/dags/nba_data_pipeline.py
[2024-10-28T21:18:04.805+0000] {processor.py:925} INFO - DAG(s) 'nba_data_pipeline' retrieved from /opt/airflow/dags/nba_data_pipeline.py
[2024-10-28T21:18:04.843+0000] {logging_mixin.py:190} INFO - [2024-10-28T21:18:04.843+0000] {dag.py:3229} INFO - Sync 1 DAGs
[2024-10-28T21:18:04.876+0000] {logging_mixin.py:190} INFO - [2024-10-28T21:18:04.876+0000] {dag.py:4156} INFO - Setting next_dagrun for nba_data_pipeline to 2024-10-28 00:00:00+00:00, run_after=2024-10-29 00:00:00+00:00
[2024-10-28T21:18:04.901+0000] {processor.py:208} INFO - Processing /opt/airflow/dags/nba_data_pipeline.py took 0.126 seconds
[2024-10-28T21:18:35.063+0000] {processor.py:186} INFO - Started process (PID=772) to work on /opt/airflow/dags/nba_data_pipeline.py
[2024-10-28T21:18:35.065+0000] {processor.py:914} INFO - Processing file /opt/airflow/dags/nba_data_pipeline.py for tasks to queue
[2024-10-28T21:18:35.069+0000] {logging_mixin.py:190} INFO - [2024-10-28T21:18:35.068+0000] {dagbag.py:587} INFO - Filling up the DagBag from /opt/airflow/dags/nba_data_pipeline.py
[2024-10-28T21:18:35.084+0000] {processor.py:925} INFO - DAG(s) 'nba_data_pipeline' retrieved from /opt/airflow/dags/nba_data_pipeline.py
[2024-10-28T21:18:35.122+0000] {logging_mixin.py:190} INFO - [2024-10-28T21:18:35.122+0000] {dag.py:3229} INFO - Sync 1 DAGs
[2024-10-28T21:18:35.154+0000] {logging_mixin.py:190} INFO - [2024-10-28T21:18:35.154+0000] {dag.py:4156} INFO - Setting next_dagrun for nba_data_pipeline to 2024-10-28 00:00:00+00:00, run_after=2024-10-29 00:00:00+00:00
[2024-10-28T21:18:35.175+0000] {processor.py:208} INFO - Processing /opt/airflow/dags/nba_data_pipeline.py took 0.123 seconds
[2024-10-28T21:19:05.441+0000] {processor.py:186} INFO - Started process (PID=777) to work on /opt/airflow/dags/nba_data_pipeline.py
[2024-10-28T21:19:05.443+0000] {processor.py:914} INFO - Processing file /opt/airflow/dags/nba_data_pipeline.py for tasks to queue
[2024-10-28T21:19:05.446+0000] {logging_mixin.py:190} INFO - [2024-10-28T21:19:05.445+0000] {dagbag.py:587} INFO - Filling up the DagBag from /opt/airflow/dags/nba_data_pipeline.py
[2024-10-28T21:19:05.459+0000] {processor.py:925} INFO - DAG(s) 'nba_data_pipeline' retrieved from /opt/airflow/dags/nba_data_pipeline.py
[2024-10-28T21:19:05.493+0000] {logging_mixin.py:190} INFO - [2024-10-28T21:19:05.493+0000] {dag.py:3229} INFO - Sync 1 DAGs
[2024-10-28T21:19:05.527+0000] {logging_mixin.py:190} INFO - [2024-10-28T21:19:05.527+0000] {dag.py:4156} INFO - Setting next_dagrun for nba_data_pipeline to 2024-10-28 00:00:00+00:00, run_after=2024-10-29 00:00:00+00:00
[2024-10-28T21:19:05.553+0000] {processor.py:208} INFO - Processing /opt/airflow/dags/nba_data_pipeline.py took 0.121 seconds
[2024-10-28T21:19:35.745+0000] {processor.py:186} INFO - Started process (PID=782) to work on /opt/airflow/dags/nba_data_pipeline.py
[2024-10-28T21:19:35.746+0000] {processor.py:914} INFO - Processing file /opt/airflow/dags/nba_data_pipeline.py for tasks to queue
[2024-10-28T21:19:35.749+0000] {logging_mixin.py:190} INFO - [2024-10-28T21:19:35.749+0000] {dagbag.py:587} INFO - Filling up the DagBag from /opt/airflow/dags/nba_data_pipeline.py
[2024-10-28T21:19:35.763+0000] {processor.py:925} INFO - DAG(s) 'nba_data_pipeline' retrieved from /opt/airflow/dags/nba_data_pipeline.py
[2024-10-28T21:19:35.802+0000] {logging_mixin.py:190} INFO - [2024-10-28T21:19:35.801+0000] {dag.py:3229} INFO - Sync 1 DAGs
[2024-10-28T21:19:35.833+0000] {logging_mixin.py:190} INFO - [2024-10-28T21:19:35.833+0000] {dag.py:4156} INFO - Setting next_dagrun for nba_data_pipeline to 2024-10-28 00:00:00+00:00, run_after=2024-10-29 00:00:00+00:00
[2024-10-28T21:19:35.859+0000] {processor.py:208} INFO - Processing /opt/airflow/dags/nba_data_pipeline.py took 0.125 seconds
[2024-10-28T21:20:06.056+0000] {processor.py:186} INFO - Started process (PID=787) to work on /opt/airflow/dags/nba_data_pipeline.py
[2024-10-28T21:20:06.057+0000] {processor.py:914} INFO - Processing file /opt/airflow/dags/nba_data_pipeline.py for tasks to queue
[2024-10-28T21:20:06.061+0000] {logging_mixin.py:190} INFO - [2024-10-28T21:20:06.060+0000] {dagbag.py:587} INFO - Filling up the DagBag from /opt/airflow/dags/nba_data_pipeline.py
[2024-10-28T21:20:06.076+0000] {processor.py:925} INFO - DAG(s) 'nba_data_pipeline' retrieved from /opt/airflow/dags/nba_data_pipeline.py
[2024-10-28T21:20:06.114+0000] {logging_mixin.py:190} INFO - [2024-10-28T21:20:06.113+0000] {dag.py:3229} INFO - Sync 1 DAGs
[2024-10-28T21:20:06.143+0000] {logging_mixin.py:190} INFO - [2024-10-28T21:20:06.143+0000] {dag.py:4156} INFO - Setting next_dagrun for nba_data_pipeline to 2024-10-28 00:00:00+00:00, run_after=2024-10-29 00:00:00+00:00
[2024-10-28T21:20:06.167+0000] {processor.py:208} INFO - Processing /opt/airflow/dags/nba_data_pipeline.py took 0.121 seconds
[2024-10-28T21:20:36.382+0000] {processor.py:186} INFO - Started process (PID=792) to work on /opt/airflow/dags/nba_data_pipeline.py
[2024-10-28T21:20:36.383+0000] {processor.py:914} INFO - Processing file /opt/airflow/dags/nba_data_pipeline.py for tasks to queue
[2024-10-28T21:20:36.388+0000] {logging_mixin.py:190} INFO - [2024-10-28T21:20:36.388+0000] {dagbag.py:587} INFO - Filling up the DagBag from /opt/airflow/dags/nba_data_pipeline.py
[2024-10-28T21:20:36.402+0000] {processor.py:925} INFO - DAG(s) 'nba_data_pipeline' retrieved from /opt/airflow/dags/nba_data_pipeline.py
[2024-10-28T21:20:36.441+0000] {logging_mixin.py:190} INFO - [2024-10-28T21:20:36.441+0000] {dag.py:3229} INFO - Sync 1 DAGs
[2024-10-28T21:20:36.473+0000] {logging_mixin.py:190} INFO - [2024-10-28T21:20:36.473+0000] {dag.py:4156} INFO - Setting next_dagrun for nba_data_pipeline to 2024-10-28 00:00:00+00:00, run_after=2024-10-29 00:00:00+00:00
[2024-10-28T21:20:36.497+0000] {processor.py:208} INFO - Processing /opt/airflow/dags/nba_data_pipeline.py took 0.127 seconds
[2024-10-28T21:21:06.724+0000] {processor.py:186} INFO - Started process (PID=797) to work on /opt/airflow/dags/nba_data_pipeline.py
[2024-10-28T21:21:06.726+0000] {processor.py:914} INFO - Processing file /opt/airflow/dags/nba_data_pipeline.py for tasks to queue
[2024-10-28T21:21:06.730+0000] {logging_mixin.py:190} INFO - [2024-10-28T21:21:06.730+0000] {dagbag.py:587} INFO - Filling up the DagBag from /opt/airflow/dags/nba_data_pipeline.py
[2024-10-28T21:21:06.745+0000] {processor.py:925} INFO - DAG(s) 'nba_data_pipeline' retrieved from /opt/airflow/dags/nba_data_pipeline.py
[2024-10-28T21:21:06.781+0000] {logging_mixin.py:190} INFO - [2024-10-28T21:21:06.781+0000] {dag.py:3229} INFO - Sync 1 DAGs
[2024-10-28T21:21:06.815+0000] {logging_mixin.py:190} INFO - [2024-10-28T21:21:06.815+0000] {dag.py:4156} INFO - Setting next_dagrun for nba_data_pipeline to 2024-10-28 00:00:00+00:00, run_after=2024-10-29 00:00:00+00:00
[2024-10-28T21:21:06.839+0000] {processor.py:208} INFO - Processing /opt/airflow/dags/nba_data_pipeline.py took 0.126 seconds
[2024-10-28T21:21:37.023+0000] {processor.py:186} INFO - Started process (PID=802) to work on /opt/airflow/dags/nba_data_pipeline.py
[2024-10-28T21:21:37.024+0000] {processor.py:914} INFO - Processing file /opt/airflow/dags/nba_data_pipeline.py for tasks to queue
[2024-10-28T21:21:37.028+0000] {logging_mixin.py:190} INFO - [2024-10-28T21:21:37.028+0000] {dagbag.py:587} INFO - Filling up the DagBag from /opt/airflow/dags/nba_data_pipeline.py
[2024-10-28T21:21:37.045+0000] {processor.py:925} INFO - DAG(s) 'nba_data_pipeline' retrieved from /opt/airflow/dags/nba_data_pipeline.py
[2024-10-28T21:21:37.079+0000] {logging_mixin.py:190} INFO - [2024-10-28T21:21:37.079+0000] {dag.py:3229} INFO - Sync 1 DAGs
[2024-10-28T21:21:37.107+0000] {logging_mixin.py:190} INFO - [2024-10-28T21:21:37.107+0000] {dag.py:4156} INFO - Setting next_dagrun for nba_data_pipeline to 2024-10-28 00:00:00+00:00, run_after=2024-10-29 00:00:00+00:00
[2024-10-28T21:21:37.135+0000] {processor.py:208} INFO - Processing /opt/airflow/dags/nba_data_pipeline.py took 0.123 seconds
[2024-10-28T21:22:07.370+0000] {processor.py:186} INFO - Started process (PID=807) to work on /opt/airflow/dags/nba_data_pipeline.py
[2024-10-28T21:22:07.372+0000] {processor.py:914} INFO - Processing file /opt/airflow/dags/nba_data_pipeline.py for tasks to queue
[2024-10-28T21:22:07.375+0000] {logging_mixin.py:190} INFO - [2024-10-28T21:22:07.375+0000] {dagbag.py:587} INFO - Filling up the DagBag from /opt/airflow/dags/nba_data_pipeline.py
[2024-10-28T21:22:07.388+0000] {processor.py:925} INFO - DAG(s) 'nba_data_pipeline' retrieved from /opt/airflow/dags/nba_data_pipeline.py
[2024-10-28T21:22:07.427+0000] {logging_mixin.py:190} INFO - [2024-10-28T21:22:07.426+0000] {dag.py:3229} INFO - Sync 1 DAGs
[2024-10-28T21:22:07.462+0000] {logging_mixin.py:190} INFO - [2024-10-28T21:22:07.462+0000] {dag.py:4156} INFO - Setting next_dagrun for nba_data_pipeline to 2024-10-28 00:00:00+00:00, run_after=2024-10-29 00:00:00+00:00
[2024-10-28T21:22:07.485+0000] {processor.py:208} INFO - Processing /opt/airflow/dags/nba_data_pipeline.py took 0.126 seconds
[2024-10-28T21:22:37.658+0000] {processor.py:186} INFO - Started process (PID=812) to work on /opt/airflow/dags/nba_data_pipeline.py
[2024-10-28T21:22:37.659+0000] {processor.py:914} INFO - Processing file /opt/airflow/dags/nba_data_pipeline.py for tasks to queue
[2024-10-28T21:22:37.662+0000] {logging_mixin.py:190} INFO - [2024-10-28T21:22:37.662+0000] {dagbag.py:587} INFO - Filling up the DagBag from /opt/airflow/dags/nba_data_pipeline.py
[2024-10-28T21:22:37.676+0000] {processor.py:925} INFO - DAG(s) 'nba_data_pipeline' retrieved from /opt/airflow/dags/nba_data_pipeline.py
[2024-10-28T21:22:37.714+0000] {logging_mixin.py:190} INFO - [2024-10-28T21:22:37.714+0000] {dag.py:3229} INFO - Sync 1 DAGs
[2024-10-28T21:22:37.749+0000] {logging_mixin.py:190} INFO - [2024-10-28T21:22:37.749+0000] {dag.py:4156} INFO - Setting next_dagrun for nba_data_pipeline to 2024-10-28 00:00:00+00:00, run_after=2024-10-29 00:00:00+00:00
[2024-10-28T21:22:37.773+0000] {processor.py:208} INFO - Processing /opt/airflow/dags/nba_data_pipeline.py took 0.127 seconds
[2024-10-28T21:23:08.013+0000] {processor.py:186} INFO - Started process (PID=817) to work on /opt/airflow/dags/nba_data_pipeline.py
[2024-10-28T21:23:08.015+0000] {processor.py:914} INFO - Processing file /opt/airflow/dags/nba_data_pipeline.py for tasks to queue
[2024-10-28T21:23:08.019+0000] {logging_mixin.py:190} INFO - [2024-10-28T21:23:08.018+0000] {dagbag.py:587} INFO - Filling up the DagBag from /opt/airflow/dags/nba_data_pipeline.py
[2024-10-28T21:23:08.033+0000] {processor.py:925} INFO - DAG(s) 'nba_data_pipeline' retrieved from /opt/airflow/dags/nba_data_pipeline.py
[2024-10-28T21:23:08.070+0000] {logging_mixin.py:190} INFO - [2024-10-28T21:23:08.070+0000] {dag.py:3229} INFO - Sync 1 DAGs
[2024-10-28T21:23:08.101+0000] {logging_mixin.py:190} INFO - [2024-10-28T21:23:08.101+0000] {dag.py:4156} INFO - Setting next_dagrun for nba_data_pipeline to 2024-10-28 00:00:00+00:00, run_after=2024-10-29 00:00:00+00:00
[2024-10-28T21:23:08.129+0000] {processor.py:208} INFO - Processing /opt/airflow/dags/nba_data_pipeline.py took 0.127 seconds
[2024-10-28T21:23:38.301+0000] {processor.py:186} INFO - Started process (PID=822) to work on /opt/airflow/dags/nba_data_pipeline.py
[2024-10-28T21:23:38.302+0000] {processor.py:914} INFO - Processing file /opt/airflow/dags/nba_data_pipeline.py for tasks to queue
[2024-10-28T21:23:38.306+0000] {logging_mixin.py:190} INFO - [2024-10-28T21:23:38.306+0000] {dagbag.py:587} INFO - Filling up the DagBag from /opt/airflow/dags/nba_data_pipeline.py
[2024-10-28T21:23:38.320+0000] {processor.py:925} INFO - DAG(s) 'nba_data_pipeline' retrieved from /opt/airflow/dags/nba_data_pipeline.py
[2024-10-28T21:23:38.355+0000] {logging_mixin.py:190} INFO - [2024-10-28T21:23:38.355+0000] {dag.py:3229} INFO - Sync 1 DAGs
[2024-10-28T21:23:38.388+0000] {logging_mixin.py:190} INFO - [2024-10-28T21:23:38.388+0000] {dag.py:4156} INFO - Setting next_dagrun for nba_data_pipeline to 2024-10-28 00:00:00+00:00, run_after=2024-10-29 00:00:00+00:00
[2024-10-28T21:23:38.413+0000] {processor.py:208} INFO - Processing /opt/airflow/dags/nba_data_pipeline.py took 0.124 seconds
[2024-10-28T21:24:08.649+0000] {processor.py:186} INFO - Started process (PID=827) to work on /opt/airflow/dags/nba_data_pipeline.py
[2024-10-28T21:24:08.650+0000] {processor.py:914} INFO - Processing file /opt/airflow/dags/nba_data_pipeline.py for tasks to queue
[2024-10-28T21:24:08.654+0000] {logging_mixin.py:190} INFO - [2024-10-28T21:24:08.654+0000] {dagbag.py:587} INFO - Filling up the DagBag from /opt/airflow/dags/nba_data_pipeline.py
[2024-10-28T21:24:08.669+0000] {processor.py:925} INFO - DAG(s) 'nba_data_pipeline' retrieved from /opt/airflow/dags/nba_data_pipeline.py
[2024-10-28T21:24:08.705+0000] {logging_mixin.py:190} INFO - [2024-10-28T21:24:08.705+0000] {dag.py:3229} INFO - Sync 1 DAGs
[2024-10-28T21:24:08.736+0000] {logging_mixin.py:190} INFO - [2024-10-28T21:24:08.736+0000] {dag.py:4156} INFO - Setting next_dagrun for nba_data_pipeline to 2024-10-28 00:00:00+00:00, run_after=2024-10-29 00:00:00+00:00
[2024-10-28T21:24:08.764+0000] {processor.py:208} INFO - Processing /opt/airflow/dags/nba_data_pipeline.py took 0.125 seconds
[2024-10-28T21:24:38.941+0000] {processor.py:186} INFO - Started process (PID=832) to work on /opt/airflow/dags/nba_data_pipeline.py
[2024-10-28T21:24:38.943+0000] {processor.py:914} INFO - Processing file /opt/airflow/dags/nba_data_pipeline.py for tasks to queue
[2024-10-28T21:24:38.947+0000] {logging_mixin.py:190} INFO - [2024-10-28T21:24:38.947+0000] {dagbag.py:587} INFO - Filling up the DagBag from /opt/airflow/dags/nba_data_pipeline.py
[2024-10-28T21:24:38.962+0000] {processor.py:925} INFO - DAG(s) 'nba_data_pipeline' retrieved from /opt/airflow/dags/nba_data_pipeline.py
[2024-10-28T21:24:38.999+0000] {logging_mixin.py:190} INFO - [2024-10-28T21:24:38.999+0000] {dag.py:3229} INFO - Sync 1 DAGs
[2024-10-28T21:24:39.036+0000] {logging_mixin.py:190} INFO - [2024-10-28T21:24:39.036+0000] {dag.py:4156} INFO - Setting next_dagrun for nba_data_pipeline to 2024-10-28 00:00:00+00:00, run_after=2024-10-29 00:00:00+00:00
[2024-10-28T21:24:39.059+0000] {processor.py:208} INFO - Processing /opt/airflow/dags/nba_data_pipeline.py took 0.128 seconds
[2024-10-28T21:25:09.299+0000] {processor.py:186} INFO - Started process (PID=837) to work on /opt/airflow/dags/nba_data_pipeline.py
[2024-10-28T21:25:09.301+0000] {processor.py:914} INFO - Processing file /opt/airflow/dags/nba_data_pipeline.py for tasks to queue
[2024-10-28T21:25:09.305+0000] {logging_mixin.py:190} INFO - [2024-10-28T21:25:09.304+0000] {dagbag.py:587} INFO - Filling up the DagBag from /opt/airflow/dags/nba_data_pipeline.py
[2024-10-28T21:25:09.318+0000] {processor.py:925} INFO - DAG(s) 'nba_data_pipeline' retrieved from /opt/airflow/dags/nba_data_pipeline.py
[2024-10-28T21:25:09.355+0000] {logging_mixin.py:190} INFO - [2024-10-28T21:25:09.355+0000] {dag.py:3229} INFO - Sync 1 DAGs
[2024-10-28T21:25:09.389+0000] {logging_mixin.py:190} INFO - [2024-10-28T21:25:09.389+0000] {dag.py:4156} INFO - Setting next_dagrun for nba_data_pipeline to 2024-10-28 00:00:00+00:00, run_after=2024-10-29 00:00:00+00:00
[2024-10-28T21:25:09.413+0000] {processor.py:208} INFO - Processing /opt/airflow/dags/nba_data_pipeline.py took 0.123 seconds
[2024-10-28T21:25:39.584+0000] {processor.py:186} INFO - Started process (PID=842) to work on /opt/airflow/dags/nba_data_pipeline.py
[2024-10-28T21:25:39.585+0000] {processor.py:914} INFO - Processing file /opt/airflow/dags/nba_data_pipeline.py for tasks to queue
[2024-10-28T21:25:39.588+0000] {logging_mixin.py:190} INFO - [2024-10-28T21:25:39.588+0000] {dagbag.py:587} INFO - Filling up the DagBag from /opt/airflow/dags/nba_data_pipeline.py
[2024-10-28T21:25:39.601+0000] {processor.py:925} INFO - DAG(s) 'nba_data_pipeline' retrieved from /opt/airflow/dags/nba_data_pipeline.py
[2024-10-28T21:25:39.647+0000] {logging_mixin.py:190} INFO - [2024-10-28T21:25:39.646+0000] {dag.py:3229} INFO - Sync 1 DAGs
[2024-10-28T21:25:39.679+0000] {logging_mixin.py:190} INFO - [2024-10-28T21:25:39.678+0000] {dag.py:4156} INFO - Setting next_dagrun for nba_data_pipeline to 2024-10-28 00:00:00+00:00, run_after=2024-10-29 00:00:00+00:00
[2024-10-28T21:25:39.702+0000] {processor.py:208} INFO - Processing /opt/airflow/dags/nba_data_pipeline.py took 0.130 seconds
[2024-10-28T21:26:09.970+0000] {processor.py:186} INFO - Started process (PID=847) to work on /opt/airflow/dags/nba_data_pipeline.py
[2024-10-28T21:26:09.971+0000] {processor.py:914} INFO - Processing file /opt/airflow/dags/nba_data_pipeline.py for tasks to queue
[2024-10-28T21:26:09.974+0000] {logging_mixin.py:190} INFO - [2024-10-28T21:26:09.973+0000] {dagbag.py:587} INFO - Filling up the DagBag from /opt/airflow/dags/nba_data_pipeline.py
[2024-10-28T21:26:09.988+0000] {processor.py:925} INFO - DAG(s) 'nba_data_pipeline' retrieved from /opt/airflow/dags/nba_data_pipeline.py
[2024-10-28T21:26:10.023+0000] {logging_mixin.py:190} INFO - [2024-10-28T21:26:10.023+0000] {dag.py:3229} INFO - Sync 1 DAGs
[2024-10-28T21:26:10.052+0000] {logging_mixin.py:190} INFO - [2024-10-28T21:26:10.052+0000] {dag.py:4156} INFO - Setting next_dagrun for nba_data_pipeline to 2024-10-28 00:00:00+00:00, run_after=2024-10-29 00:00:00+00:00
[2024-10-28T21:26:10.074+0000] {processor.py:208} INFO - Processing /opt/airflow/dags/nba_data_pipeline.py took 0.115 seconds
[2024-10-28T21:26:40.244+0000] {processor.py:186} INFO - Started process (PID=852) to work on /opt/airflow/dags/nba_data_pipeline.py
[2024-10-28T21:26:40.246+0000] {processor.py:914} INFO - Processing file /opt/airflow/dags/nba_data_pipeline.py for tasks to queue
[2024-10-28T21:26:40.250+0000] {logging_mixin.py:190} INFO - [2024-10-28T21:26:40.248+0000] {dagbag.py:587} INFO - Filling up the DagBag from /opt/airflow/dags/nba_data_pipeline.py
[2024-10-28T21:26:40.263+0000] {processor.py:925} INFO - DAG(s) 'nba_data_pipeline' retrieved from /opt/airflow/dags/nba_data_pipeline.py
[2024-10-28T21:26:40.302+0000] {logging_mixin.py:190} INFO - [2024-10-28T21:26:40.301+0000] {dag.py:3229} INFO - Sync 1 DAGs
[2024-10-28T21:26:40.333+0000] {logging_mixin.py:190} INFO - [2024-10-28T21:26:40.333+0000] {dag.py:4156} INFO - Setting next_dagrun for nba_data_pipeline to 2024-10-28 00:00:00+00:00, run_after=2024-10-29 00:00:00+00:00
[2024-10-28T21:26:40.357+0000] {processor.py:208} INFO - Processing /opt/airflow/dags/nba_data_pipeline.py took 0.124 seconds
[2024-10-28T21:27:10.598+0000] {processor.py:186} INFO - Started process (PID=857) to work on /opt/airflow/dags/nba_data_pipeline.py
[2024-10-28T21:27:10.599+0000] {processor.py:914} INFO - Processing file /opt/airflow/dags/nba_data_pipeline.py for tasks to queue
[2024-10-28T21:27:10.603+0000] {logging_mixin.py:190} INFO - [2024-10-28T21:27:10.603+0000] {dagbag.py:587} INFO - Filling up the DagBag from /opt/airflow/dags/nba_data_pipeline.py
[2024-10-28T21:27:10.617+0000] {processor.py:925} INFO - DAG(s) 'nba_data_pipeline' retrieved from /opt/airflow/dags/nba_data_pipeline.py
[2024-10-28T21:27:10.654+0000] {logging_mixin.py:190} INFO - [2024-10-28T21:27:10.654+0000] {dag.py:3229} INFO - Sync 1 DAGs
[2024-10-28T21:27:10.687+0000] {logging_mixin.py:190} INFO - [2024-10-28T21:27:10.687+0000] {dag.py:4156} INFO - Setting next_dagrun for nba_data_pipeline to 2024-10-28 00:00:00+00:00, run_after=2024-10-29 00:00:00+00:00
[2024-10-28T21:27:10.715+0000] {processor.py:208} INFO - Processing /opt/airflow/dags/nba_data_pipeline.py took 0.127 seconds
[2024-10-28T21:27:40.886+0000] {processor.py:186} INFO - Started process (PID=862) to work on /opt/airflow/dags/nba_data_pipeline.py
[2024-10-28T21:27:40.887+0000] {processor.py:914} INFO - Processing file /opt/airflow/dags/nba_data_pipeline.py for tasks to queue
[2024-10-28T21:27:40.891+0000] {logging_mixin.py:190} INFO - [2024-10-28T21:27:40.891+0000] {dagbag.py:587} INFO - Filling up the DagBag from /opt/airflow/dags/nba_data_pipeline.py
[2024-10-28T21:27:40.904+0000] {processor.py:925} INFO - DAG(s) 'nba_data_pipeline' retrieved from /opt/airflow/dags/nba_data_pipeline.py
[2024-10-28T21:27:40.941+0000] {logging_mixin.py:190} INFO - [2024-10-28T21:27:40.940+0000] {dag.py:3229} INFO - Sync 1 DAGs
[2024-10-28T21:27:40.979+0000] {logging_mixin.py:190} INFO - [2024-10-28T21:27:40.978+0000] {dag.py:4156} INFO - Setting next_dagrun for nba_data_pipeline to 2024-10-28 00:00:00+00:00, run_after=2024-10-29 00:00:00+00:00
[2024-10-28T21:27:41.004+0000] {processor.py:208} INFO - Processing /opt/airflow/dags/nba_data_pipeline.py took 0.130 seconds
[2024-10-28T21:28:11.224+0000] {processor.py:186} INFO - Started process (PID=867) to work on /opt/airflow/dags/nba_data_pipeline.py
[2024-10-28T21:28:11.226+0000] {processor.py:914} INFO - Processing file /opt/airflow/dags/nba_data_pipeline.py for tasks to queue
[2024-10-28T21:28:11.231+0000] {logging_mixin.py:190} INFO - [2024-10-28T21:28:11.230+0000] {dagbag.py:587} INFO - Filling up the DagBag from /opt/airflow/dags/nba_data_pipeline.py
[2024-10-28T21:28:11.249+0000] {processor.py:925} INFO - DAG(s) 'nba_data_pipeline' retrieved from /opt/airflow/dags/nba_data_pipeline.py
[2024-10-28T21:28:11.283+0000] {logging_mixin.py:190} INFO - [2024-10-28T21:28:11.283+0000] {dag.py:3229} INFO - Sync 1 DAGs
[2024-10-28T21:28:11.320+0000] {logging_mixin.py:190} INFO - [2024-10-28T21:28:11.319+0000] {dag.py:4156} INFO - Setting next_dagrun for nba_data_pipeline to 2024-10-28 00:00:00+00:00, run_after=2024-10-29 00:00:00+00:00
[2024-10-28T21:28:11.346+0000] {processor.py:208} INFO - Processing /opt/airflow/dags/nba_data_pipeline.py took 0.133 seconds
[2024-10-28T21:28:41.526+0000] {processor.py:186} INFO - Started process (PID=872) to work on /opt/airflow/dags/nba_data_pipeline.py
[2024-10-28T21:28:41.528+0000] {processor.py:914} INFO - Processing file /opt/airflow/dags/nba_data_pipeline.py for tasks to queue
[2024-10-28T21:28:41.532+0000] {logging_mixin.py:190} INFO - [2024-10-28T21:28:41.531+0000] {dagbag.py:587} INFO - Filling up the DagBag from /opt/airflow/dags/nba_data_pipeline.py
[2024-10-28T21:28:41.545+0000] {processor.py:925} INFO - DAG(s) 'nba_data_pipeline' retrieved from /opt/airflow/dags/nba_data_pipeline.py
[2024-10-28T21:28:41.581+0000] {logging_mixin.py:190} INFO - [2024-10-28T21:28:41.580+0000] {dag.py:3229} INFO - Sync 1 DAGs
[2024-10-28T21:28:41.610+0000] {logging_mixin.py:190} INFO - [2024-10-28T21:28:41.610+0000] {dag.py:4156} INFO - Setting next_dagrun for nba_data_pipeline to 2024-10-28 00:00:00+00:00, run_after=2024-10-29 00:00:00+00:00
[2024-10-28T21:28:41.637+0000] {processor.py:208} INFO - Processing /opt/airflow/dags/nba_data_pipeline.py took 0.122 seconds
[2024-10-28T21:29:11.859+0000] {processor.py:186} INFO - Started process (PID=877) to work on /opt/airflow/dags/nba_data_pipeline.py
[2024-10-28T21:29:11.861+0000] {processor.py:914} INFO - Processing file /opt/airflow/dags/nba_data_pipeline.py for tasks to queue
[2024-10-28T21:29:11.864+0000] {logging_mixin.py:190} INFO - [2024-10-28T21:29:11.863+0000] {dagbag.py:587} INFO - Filling up the DagBag from /opt/airflow/dags/nba_data_pipeline.py
[2024-10-28T21:29:11.879+0000] {processor.py:925} INFO - DAG(s) 'nba_data_pipeline' retrieved from /opt/airflow/dags/nba_data_pipeline.py
[2024-10-28T21:29:11.917+0000] {logging_mixin.py:190} INFO - [2024-10-28T21:29:11.917+0000] {dag.py:3229} INFO - Sync 1 DAGs
[2024-10-28T21:29:11.950+0000] {logging_mixin.py:190} INFO - [2024-10-28T21:29:11.950+0000] {dag.py:4156} INFO - Setting next_dagrun for nba_data_pipeline to 2024-10-28 00:00:00+00:00, run_after=2024-10-29 00:00:00+00:00
[2024-10-28T21:29:11.974+0000] {processor.py:208} INFO - Processing /opt/airflow/dags/nba_data_pipeline.py took 0.125 seconds
[2024-10-28T21:29:42.159+0000] {processor.py:186} INFO - Started process (PID=882) to work on /opt/airflow/dags/nba_data_pipeline.py
[2024-10-28T21:29:42.161+0000] {processor.py:914} INFO - Processing file /opt/airflow/dags/nba_data_pipeline.py for tasks to queue
[2024-10-28T21:29:42.164+0000] {logging_mixin.py:190} INFO - [2024-10-28T21:29:42.163+0000] {dagbag.py:587} INFO - Filling up the DagBag from /opt/airflow/dags/nba_data_pipeline.py
[2024-10-28T21:29:42.179+0000] {processor.py:925} INFO - DAG(s) 'nba_data_pipeline' retrieved from /opt/airflow/dags/nba_data_pipeline.py
[2024-10-28T21:29:42.218+0000] {logging_mixin.py:190} INFO - [2024-10-28T21:29:42.218+0000] {dag.py:3229} INFO - Sync 1 DAGs
[2024-10-28T21:29:42.250+0000] {logging_mixin.py:190} INFO - [2024-10-28T21:29:42.249+0000] {dag.py:4156} INFO - Setting next_dagrun for nba_data_pipeline to 2024-10-28 00:00:00+00:00, run_after=2024-10-29 00:00:00+00:00
[2024-10-28T21:29:42.274+0000] {processor.py:208} INFO - Processing /opt/airflow/dags/nba_data_pipeline.py took 0.126 seconds
[2024-10-28T21:30:12.505+0000] {processor.py:186} INFO - Started process (PID=887) to work on /opt/airflow/dags/nba_data_pipeline.py
[2024-10-28T21:30:12.506+0000] {processor.py:914} INFO - Processing file /opt/airflow/dags/nba_data_pipeline.py for tasks to queue
[2024-10-28T21:30:12.510+0000] {logging_mixin.py:190} INFO - [2024-10-28T21:30:12.509+0000] {dagbag.py:587} INFO - Filling up the DagBag from /opt/airflow/dags/nba_data_pipeline.py
[2024-10-28T21:30:12.526+0000] {processor.py:925} INFO - DAG(s) 'nba_data_pipeline' retrieved from /opt/airflow/dags/nba_data_pipeline.py
[2024-10-28T21:30:12.560+0000] {logging_mixin.py:190} INFO - [2024-10-28T21:30:12.560+0000] {dag.py:3229} INFO - Sync 1 DAGs
[2024-10-28T21:30:12.594+0000] {logging_mixin.py:190} INFO - [2024-10-28T21:30:12.593+0000] {dag.py:4156} INFO - Setting next_dagrun for nba_data_pipeline to 2024-10-28 00:00:00+00:00, run_after=2024-10-29 00:00:00+00:00
[2024-10-28T21:30:12.620+0000] {processor.py:208} INFO - Processing /opt/airflow/dags/nba_data_pipeline.py took 0.125 seconds
[2024-10-28T21:30:42.797+0000] {processor.py:186} INFO - Started process (PID=892) to work on /opt/airflow/dags/nba_data_pipeline.py
[2024-10-28T21:30:42.798+0000] {processor.py:914} INFO - Processing file /opt/airflow/dags/nba_data_pipeline.py for tasks to queue
[2024-10-28T21:30:42.802+0000] {logging_mixin.py:190} INFO - [2024-10-28T21:30:42.801+0000] {dagbag.py:587} INFO - Filling up the DagBag from /opt/airflow/dags/nba_data_pipeline.py
[2024-10-28T21:30:42.817+0000] {processor.py:925} INFO - DAG(s) 'nba_data_pipeline' retrieved from /opt/airflow/dags/nba_data_pipeline.py
[2024-10-28T21:30:42.855+0000] {logging_mixin.py:190} INFO - [2024-10-28T21:30:42.855+0000] {dag.py:3229} INFO - Sync 1 DAGs
[2024-10-28T21:30:42.888+0000] {logging_mixin.py:190} INFO - [2024-10-28T21:30:42.888+0000] {dag.py:4156} INFO - Setting next_dagrun for nba_data_pipeline to 2024-10-28 00:00:00+00:00, run_after=2024-10-29 00:00:00+00:00
[2024-10-28T21:30:42.910+0000] {processor.py:208} INFO - Processing /opt/airflow/dags/nba_data_pipeline.py took 0.124 seconds
[2024-10-28T21:31:13.139+0000] {processor.py:186} INFO - Started process (PID=897) to work on /opt/airflow/dags/nba_data_pipeline.py
[2024-10-28T21:31:13.141+0000] {processor.py:914} INFO - Processing file /opt/airflow/dags/nba_data_pipeline.py for tasks to queue
[2024-10-28T21:31:13.146+0000] {logging_mixin.py:190} INFO - [2024-10-28T21:31:13.145+0000] {dagbag.py:587} INFO - Filling up the DagBag from /opt/airflow/dags/nba_data_pipeline.py
[2024-10-28T21:31:13.161+0000] {processor.py:925} INFO - DAG(s) 'nba_data_pipeline' retrieved from /opt/airflow/dags/nba_data_pipeline.py
[2024-10-28T21:31:13.197+0000] {logging_mixin.py:190} INFO - [2024-10-28T21:31:13.197+0000] {dag.py:3229} INFO - Sync 1 DAGs
[2024-10-28T21:31:13.231+0000] {logging_mixin.py:190} INFO - [2024-10-28T21:31:13.230+0000] {dag.py:4156} INFO - Setting next_dagrun for nba_data_pipeline to 2024-10-28 00:00:00+00:00, run_after=2024-10-29 00:00:00+00:00
[2024-10-28T21:31:13.254+0000] {processor.py:208} INFO - Processing /opt/airflow/dags/nba_data_pipeline.py took 0.125 seconds
[2024-10-28T21:31:43.432+0000] {processor.py:186} INFO - Started process (PID=902) to work on /opt/airflow/dags/nba_data_pipeline.py
[2024-10-28T21:31:43.434+0000] {processor.py:914} INFO - Processing file /opt/airflow/dags/nba_data_pipeline.py for tasks to queue
[2024-10-28T21:31:43.437+0000] {logging_mixin.py:190} INFO - [2024-10-28T21:31:43.437+0000] {dagbag.py:587} INFO - Filling up the DagBag from /opt/airflow/dags/nba_data_pipeline.py
[2024-10-28T21:31:43.452+0000] {processor.py:925} INFO - DAG(s) 'nba_data_pipeline' retrieved from /opt/airflow/dags/nba_data_pipeline.py
[2024-10-28T21:31:43.490+0000] {logging_mixin.py:190} INFO - [2024-10-28T21:31:43.490+0000] {dag.py:3229} INFO - Sync 1 DAGs
[2024-10-28T21:31:43.524+0000] {logging_mixin.py:190} INFO - [2024-10-28T21:31:43.524+0000] {dag.py:4156} INFO - Setting next_dagrun for nba_data_pipeline to 2024-10-28 00:00:00+00:00, run_after=2024-10-29 00:00:00+00:00
[2024-10-28T21:31:43.547+0000] {processor.py:208} INFO - Processing /opt/airflow/dags/nba_data_pipeline.py took 0.126 seconds
[2024-10-28T21:32:13.782+0000] {processor.py:186} INFO - Started process (PID=907) to work on /opt/airflow/dags/nba_data_pipeline.py
[2024-10-28T21:32:13.785+0000] {processor.py:914} INFO - Processing file /opt/airflow/dags/nba_data_pipeline.py for tasks to queue
[2024-10-28T21:32:13.788+0000] {logging_mixin.py:190} INFO - [2024-10-28T21:32:13.788+0000] {dagbag.py:587} INFO - Filling up the DagBag from /opt/airflow/dags/nba_data_pipeline.py
[2024-10-28T21:32:13.802+0000] {processor.py:925} INFO - DAG(s) 'nba_data_pipeline' retrieved from /opt/airflow/dags/nba_data_pipeline.py
[2024-10-28T21:32:13.839+0000] {logging_mixin.py:190} INFO - [2024-10-28T21:32:13.839+0000] {dag.py:3229} INFO - Sync 1 DAGs
[2024-10-28T21:32:13.881+0000] {logging_mixin.py:190} INFO - [2024-10-28T21:32:13.881+0000] {dag.py:4156} INFO - Setting next_dagrun for nba_data_pipeline to 2024-10-28 00:00:00+00:00, run_after=2024-10-29 00:00:00+00:00
[2024-10-28T21:32:13.937+0000] {processor.py:208} INFO - Processing /opt/airflow/dags/nba_data_pipeline.py took 0.166 seconds
[2024-10-28T21:32:44.062+0000] {processor.py:186} INFO - Started process (PID=912) to work on /opt/airflow/dags/nba_data_pipeline.py
[2024-10-28T21:32:44.063+0000] {processor.py:914} INFO - Processing file /opt/airflow/dags/nba_data_pipeline.py for tasks to queue
[2024-10-28T21:32:44.067+0000] {logging_mixin.py:190} INFO - [2024-10-28T21:32:44.066+0000] {dagbag.py:587} INFO - Filling up the DagBag from /opt/airflow/dags/nba_data_pipeline.py
[2024-10-28T21:32:44.083+0000] {processor.py:925} INFO - DAG(s) 'nba_data_pipeline' retrieved from /opt/airflow/dags/nba_data_pipeline.py
[2024-10-28T21:32:44.120+0000] {logging_mixin.py:190} INFO - [2024-10-28T21:32:44.120+0000] {dag.py:3229} INFO - Sync 1 DAGs
[2024-10-28T21:32:44.151+0000] {logging_mixin.py:190} INFO - [2024-10-28T21:32:44.151+0000] {dag.py:4156} INFO - Setting next_dagrun for nba_data_pipeline to 2024-10-28 00:00:00+00:00, run_after=2024-10-29 00:00:00+00:00
[2024-10-28T21:32:44.182+0000] {processor.py:208} INFO - Processing /opt/airflow/dags/nba_data_pipeline.py took 0.131 seconds
[2024-10-28T21:33:14.462+0000] {processor.py:186} INFO - Started process (PID=917) to work on /opt/airflow/dags/nba_data_pipeline.py
[2024-10-28T21:33:14.464+0000] {processor.py:914} INFO - Processing file /opt/airflow/dags/nba_data_pipeline.py for tasks to queue
[2024-10-28T21:33:14.468+0000] {logging_mixin.py:190} INFO - [2024-10-28T21:33:14.468+0000] {dagbag.py:587} INFO - Filling up the DagBag from /opt/airflow/dags/nba_data_pipeline.py
[2024-10-28T21:33:14.483+0000] {processor.py:925} INFO - DAG(s) 'nba_data_pipeline' retrieved from /opt/airflow/dags/nba_data_pipeline.py
[2024-10-28T21:33:14.516+0000] {logging_mixin.py:190} INFO - [2024-10-28T21:33:14.516+0000] {dag.py:3229} INFO - Sync 1 DAGs
[2024-10-28T21:33:14.554+0000] {logging_mixin.py:190} INFO - [2024-10-28T21:33:14.553+0000] {dag.py:4156} INFO - Setting next_dagrun for nba_data_pipeline to 2024-10-28 00:00:00+00:00, run_after=2024-10-29 00:00:00+00:00
[2024-10-28T21:33:14.574+0000] {processor.py:208} INFO - Processing /opt/airflow/dags/nba_data_pipeline.py took 0.125 seconds
[2024-10-28T21:33:44.732+0000] {processor.py:186} INFO - Started process (PID=922) to work on /opt/airflow/dags/nba_data_pipeline.py
[2024-10-28T21:33:44.733+0000] {processor.py:914} INFO - Processing file /opt/airflow/dags/nba_data_pipeline.py for tasks to queue
[2024-10-28T21:33:44.737+0000] {logging_mixin.py:190} INFO - [2024-10-28T21:33:44.737+0000] {dagbag.py:587} INFO - Filling up the DagBag from /opt/airflow/dags/nba_data_pipeline.py
[2024-10-28T21:33:44.750+0000] {processor.py:925} INFO - DAG(s) 'nba_data_pipeline' retrieved from /opt/airflow/dags/nba_data_pipeline.py
[2024-10-28T21:33:44.791+0000] {logging_mixin.py:190} INFO - [2024-10-28T21:33:44.791+0000] {dag.py:3229} INFO - Sync 1 DAGs
[2024-10-28T21:33:44.822+0000] {logging_mixin.py:190} INFO - [2024-10-28T21:33:44.822+0000] {dag.py:4156} INFO - Setting next_dagrun for nba_data_pipeline to 2024-10-28 00:00:00+00:00, run_after=2024-10-29 00:00:00+00:00
[2024-10-28T21:33:44.847+0000] {processor.py:208} INFO - Processing /opt/airflow/dags/nba_data_pipeline.py took 0.126 seconds
[2024-10-28T21:34:15.080+0000] {processor.py:186} INFO - Started process (PID=927) to work on /opt/airflow/dags/nba_data_pipeline.py
[2024-10-28T21:34:15.082+0000] {processor.py:914} INFO - Processing file /opt/airflow/dags/nba_data_pipeline.py for tasks to queue
[2024-10-28T21:34:15.086+0000] {logging_mixin.py:190} INFO - [2024-10-28T21:34:15.085+0000] {dagbag.py:587} INFO - Filling up the DagBag from /opt/airflow/dags/nba_data_pipeline.py
[2024-10-28T21:34:15.098+0000] {processor.py:925} INFO - DAG(s) 'nba_data_pipeline' retrieved from /opt/airflow/dags/nba_data_pipeline.py
[2024-10-28T21:34:15.134+0000] {logging_mixin.py:190} INFO - [2024-10-28T21:34:15.133+0000] {dag.py:3229} INFO - Sync 1 DAGs
[2024-10-28T21:34:15.166+0000] {logging_mixin.py:190} INFO - [2024-10-28T21:34:15.166+0000] {dag.py:4156} INFO - Setting next_dagrun for nba_data_pipeline to 2024-10-28 00:00:00+00:00, run_after=2024-10-29 00:00:00+00:00
[2024-10-28T21:34:15.191+0000] {processor.py:208} INFO - Processing /opt/airflow/dags/nba_data_pipeline.py took 0.122 seconds
[2024-10-28T21:34:45.352+0000] {processor.py:186} INFO - Started process (PID=932) to work on /opt/airflow/dags/nba_data_pipeline.py
[2024-10-28T21:34:45.353+0000] {processor.py:914} INFO - Processing file /opt/airflow/dags/nba_data_pipeline.py for tasks to queue
[2024-10-28T21:34:45.358+0000] {logging_mixin.py:190} INFO - [2024-10-28T21:34:45.358+0000] {dagbag.py:587} INFO - Filling up the DagBag from /opt/airflow/dags/nba_data_pipeline.py
[2024-10-28T21:34:45.373+0000] {processor.py:925} INFO - DAG(s) 'nba_data_pipeline' retrieved from /opt/airflow/dags/nba_data_pipeline.py
[2024-10-28T21:34:45.410+0000] {logging_mixin.py:190} INFO - [2024-10-28T21:34:45.409+0000] {dag.py:3229} INFO - Sync 1 DAGs
[2024-10-28T21:34:45.443+0000] {logging_mixin.py:190} INFO - [2024-10-28T21:34:45.443+0000] {dag.py:4156} INFO - Setting next_dagrun for nba_data_pipeline to 2024-10-28 00:00:00+00:00, run_after=2024-10-29 00:00:00+00:00
[2024-10-28T21:34:45.466+0000] {processor.py:208} INFO - Processing /opt/airflow/dags/nba_data_pipeline.py took 0.125 seconds
[2024-10-28T21:35:15.708+0000] {processor.py:186} INFO - Started process (PID=937) to work on /opt/airflow/dags/nba_data_pipeline.py
[2024-10-28T21:35:15.709+0000] {processor.py:914} INFO - Processing file /opt/airflow/dags/nba_data_pipeline.py for tasks to queue
[2024-10-28T21:35:15.714+0000] {logging_mixin.py:190} INFO - [2024-10-28T21:35:15.713+0000] {dagbag.py:587} INFO - Filling up the DagBag from /opt/airflow/dags/nba_data_pipeline.py
[2024-10-28T21:35:15.728+0000] {processor.py:925} INFO - DAG(s) 'nba_data_pipeline' retrieved from /opt/airflow/dags/nba_data_pipeline.py
[2024-10-28T21:35:15.763+0000] {logging_mixin.py:190} INFO - [2024-10-28T21:35:15.763+0000] {dag.py:3229} INFO - Sync 1 DAGs
[2024-10-28T21:35:15.798+0000] {logging_mixin.py:190} INFO - [2024-10-28T21:35:15.798+0000] {dag.py:4156} INFO - Setting next_dagrun for nba_data_pipeline to 2024-10-28 00:00:00+00:00, run_after=2024-10-29 00:00:00+00:00
[2024-10-28T21:35:15.823+0000] {processor.py:208} INFO - Processing /opt/airflow/dags/nba_data_pipeline.py took 0.125 seconds
[2024-10-28T21:35:45.981+0000] {processor.py:186} INFO - Started process (PID=942) to work on /opt/airflow/dags/nba_data_pipeline.py
[2024-10-28T21:35:45.983+0000] {processor.py:914} INFO - Processing file /opt/airflow/dags/nba_data_pipeline.py for tasks to queue
[2024-10-28T21:35:45.986+0000] {logging_mixin.py:190} INFO - [2024-10-28T21:35:45.985+0000] {dagbag.py:587} INFO - Filling up the DagBag from /opt/airflow/dags/nba_data_pipeline.py
[2024-10-28T21:35:45.999+0000] {processor.py:925} INFO - DAG(s) 'nba_data_pipeline' retrieved from /opt/airflow/dags/nba_data_pipeline.py
[2024-10-28T21:35:46.035+0000] {logging_mixin.py:190} INFO - [2024-10-28T21:35:46.035+0000] {dag.py:3229} INFO - Sync 1 DAGs
[2024-10-28T21:35:46.069+0000] {logging_mixin.py:190} INFO - [2024-10-28T21:35:46.068+0000] {dag.py:4156} INFO - Setting next_dagrun for nba_data_pipeline to 2024-10-28 00:00:00+00:00, run_after=2024-10-29 00:00:00+00:00
[2024-10-28T21:35:46.099+0000] {processor.py:208} INFO - Processing /opt/airflow/dags/nba_data_pipeline.py took 0.128 seconds
[2024-10-28T21:36:16.368+0000] {processor.py:186} INFO - Started process (PID=947) to work on /opt/airflow/dags/nba_data_pipeline.py
[2024-10-28T21:36:16.370+0000] {processor.py:914} INFO - Processing file /opt/airflow/dags/nba_data_pipeline.py for tasks to queue
[2024-10-28T21:36:16.374+0000] {logging_mixin.py:190} INFO - [2024-10-28T21:36:16.373+0000] {dagbag.py:587} INFO - Filling up the DagBag from /opt/airflow/dags/nba_data_pipeline.py
[2024-10-28T21:36:16.388+0000] {processor.py:925} INFO - DAG(s) 'nba_data_pipeline' retrieved from /opt/airflow/dags/nba_data_pipeline.py
[2024-10-28T21:36:16.422+0000] {logging_mixin.py:190} INFO - [2024-10-28T21:36:16.421+0000] {dag.py:3229} INFO - Sync 1 DAGs
[2024-10-28T21:36:16.451+0000] {logging_mixin.py:190} INFO - [2024-10-28T21:36:16.451+0000] {dag.py:4156} INFO - Setting next_dagrun for nba_data_pipeline to 2024-10-28 00:00:00+00:00, run_after=2024-10-29 00:00:00+00:00
[2024-10-28T21:36:16.475+0000] {processor.py:208} INFO - Processing /opt/airflow/dags/nba_data_pipeline.py took 0.117 seconds
[2024-10-28T21:36:46.635+0000] {processor.py:186} INFO - Started process (PID=952) to work on /opt/airflow/dags/nba_data_pipeline.py
[2024-10-28T21:36:46.636+0000] {processor.py:914} INFO - Processing file /opt/airflow/dags/nba_data_pipeline.py for tasks to queue
[2024-10-28T21:36:46.640+0000] {logging_mixin.py:190} INFO - [2024-10-28T21:36:46.639+0000] {dagbag.py:587} INFO - Filling up the DagBag from /opt/airflow/dags/nba_data_pipeline.py
[2024-10-28T21:36:46.653+0000] {processor.py:925} INFO - DAG(s) 'nba_data_pipeline' retrieved from /opt/airflow/dags/nba_data_pipeline.py
[2024-10-28T21:36:46.689+0000] {logging_mixin.py:190} INFO - [2024-10-28T21:36:46.689+0000] {dag.py:3229} INFO - Sync 1 DAGs
[2024-10-28T21:36:46.723+0000] {logging_mixin.py:190} INFO - [2024-10-28T21:36:46.723+0000] {dag.py:4156} INFO - Setting next_dagrun for nba_data_pipeline to 2024-10-28 00:00:00+00:00, run_after=2024-10-29 00:00:00+00:00
[2024-10-28T21:36:46.749+0000] {processor.py:208} INFO - Processing /opt/airflow/dags/nba_data_pipeline.py took 0.126 seconds
[2024-10-28T21:37:17.000+0000] {processor.py:186} INFO - Started process (PID=957) to work on /opt/airflow/dags/nba_data_pipeline.py
[2024-10-28T21:37:17.002+0000] {processor.py:914} INFO - Processing file /opt/airflow/dags/nba_data_pipeline.py for tasks to queue
[2024-10-28T21:37:17.005+0000] {logging_mixin.py:190} INFO - [2024-10-28T21:37:17.005+0000] {dagbag.py:587} INFO - Filling up the DagBag from /opt/airflow/dags/nba_data_pipeline.py
[2024-10-28T21:37:17.016+0000] {processor.py:925} INFO - DAG(s) 'nba_data_pipeline' retrieved from /opt/airflow/dags/nba_data_pipeline.py
[2024-10-28T21:37:17.049+0000] {logging_mixin.py:190} INFO - [2024-10-28T21:37:17.049+0000] {dag.py:3229} INFO - Sync 1 DAGs
[2024-10-28T21:37:17.082+0000] {logging_mixin.py:190} INFO - [2024-10-28T21:37:17.081+0000] {dag.py:4156} INFO - Setting next_dagrun for nba_data_pipeline to 2024-10-28 00:00:00+00:00, run_after=2024-10-29 00:00:00+00:00
[2024-10-28T21:37:17.106+0000] {processor.py:208} INFO - Processing /opt/airflow/dags/nba_data_pipeline.py took 0.115 seconds
[2024-10-28T21:37:47.271+0000] {processor.py:186} INFO - Started process (PID=962) to work on /opt/airflow/dags/nba_data_pipeline.py
[2024-10-28T21:37:47.272+0000] {processor.py:914} INFO - Processing file /opt/airflow/dags/nba_data_pipeline.py for tasks to queue
[2024-10-28T21:37:47.275+0000] {logging_mixin.py:190} INFO - [2024-10-28T21:37:47.275+0000] {dagbag.py:587} INFO - Filling up the DagBag from /opt/airflow/dags/nba_data_pipeline.py
[2024-10-28T21:37:47.288+0000] {processor.py:925} INFO - DAG(s) 'nba_data_pipeline' retrieved from /opt/airflow/dags/nba_data_pipeline.py
[2024-10-28T21:37:47.325+0000] {logging_mixin.py:190} INFO - [2024-10-28T21:37:47.325+0000] {dag.py:3229} INFO - Sync 1 DAGs
[2024-10-28T21:37:47.359+0000] {logging_mixin.py:190} INFO - [2024-10-28T21:37:47.358+0000] {dag.py:4156} INFO - Setting next_dagrun for nba_data_pipeline to 2024-10-28 00:00:00+00:00, run_after=2024-10-29 00:00:00+00:00
[2024-10-28T21:37:47.381+0000] {processor.py:208} INFO - Processing /opt/airflow/dags/nba_data_pipeline.py took 0.119 seconds
[2024-10-28T21:38:17.627+0000] {processor.py:186} INFO - Started process (PID=967) to work on /opt/airflow/dags/nba_data_pipeline.py
[2024-10-28T21:38:17.629+0000] {processor.py:914} INFO - Processing file /opt/airflow/dags/nba_data_pipeline.py for tasks to queue
[2024-10-28T21:38:17.634+0000] {logging_mixin.py:190} INFO - [2024-10-28T21:38:17.633+0000] {dagbag.py:587} INFO - Filling up the DagBag from /opt/airflow/dags/nba_data_pipeline.py
[2024-10-28T21:38:17.650+0000] {processor.py:925} INFO - DAG(s) 'nba_data_pipeline' retrieved from /opt/airflow/dags/nba_data_pipeline.py
[2024-10-28T21:38:17.687+0000] {logging_mixin.py:190} INFO - [2024-10-28T21:38:17.687+0000] {dag.py:3229} INFO - Sync 1 DAGs
[2024-10-28T21:38:17.725+0000] {logging_mixin.py:190} INFO - [2024-10-28T21:38:17.725+0000] {dag.py:4156} INFO - Setting next_dagrun for nba_data_pipeline to 2024-10-28 00:00:00+00:00, run_after=2024-10-29 00:00:00+00:00
[2024-10-28T21:38:17.757+0000] {processor.py:208} INFO - Processing /opt/airflow/dags/nba_data_pipeline.py took 0.139 seconds
[2024-10-28T21:38:47.897+0000] {processor.py:186} INFO - Started process (PID=972) to work on /opt/airflow/dags/nba_data_pipeline.py
[2024-10-28T21:38:47.899+0000] {processor.py:914} INFO - Processing file /opt/airflow/dags/nba_data_pipeline.py for tasks to queue
[2024-10-28T21:38:47.902+0000] {logging_mixin.py:190} INFO - [2024-10-28T21:38:47.902+0000] {dagbag.py:587} INFO - Filling up the DagBag from /opt/airflow/dags/nba_data_pipeline.py
[2024-10-28T21:38:47.917+0000] {processor.py:925} INFO - DAG(s) 'nba_data_pipeline' retrieved from /opt/airflow/dags/nba_data_pipeline.py
[2024-10-28T21:38:47.959+0000] {logging_mixin.py:190} INFO - [2024-10-28T21:38:47.958+0000] {dag.py:3229} INFO - Sync 1 DAGs
[2024-10-28T21:38:47.996+0000] {logging_mixin.py:190} INFO - [2024-10-28T21:38:47.995+0000] {dag.py:4156} INFO - Setting next_dagrun for nba_data_pipeline to 2024-10-28 00:00:00+00:00, run_after=2024-10-29 00:00:00+00:00
[2024-10-28T21:38:48.024+0000] {processor.py:208} INFO - Processing /opt/airflow/dags/nba_data_pipeline.py took 0.140 seconds
[2024-10-28T21:39:18.293+0000] {processor.py:186} INFO - Started process (PID=977) to work on /opt/airflow/dags/nba_data_pipeline.py
[2024-10-28T21:39:18.294+0000] {processor.py:914} INFO - Processing file /opt/airflow/dags/nba_data_pipeline.py for tasks to queue
[2024-10-28T21:39:18.298+0000] {logging_mixin.py:190} INFO - [2024-10-28T21:39:18.298+0000] {dagbag.py:587} INFO - Filling up the DagBag from /opt/airflow/dags/nba_data_pipeline.py
[2024-10-28T21:39:18.313+0000] {processor.py:925} INFO - DAG(s) 'nba_data_pipeline' retrieved from /opt/airflow/dags/nba_data_pipeline.py
[2024-10-28T21:39:18.347+0000] {logging_mixin.py:190} INFO - [2024-10-28T21:39:18.346+0000] {dag.py:3229} INFO - Sync 1 DAGs
[2024-10-28T21:39:18.380+0000] {logging_mixin.py:190} INFO - [2024-10-28T21:39:18.380+0000] {dag.py:4156} INFO - Setting next_dagrun for nba_data_pipeline to 2024-10-28 00:00:00+00:00, run_after=2024-10-29 00:00:00+00:00
[2024-10-28T21:39:18.404+0000] {processor.py:208} INFO - Processing /opt/airflow/dags/nba_data_pipeline.py took 0.121 seconds
[2024-10-28T21:39:48.581+0000] {processor.py:186} INFO - Started process (PID=982) to work on /opt/airflow/dags/nba_data_pipeline.py
[2024-10-28T21:39:48.582+0000] {processor.py:914} INFO - Processing file /opt/airflow/dags/nba_data_pipeline.py for tasks to queue
[2024-10-28T21:39:48.585+0000] {logging_mixin.py:190} INFO - [2024-10-28T21:39:48.585+0000] {dagbag.py:587} INFO - Filling up the DagBag from /opt/airflow/dags/nba_data_pipeline.py
[2024-10-28T21:39:48.600+0000] {processor.py:925} INFO - DAG(s) 'nba_data_pipeline' retrieved from /opt/airflow/dags/nba_data_pipeline.py
[2024-10-28T21:39:48.638+0000] {logging_mixin.py:190} INFO - [2024-10-28T21:39:48.637+0000] {dag.py:3229} INFO - Sync 1 DAGs
[2024-10-28T21:39:48.670+0000] {logging_mixin.py:190} INFO - [2024-10-28T21:39:48.670+0000] {dag.py:4156} INFO - Setting next_dagrun for nba_data_pipeline to 2024-10-28 00:00:00+00:00, run_after=2024-10-29 00:00:00+00:00
[2024-10-28T21:39:48.695+0000] {processor.py:208} INFO - Processing /opt/airflow/dags/nba_data_pipeline.py took 0.124 seconds
[2024-10-28T21:40:18.989+0000] {processor.py:186} INFO - Started process (PID=987) to work on /opt/airflow/dags/nba_data_pipeline.py
[2024-10-28T21:40:18.990+0000] {processor.py:914} INFO - Processing file /opt/airflow/dags/nba_data_pipeline.py for tasks to queue
[2024-10-28T21:40:18.994+0000] {logging_mixin.py:190} INFO - [2024-10-28T21:40:18.993+0000] {dagbag.py:587} INFO - Filling up the DagBag from /opt/airflow/dags/nba_data_pipeline.py
[2024-10-28T21:40:19.007+0000] {processor.py:925} INFO - DAG(s) 'nba_data_pipeline' retrieved from /opt/airflow/dags/nba_data_pipeline.py
[2024-10-28T21:40:19.043+0000] {logging_mixin.py:190} INFO - [2024-10-28T21:40:19.042+0000] {dag.py:3229} INFO - Sync 1 DAGs
[2024-10-28T21:40:19.076+0000] {logging_mixin.py:190} INFO - [2024-10-28T21:40:19.075+0000] {dag.py:4156} INFO - Setting next_dagrun for nba_data_pipeline to 2024-10-28 00:00:00+00:00, run_after=2024-10-29 00:00:00+00:00
[2024-10-28T21:40:19.097+0000] {processor.py:208} INFO - Processing /opt/airflow/dags/nba_data_pipeline.py took 0.118 seconds
[2024-10-28T21:40:49.272+0000] {processor.py:186} INFO - Started process (PID=992) to work on /opt/airflow/dags/nba_data_pipeline.py
[2024-10-28T21:40:49.274+0000] {processor.py:914} INFO - Processing file /opt/airflow/dags/nba_data_pipeline.py for tasks to queue
[2024-10-28T21:40:49.277+0000] {logging_mixin.py:190} INFO - [2024-10-28T21:40:49.276+0000] {dagbag.py:587} INFO - Filling up the DagBag from /opt/airflow/dags/nba_data_pipeline.py
[2024-10-28T21:40:49.290+0000] {processor.py:925} INFO - DAG(s) 'nba_data_pipeline' retrieved from /opt/airflow/dags/nba_data_pipeline.py
[2024-10-28T21:40:49.327+0000] {logging_mixin.py:190} INFO - [2024-10-28T21:40:49.326+0000] {dag.py:3229} INFO - Sync 1 DAGs
[2024-10-28T21:40:49.359+0000] {logging_mixin.py:190} INFO - [2024-10-28T21:40:49.359+0000] {dag.py:4156} INFO - Setting next_dagrun for nba_data_pipeline to 2024-10-28 00:00:00+00:00, run_after=2024-10-29 00:00:00+00:00
[2024-10-28T21:40:49.383+0000] {processor.py:208} INFO - Processing /opt/airflow/dags/nba_data_pipeline.py took 0.122 seconds
[2024-10-28T21:41:19.653+0000] {processor.py:186} INFO - Started process (PID=997) to work on /opt/airflow/dags/nba_data_pipeline.py
[2024-10-28T21:41:19.654+0000] {processor.py:914} INFO - Processing file /opt/airflow/dags/nba_data_pipeline.py for tasks to queue
[2024-10-28T21:41:19.658+0000] {logging_mixin.py:190} INFO - [2024-10-28T21:41:19.658+0000] {dagbag.py:587} INFO - Filling up the DagBag from /opt/airflow/dags/nba_data_pipeline.py
[2024-10-28T21:41:19.671+0000] {processor.py:925} INFO - DAG(s) 'nba_data_pipeline' retrieved from /opt/airflow/dags/nba_data_pipeline.py
[2024-10-28T21:41:19.708+0000] {logging_mixin.py:190} INFO - [2024-10-28T21:41:19.708+0000] {dag.py:3229} INFO - Sync 1 DAGs
[2024-10-28T21:41:19.739+0000] {logging_mixin.py:190} INFO - [2024-10-28T21:41:19.738+0000] {dag.py:4156} INFO - Setting next_dagrun for nba_data_pipeline to 2024-10-28 00:00:00+00:00, run_after=2024-10-29 00:00:00+00:00
[2024-10-28T21:41:19.763+0000] {processor.py:208} INFO - Processing /opt/airflow/dags/nba_data_pipeline.py took 0.120 seconds
[2024-10-28T21:41:49.928+0000] {processor.py:186} INFO - Started process (PID=1002) to work on /opt/airflow/dags/nba_data_pipeline.py
[2024-10-28T21:41:49.929+0000] {processor.py:914} INFO - Processing file /opt/airflow/dags/nba_data_pipeline.py for tasks to queue
[2024-10-28T21:41:49.934+0000] {logging_mixin.py:190} INFO - [2024-10-28T21:41:49.933+0000] {dagbag.py:587} INFO - Filling up the DagBag from /opt/airflow/dags/nba_data_pipeline.py
[2024-10-28T21:41:49.947+0000] {processor.py:925} INFO - DAG(s) 'nba_data_pipeline' retrieved from /opt/airflow/dags/nba_data_pipeline.py
[2024-10-28T21:41:49.981+0000] {logging_mixin.py:190} INFO - [2024-10-28T21:41:49.981+0000] {dag.py:3229} INFO - Sync 1 DAGs
[2024-10-28T21:41:50.016+0000] {logging_mixin.py:190} INFO - [2024-10-28T21:41:50.016+0000] {dag.py:4156} INFO - Setting next_dagrun for nba_data_pipeline to 2024-10-28 00:00:00+00:00, run_after=2024-10-29 00:00:00+00:00
[2024-10-28T21:41:50.039+0000] {processor.py:208} INFO - Processing /opt/airflow/dags/nba_data_pipeline.py took 0.122 seconds
[2024-10-28T21:42:20.289+0000] {processor.py:186} INFO - Started process (PID=1007) to work on /opt/airflow/dags/nba_data_pipeline.py
[2024-10-28T21:42:20.291+0000] {processor.py:914} INFO - Processing file /opt/airflow/dags/nba_data_pipeline.py for tasks to queue
[2024-10-28T21:42:20.294+0000] {logging_mixin.py:190} INFO - [2024-10-28T21:42:20.294+0000] {dagbag.py:587} INFO - Filling up the DagBag from /opt/airflow/dags/nba_data_pipeline.py
[2024-10-28T21:42:20.307+0000] {processor.py:925} INFO - DAG(s) 'nba_data_pipeline' retrieved from /opt/airflow/dags/nba_data_pipeline.py
[2024-10-28T21:42:20.343+0000] {logging_mixin.py:190} INFO - [2024-10-28T21:42:20.343+0000] {dag.py:3229} INFO - Sync 1 DAGs
[2024-10-28T21:42:20.376+0000] {logging_mixin.py:190} INFO - [2024-10-28T21:42:20.376+0000] {dag.py:4156} INFO - Setting next_dagrun for nba_data_pipeline to 2024-10-28 00:00:00+00:00, run_after=2024-10-29 00:00:00+00:00
[2024-10-28T21:42:20.398+0000] {processor.py:208} INFO - Processing /opt/airflow/dags/nba_data_pipeline.py took 0.120 seconds
[2024-10-28T21:42:50.554+0000] {processor.py:186} INFO - Started process (PID=1012) to work on /opt/airflow/dags/nba_data_pipeline.py
[2024-10-28T21:42:50.555+0000] {processor.py:914} INFO - Processing file /opt/airflow/dags/nba_data_pipeline.py for tasks to queue
[2024-10-28T21:42:50.558+0000] {logging_mixin.py:190} INFO - [2024-10-28T21:42:50.558+0000] {dagbag.py:587} INFO - Filling up the DagBag from /opt/airflow/dags/nba_data_pipeline.py
[2024-10-28T21:42:50.573+0000] {processor.py:925} INFO - DAG(s) 'nba_data_pipeline' retrieved from /opt/airflow/dags/nba_data_pipeline.py
[2024-10-28T21:42:50.611+0000] {logging_mixin.py:190} INFO - [2024-10-28T21:42:50.610+0000] {dag.py:3229} INFO - Sync 1 DAGs
[2024-10-28T21:42:50.641+0000] {logging_mixin.py:190} INFO - [2024-10-28T21:42:50.640+0000] {dag.py:4156} INFO - Setting next_dagrun for nba_data_pipeline to 2024-10-28 00:00:00+00:00, run_after=2024-10-29 00:00:00+00:00
[2024-10-28T21:42:50.667+0000] {processor.py:208} INFO - Processing /opt/airflow/dags/nba_data_pipeline.py took 0.123 seconds
[2024-10-28T21:43:20.918+0000] {processor.py:186} INFO - Started process (PID=1017) to work on /opt/airflow/dags/nba_data_pipeline.py
[2024-10-28T21:43:20.919+0000] {processor.py:914} INFO - Processing file /opt/airflow/dags/nba_data_pipeline.py for tasks to queue
[2024-10-28T21:43:20.922+0000] {logging_mixin.py:190} INFO - [2024-10-28T21:43:20.922+0000] {dagbag.py:587} INFO - Filling up the DagBag from /opt/airflow/dags/nba_data_pipeline.py
[2024-10-28T21:43:20.937+0000] {processor.py:925} INFO - DAG(s) 'nba_data_pipeline' retrieved from /opt/airflow/dags/nba_data_pipeline.py
[2024-10-28T21:43:20.973+0000] {logging_mixin.py:190} INFO - [2024-10-28T21:43:20.973+0000] {dag.py:3229} INFO - Sync 1 DAGs
[2024-10-28T21:43:21.007+0000] {logging_mixin.py:190} INFO - [2024-10-28T21:43:21.007+0000] {dag.py:4156} INFO - Setting next_dagrun for nba_data_pipeline to 2024-10-28 00:00:00+00:00, run_after=2024-10-29 00:00:00+00:00
[2024-10-28T21:43:21.029+0000] {processor.py:208} INFO - Processing /opt/airflow/dags/nba_data_pipeline.py took 0.121 seconds
[2024-10-28T21:43:51.190+0000] {processor.py:186} INFO - Started process (PID=1022) to work on /opt/airflow/dags/nba_data_pipeline.py
[2024-10-28T21:43:51.191+0000] {processor.py:914} INFO - Processing file /opt/airflow/dags/nba_data_pipeline.py for tasks to queue
[2024-10-28T21:43:51.195+0000] {logging_mixin.py:190} INFO - [2024-10-28T21:43:51.195+0000] {dagbag.py:587} INFO - Filling up the DagBag from /opt/airflow/dags/nba_data_pipeline.py
[2024-10-28T21:43:51.208+0000] {processor.py:925} INFO - DAG(s) 'nba_data_pipeline' retrieved from /opt/airflow/dags/nba_data_pipeline.py
[2024-10-28T21:43:51.244+0000] {logging_mixin.py:190} INFO - [2024-10-28T21:43:51.244+0000] {dag.py:3229} INFO - Sync 1 DAGs
[2024-10-28T21:43:51.277+0000] {logging_mixin.py:190} INFO - [2024-10-28T21:43:51.277+0000] {dag.py:4156} INFO - Setting next_dagrun for nba_data_pipeline to 2024-10-28 00:00:00+00:00, run_after=2024-10-29 00:00:00+00:00
[2024-10-28T21:43:51.302+0000] {processor.py:208} INFO - Processing /opt/airflow/dags/nba_data_pipeline.py took 0.123 seconds
[2024-10-28T21:44:21.547+0000] {processor.py:186} INFO - Started process (PID=1027) to work on /opt/airflow/dags/nba_data_pipeline.py
[2024-10-28T21:44:21.548+0000] {processor.py:914} INFO - Processing file /opt/airflow/dags/nba_data_pipeline.py for tasks to queue
[2024-10-28T21:44:21.551+0000] {logging_mixin.py:190} INFO - [2024-10-28T21:44:21.551+0000] {dagbag.py:587} INFO - Filling up the DagBag from /opt/airflow/dags/nba_data_pipeline.py
[2024-10-28T21:44:21.565+0000] {processor.py:925} INFO - DAG(s) 'nba_data_pipeline' retrieved from /opt/airflow/dags/nba_data_pipeline.py
[2024-10-28T21:44:21.598+0000] {logging_mixin.py:190} INFO - [2024-10-28T21:44:21.598+0000] {dag.py:3229} INFO - Sync 1 DAGs
[2024-10-28T21:44:21.630+0000] {logging_mixin.py:190} INFO - [2024-10-28T21:44:21.630+0000] {dag.py:4156} INFO - Setting next_dagrun for nba_data_pipeline to 2024-10-28 00:00:00+00:00, run_after=2024-10-29 00:00:00+00:00
[2024-10-28T21:44:21.655+0000] {processor.py:208} INFO - Processing /opt/airflow/dags/nba_data_pipeline.py took 0.120 seconds
[2024-10-28T21:44:51.824+0000] {processor.py:186} INFO - Started process (PID=1032) to work on /opt/airflow/dags/nba_data_pipeline.py
[2024-10-28T21:44:51.826+0000] {processor.py:914} INFO - Processing file /opt/airflow/dags/nba_data_pipeline.py for tasks to queue
[2024-10-28T21:44:51.831+0000] {logging_mixin.py:190} INFO - [2024-10-28T21:44:51.830+0000] {dagbag.py:587} INFO - Filling up the DagBag from /opt/airflow/dags/nba_data_pipeline.py
[2024-10-28T21:44:51.850+0000] {processor.py:925} INFO - DAG(s) 'nba_data_pipeline' retrieved from /opt/airflow/dags/nba_data_pipeline.py
[2024-10-28T21:44:51.884+0000] {logging_mixin.py:190} INFO - [2024-10-28T21:44:51.884+0000] {dag.py:3229} INFO - Sync 1 DAGs
[2024-10-28T21:44:51.921+0000] {logging_mixin.py:190} INFO - [2024-10-28T21:44:51.921+0000] {dag.py:4156} INFO - Setting next_dagrun for nba_data_pipeline to 2024-10-28 00:00:00+00:00, run_after=2024-10-29 00:00:00+00:00
[2024-10-28T21:44:51.943+0000] {processor.py:208} INFO - Processing /opt/airflow/dags/nba_data_pipeline.py took 0.130 seconds
[2024-10-28T21:45:22.187+0000] {processor.py:186} INFO - Started process (PID=1037) to work on /opt/airflow/dags/nba_data_pipeline.py
[2024-10-28T21:45:22.190+0000] {processor.py:914} INFO - Processing file /opt/airflow/dags/nba_data_pipeline.py for tasks to queue
[2024-10-28T21:45:22.194+0000] {logging_mixin.py:190} INFO - [2024-10-28T21:45:22.193+0000] {dagbag.py:587} INFO - Filling up the DagBag from /opt/airflow/dags/nba_data_pipeline.py
[2024-10-28T21:45:22.209+0000] {processor.py:925} INFO - DAG(s) 'nba_data_pipeline' retrieved from /opt/airflow/dags/nba_data_pipeline.py
[2024-10-28T21:45:22.245+0000] {logging_mixin.py:190} INFO - [2024-10-28T21:45:22.245+0000] {dag.py:3229} INFO - Sync 1 DAGs
[2024-10-28T21:45:22.279+0000] {logging_mixin.py:190} INFO - [2024-10-28T21:45:22.279+0000] {dag.py:4156} INFO - Setting next_dagrun for nba_data_pipeline to 2024-10-28 00:00:00+00:00, run_after=2024-10-29 00:00:00+00:00
[2024-10-28T21:45:22.301+0000] {processor.py:208} INFO - Processing /opt/airflow/dags/nba_data_pipeline.py took 0.125 seconds
[2024-10-28T21:45:52.475+0000] {processor.py:186} INFO - Started process (PID=1042) to work on /opt/airflow/dags/nba_data_pipeline.py
[2024-10-28T21:45:52.476+0000] {processor.py:914} INFO - Processing file /opt/airflow/dags/nba_data_pipeline.py for tasks to queue
[2024-10-28T21:45:52.480+0000] {logging_mixin.py:190} INFO - [2024-10-28T21:45:52.480+0000] {dagbag.py:587} INFO - Filling up the DagBag from /opt/airflow/dags/nba_data_pipeline.py
[2024-10-28T21:45:52.493+0000] {processor.py:925} INFO - DAG(s) 'nba_data_pipeline' retrieved from /opt/airflow/dags/nba_data_pipeline.py
[2024-10-28T21:45:52.531+0000] {logging_mixin.py:190} INFO - [2024-10-28T21:45:52.530+0000] {dag.py:3229} INFO - Sync 1 DAGs
[2024-10-28T21:45:52.561+0000] {logging_mixin.py:190} INFO - [2024-10-28T21:45:52.560+0000] {dag.py:4156} INFO - Setting next_dagrun for nba_data_pipeline to 2024-10-28 00:00:00+00:00, run_after=2024-10-29 00:00:00+00:00
[2024-10-28T21:45:52.587+0000] {processor.py:208} INFO - Processing /opt/airflow/dags/nba_data_pipeline.py took 0.123 seconds
[2024-10-28T21:46:22.852+0000] {processor.py:186} INFO - Started process (PID=1047) to work on /opt/airflow/dags/nba_data_pipeline.py
[2024-10-28T21:46:22.854+0000] {processor.py:914} INFO - Processing file /opt/airflow/dags/nba_data_pipeline.py for tasks to queue
[2024-10-28T21:46:22.857+0000] {logging_mixin.py:190} INFO - [2024-10-28T21:46:22.856+0000] {dagbag.py:587} INFO - Filling up the DagBag from /opt/airflow/dags/nba_data_pipeline.py
[2024-10-28T21:46:22.871+0000] {processor.py:925} INFO - DAG(s) 'nba_data_pipeline' retrieved from /opt/airflow/dags/nba_data_pipeline.py
[2024-10-28T21:46:22.908+0000] {logging_mixin.py:190} INFO - [2024-10-28T21:46:22.908+0000] {dag.py:3229} INFO - Sync 1 DAGs
[2024-10-28T21:46:22.941+0000] {logging_mixin.py:190} INFO - [2024-10-28T21:46:22.941+0000] {dag.py:4156} INFO - Setting next_dagrun for nba_data_pipeline to 2024-10-28 00:00:00+00:00, run_after=2024-10-29 00:00:00+00:00
[2024-10-28T21:46:22.962+0000] {processor.py:208} INFO - Processing /opt/airflow/dags/nba_data_pipeline.py took 0.120 seconds
[2024-10-28T21:46:53.115+0000] {processor.py:186} INFO - Started process (PID=1052) to work on /opt/airflow/dags/nba_data_pipeline.py
[2024-10-28T21:46:53.116+0000] {processor.py:914} INFO - Processing file /opt/airflow/dags/nba_data_pipeline.py for tasks to queue
[2024-10-28T21:46:53.119+0000] {logging_mixin.py:190} INFO - [2024-10-28T21:46:53.119+0000] {dagbag.py:587} INFO - Filling up the DagBag from /opt/airflow/dags/nba_data_pipeline.py
[2024-10-28T21:46:53.133+0000] {processor.py:925} INFO - DAG(s) 'nba_data_pipeline' retrieved from /opt/airflow/dags/nba_data_pipeline.py
[2024-10-28T21:46:53.170+0000] {logging_mixin.py:190} INFO - [2024-10-28T21:46:53.170+0000] {dag.py:3229} INFO - Sync 1 DAGs
[2024-10-28T21:46:53.202+0000] {logging_mixin.py:190} INFO - [2024-10-28T21:46:53.202+0000] {dag.py:4156} INFO - Setting next_dagrun for nba_data_pipeline to 2024-10-28 00:00:00+00:00, run_after=2024-10-29 00:00:00+00:00
[2024-10-28T21:46:53.226+0000] {processor.py:208} INFO - Processing /opt/airflow/dags/nba_data_pipeline.py took 0.122 seconds
[2024-10-28T21:47:23.451+0000] {processor.py:186} INFO - Started process (PID=1057) to work on /opt/airflow/dags/nba_data_pipeline.py
[2024-10-28T21:47:23.452+0000] {processor.py:914} INFO - Processing file /opt/airflow/dags/nba_data_pipeline.py for tasks to queue
[2024-10-28T21:47:23.456+0000] {logging_mixin.py:190} INFO - [2024-10-28T21:47:23.456+0000] {dagbag.py:587} INFO - Filling up the DagBag from /opt/airflow/dags/nba_data_pipeline.py
[2024-10-28T21:47:23.471+0000] {processor.py:925} INFO - DAG(s) 'nba_data_pipeline' retrieved from /opt/airflow/dags/nba_data_pipeline.py
[2024-10-28T21:47:23.507+0000] {logging_mixin.py:190} INFO - [2024-10-28T21:47:23.507+0000] {dag.py:3229} INFO - Sync 1 DAGs
[2024-10-28T21:47:23.542+0000] {logging_mixin.py:190} INFO - [2024-10-28T21:47:23.542+0000] {dag.py:4156} INFO - Setting next_dagrun for nba_data_pipeline to 2024-10-28 00:00:00+00:00, run_after=2024-10-29 00:00:00+00:00
[2024-10-28T21:47:23.566+0000] {processor.py:208} INFO - Processing /opt/airflow/dags/nba_data_pipeline.py took 0.127 seconds
[2024-10-28T21:47:53.744+0000] {processor.py:186} INFO - Started process (PID=1062) to work on /opt/airflow/dags/nba_data_pipeline.py
[2024-10-28T21:47:53.746+0000] {processor.py:914} INFO - Processing file /opt/airflow/dags/nba_data_pipeline.py for tasks to queue
[2024-10-28T21:47:53.749+0000] {logging_mixin.py:190} INFO - [2024-10-28T21:47:53.748+0000] {dagbag.py:587} INFO - Filling up the DagBag from /opt/airflow/dags/nba_data_pipeline.py
[2024-10-28T21:47:53.764+0000] {processor.py:925} INFO - DAG(s) 'nba_data_pipeline' retrieved from /opt/airflow/dags/nba_data_pipeline.py
[2024-10-28T21:47:53.801+0000] {logging_mixin.py:190} INFO - [2024-10-28T21:47:53.801+0000] {dag.py:3229} INFO - Sync 1 DAGs
[2024-10-28T21:47:53.836+0000] {logging_mixin.py:190} INFO - [2024-10-28T21:47:53.836+0000] {dag.py:4156} INFO - Setting next_dagrun for nba_data_pipeline to 2024-10-28 00:00:00+00:00, run_after=2024-10-29 00:00:00+00:00
[2024-10-28T21:47:53.861+0000] {processor.py:208} INFO - Processing /opt/airflow/dags/nba_data_pipeline.py took 0.128 seconds
[2024-10-28T21:48:24.088+0000] {processor.py:186} INFO - Started process (PID=1067) to work on /opt/airflow/dags/nba_data_pipeline.py
[2024-10-28T21:48:24.089+0000] {processor.py:914} INFO - Processing file /opt/airflow/dags/nba_data_pipeline.py for tasks to queue
[2024-10-28T21:48:24.093+0000] {logging_mixin.py:190} INFO - [2024-10-28T21:48:24.092+0000] {dagbag.py:587} INFO - Filling up the DagBag from /opt/airflow/dags/nba_data_pipeline.py
[2024-10-28T21:48:24.108+0000] {processor.py:925} INFO - DAG(s) 'nba_data_pipeline' retrieved from /opt/airflow/dags/nba_data_pipeline.py
[2024-10-28T21:48:24.145+0000] {logging_mixin.py:190} INFO - [2024-10-28T21:48:24.144+0000] {dag.py:3229} INFO - Sync 1 DAGs
[2024-10-28T21:48:24.174+0000] {logging_mixin.py:190} INFO - [2024-10-28T21:48:24.174+0000] {dag.py:4156} INFO - Setting next_dagrun for nba_data_pipeline to 2024-10-28 00:00:00+00:00, run_after=2024-10-29 00:00:00+00:00
[2024-10-28T21:48:24.198+0000] {processor.py:208} INFO - Processing /opt/airflow/dags/nba_data_pipeline.py took 0.120 seconds
[2024-10-28T21:48:54.387+0000] {processor.py:186} INFO - Started process (PID=1072) to work on /opt/airflow/dags/nba_data_pipeline.py
[2024-10-28T21:48:54.389+0000] {processor.py:914} INFO - Processing file /opt/airflow/dags/nba_data_pipeline.py for tasks to queue
[2024-10-28T21:48:54.392+0000] {logging_mixin.py:190} INFO - [2024-10-28T21:48:54.392+0000] {dagbag.py:587} INFO - Filling up the DagBag from /opt/airflow/dags/nba_data_pipeline.py
[2024-10-28T21:48:54.406+0000] {processor.py:925} INFO - DAG(s) 'nba_data_pipeline' retrieved from /opt/airflow/dags/nba_data_pipeline.py
[2024-10-28T21:48:54.445+0000] {logging_mixin.py:190} INFO - [2024-10-28T21:48:54.445+0000] {dag.py:3229} INFO - Sync 1 DAGs
[2024-10-28T21:48:54.477+0000] {logging_mixin.py:190} INFO - [2024-10-28T21:48:54.477+0000] {dag.py:4156} INFO - Setting next_dagrun for nba_data_pipeline to 2024-10-28 00:00:00+00:00, run_after=2024-10-29 00:00:00+00:00
[2024-10-28T21:48:54.502+0000] {processor.py:208} INFO - Processing /opt/airflow/dags/nba_data_pipeline.py took 0.125 seconds
[2024-10-28T21:49:24.729+0000] {processor.py:186} INFO - Started process (PID=1077) to work on /opt/airflow/dags/nba_data_pipeline.py
[2024-10-28T21:49:24.730+0000] {processor.py:914} INFO - Processing file /opt/airflow/dags/nba_data_pipeline.py for tasks to queue
[2024-10-28T21:49:24.734+0000] {logging_mixin.py:190} INFO - [2024-10-28T21:49:24.733+0000] {dagbag.py:587} INFO - Filling up the DagBag from /opt/airflow/dags/nba_data_pipeline.py
[2024-10-28T21:49:24.747+0000] {processor.py:925} INFO - DAG(s) 'nba_data_pipeline' retrieved from /opt/airflow/dags/nba_data_pipeline.py
[2024-10-28T21:49:24.783+0000] {logging_mixin.py:190} INFO - [2024-10-28T21:49:24.782+0000] {dag.py:3229} INFO - Sync 1 DAGs
[2024-10-28T21:49:24.816+0000] {logging_mixin.py:190} INFO - [2024-10-28T21:49:24.816+0000] {dag.py:4156} INFO - Setting next_dagrun for nba_data_pipeline to 2024-10-28 00:00:00+00:00, run_after=2024-10-29 00:00:00+00:00
[2024-10-28T21:49:24.843+0000] {processor.py:208} INFO - Processing /opt/airflow/dags/nba_data_pipeline.py took 0.125 seconds
[2024-10-28T21:49:55.038+0000] {processor.py:186} INFO - Started process (PID=1082) to work on /opt/airflow/dags/nba_data_pipeline.py
[2024-10-28T21:49:55.039+0000] {processor.py:914} INFO - Processing file /opt/airflow/dags/nba_data_pipeline.py for tasks to queue
[2024-10-28T21:49:55.044+0000] {logging_mixin.py:190} INFO - [2024-10-28T21:49:55.043+0000] {dagbag.py:587} INFO - Filling up the DagBag from /opt/airflow/dags/nba_data_pipeline.py
[2024-10-28T21:49:55.057+0000] {processor.py:925} INFO - DAG(s) 'nba_data_pipeline' retrieved from /opt/airflow/dags/nba_data_pipeline.py
[2024-10-28T21:49:55.094+0000] {logging_mixin.py:190} INFO - [2024-10-28T21:49:55.094+0000] {dag.py:3229} INFO - Sync 1 DAGs
[2024-10-28T21:49:55.126+0000] {logging_mixin.py:190} INFO - [2024-10-28T21:49:55.126+0000] {dag.py:4156} INFO - Setting next_dagrun for nba_data_pipeline to 2024-10-28 00:00:00+00:00, run_after=2024-10-29 00:00:00+00:00
[2024-10-28T21:49:55.151+0000] {processor.py:208} INFO - Processing /opt/airflow/dags/nba_data_pipeline.py took 0.124 seconds
[2024-10-28T21:50:25.361+0000] {processor.py:186} INFO - Started process (PID=1087) to work on /opt/airflow/dags/nba_data_pipeline.py
[2024-10-28T21:50:25.362+0000] {processor.py:914} INFO - Processing file /opt/airflow/dags/nba_data_pipeline.py for tasks to queue
[2024-10-28T21:50:25.366+0000] {logging_mixin.py:190} INFO - [2024-10-28T21:50:25.366+0000] {dagbag.py:587} INFO - Filling up the DagBag from /opt/airflow/dags/nba_data_pipeline.py
[2024-10-28T21:50:25.381+0000] {processor.py:925} INFO - DAG(s) 'nba_data_pipeline' retrieved from /opt/airflow/dags/nba_data_pipeline.py
[2024-10-28T21:50:25.420+0000] {logging_mixin.py:190} INFO - [2024-10-28T21:50:25.419+0000] {dag.py:3229} INFO - Sync 1 DAGs
[2024-10-28T21:50:25.454+0000] {logging_mixin.py:190} INFO - [2024-10-28T21:50:25.454+0000] {dag.py:4156} INFO - Setting next_dagrun for nba_data_pipeline to 2024-10-28 00:00:00+00:00, run_after=2024-10-29 00:00:00+00:00
[2024-10-28T21:50:25.477+0000] {processor.py:208} INFO - Processing /opt/airflow/dags/nba_data_pipeline.py took 0.126 seconds
[2024-10-28T21:50:55.689+0000] {processor.py:186} INFO - Started process (PID=1092) to work on /opt/airflow/dags/nba_data_pipeline.py
[2024-10-28T21:50:55.690+0000] {processor.py:914} INFO - Processing file /opt/airflow/dags/nba_data_pipeline.py for tasks to queue
[2024-10-28T21:50:55.694+0000] {logging_mixin.py:190} INFO - [2024-10-28T21:50:55.693+0000] {dagbag.py:587} INFO - Filling up the DagBag from /opt/airflow/dags/nba_data_pipeline.py
[2024-10-28T21:50:55.707+0000] {processor.py:925} INFO - DAG(s) 'nba_data_pipeline' retrieved from /opt/airflow/dags/nba_data_pipeline.py
[2024-10-28T21:50:55.747+0000] {logging_mixin.py:190} INFO - [2024-10-28T21:50:55.747+0000] {dag.py:3229} INFO - Sync 1 DAGs
[2024-10-28T21:50:55.780+0000] {logging_mixin.py:190} INFO - [2024-10-28T21:50:55.780+0000] {dag.py:4156} INFO - Setting next_dagrun for nba_data_pipeline to 2024-10-28 00:00:00+00:00, run_after=2024-10-29 00:00:00+00:00
[2024-10-28T21:50:55.803+0000] {processor.py:208} INFO - Processing /opt/airflow/dags/nba_data_pipeline.py took 0.124 seconds
[2024-10-28T21:51:26.021+0000] {processor.py:186} INFO - Started process (PID=1097) to work on /opt/airflow/dags/nba_data_pipeline.py
[2024-10-28T21:51:26.022+0000] {processor.py:914} INFO - Processing file /opt/airflow/dags/nba_data_pipeline.py for tasks to queue
[2024-10-28T21:51:26.026+0000] {logging_mixin.py:190} INFO - [2024-10-28T21:51:26.026+0000] {dagbag.py:587} INFO - Filling up the DagBag from /opt/airflow/dags/nba_data_pipeline.py
[2024-10-28T21:51:26.042+0000] {processor.py:925} INFO - DAG(s) 'nba_data_pipeline' retrieved from /opt/airflow/dags/nba_data_pipeline.py
[2024-10-28T21:51:26.079+0000] {logging_mixin.py:190} INFO - [2024-10-28T21:51:26.079+0000] {dag.py:3229} INFO - Sync 1 DAGs
[2024-10-28T21:51:26.113+0000] {logging_mixin.py:190} INFO - [2024-10-28T21:51:26.112+0000] {dag.py:4156} INFO - Setting next_dagrun for nba_data_pipeline to 2024-10-28 00:00:00+00:00, run_after=2024-10-29 00:00:00+00:00
[2024-10-28T21:51:26.134+0000] {processor.py:208} INFO - Processing /opt/airflow/dags/nba_data_pipeline.py took 0.123 seconds
[2024-10-28T21:51:56.333+0000] {processor.py:186} INFO - Started process (PID=1102) to work on /opt/airflow/dags/nba_data_pipeline.py
[2024-10-28T21:51:56.335+0000] {processor.py:914} INFO - Processing file /opt/airflow/dags/nba_data_pipeline.py for tasks to queue
[2024-10-28T21:51:56.339+0000] {logging_mixin.py:190} INFO - [2024-10-28T21:51:56.338+0000] {dagbag.py:587} INFO - Filling up the DagBag from /opt/airflow/dags/nba_data_pipeline.py
[2024-10-28T21:51:56.353+0000] {processor.py:925} INFO - DAG(s) 'nba_data_pipeline' retrieved from /opt/airflow/dags/nba_data_pipeline.py
[2024-10-28T21:51:56.393+0000] {logging_mixin.py:190} INFO - [2024-10-28T21:51:56.393+0000] {dag.py:3229} INFO - Sync 1 DAGs
[2024-10-28T21:51:56.426+0000] {logging_mixin.py:190} INFO - [2024-10-28T21:51:56.425+0000] {dag.py:4156} INFO - Setting next_dagrun for nba_data_pipeline to 2024-10-28 00:00:00+00:00, run_after=2024-10-29 00:00:00+00:00
[2024-10-28T21:51:56.452+0000] {processor.py:208} INFO - Processing /opt/airflow/dags/nba_data_pipeline.py took 0.130 seconds
[2024-10-28T21:52:26.652+0000] {processor.py:186} INFO - Started process (PID=1107) to work on /opt/airflow/dags/nba_data_pipeline.py
[2024-10-28T21:52:26.654+0000] {processor.py:914} INFO - Processing file /opt/airflow/dags/nba_data_pipeline.py for tasks to queue
[2024-10-28T21:52:26.658+0000] {logging_mixin.py:190} INFO - [2024-10-28T21:52:26.657+0000] {dagbag.py:587} INFO - Filling up the DagBag from /opt/airflow/dags/nba_data_pipeline.py
[2024-10-28T21:52:26.671+0000] {processor.py:925} INFO - DAG(s) 'nba_data_pipeline' retrieved from /opt/airflow/dags/nba_data_pipeline.py
[2024-10-28T21:52:26.710+0000] {logging_mixin.py:190} INFO - [2024-10-28T21:52:26.710+0000] {dag.py:3229} INFO - Sync 1 DAGs
[2024-10-28T21:52:26.741+0000] {logging_mixin.py:190} INFO - [2024-10-28T21:52:26.741+0000] {dag.py:4156} INFO - Setting next_dagrun for nba_data_pipeline to 2024-10-28 00:00:00+00:00, run_after=2024-10-29 00:00:00+00:00
[2024-10-28T21:52:26.767+0000] {processor.py:208} INFO - Processing /opt/airflow/dags/nba_data_pipeline.py took 0.125 seconds
[2024-10-28T21:52:56.971+0000] {processor.py:186} INFO - Started process (PID=1112) to work on /opt/airflow/dags/nba_data_pipeline.py
[2024-10-28T21:52:56.973+0000] {processor.py:914} INFO - Processing file /opt/airflow/dags/nba_data_pipeline.py for tasks to queue
[2024-10-28T21:52:56.977+0000] {logging_mixin.py:190} INFO - [2024-10-28T21:52:56.977+0000] {dagbag.py:587} INFO - Filling up the DagBag from /opt/airflow/dags/nba_data_pipeline.py
[2024-10-28T21:52:56.990+0000] {processor.py:925} INFO - DAG(s) 'nba_data_pipeline' retrieved from /opt/airflow/dags/nba_data_pipeline.py
[2024-10-28T21:52:57.029+0000] {logging_mixin.py:190} INFO - [2024-10-28T21:52:57.029+0000] {dag.py:3229} INFO - Sync 1 DAGs
[2024-10-28T21:52:57.064+0000] {logging_mixin.py:190} INFO - [2024-10-28T21:52:57.063+0000] {dag.py:4156} INFO - Setting next_dagrun for nba_data_pipeline to 2024-10-28 00:00:00+00:00, run_after=2024-10-29 00:00:00+00:00
[2024-10-28T21:52:57.087+0000] {processor.py:208} INFO - Processing /opt/airflow/dags/nba_data_pipeline.py took 0.126 seconds
[2024-10-28T21:53:27.313+0000] {processor.py:186} INFO - Started process (PID=1117) to work on /opt/airflow/dags/nba_data_pipeline.py
[2024-10-28T21:53:27.314+0000] {processor.py:914} INFO - Processing file /opt/airflow/dags/nba_data_pipeline.py for tasks to queue
[2024-10-28T21:53:27.317+0000] {logging_mixin.py:190} INFO - [2024-10-28T21:53:27.317+0000] {dagbag.py:587} INFO - Filling up the DagBag from /opt/airflow/dags/nba_data_pipeline.py
[2024-10-28T21:53:27.333+0000] {processor.py:925} INFO - DAG(s) 'nba_data_pipeline' retrieved from /opt/airflow/dags/nba_data_pipeline.py
[2024-10-28T21:53:27.370+0000] {logging_mixin.py:190} INFO - [2024-10-28T21:53:27.370+0000] {dag.py:3229} INFO - Sync 1 DAGs
[2024-10-28T21:53:27.404+0000] {logging_mixin.py:190} INFO - [2024-10-28T21:53:27.403+0000] {dag.py:4156} INFO - Setting next_dagrun for nba_data_pipeline to 2024-10-28 00:00:00+00:00, run_after=2024-10-29 00:00:00+00:00
[2024-10-28T21:53:27.429+0000] {processor.py:208} INFO - Processing /opt/airflow/dags/nba_data_pipeline.py took 0.127 seconds
[2024-10-28T21:53:57.619+0000] {processor.py:186} INFO - Started process (PID=1122) to work on /opt/airflow/dags/nba_data_pipeline.py
[2024-10-28T21:53:57.620+0000] {processor.py:914} INFO - Processing file /opt/airflow/dags/nba_data_pipeline.py for tasks to queue
[2024-10-28T21:53:57.623+0000] {logging_mixin.py:190} INFO - [2024-10-28T21:53:57.623+0000] {dagbag.py:587} INFO - Filling up the DagBag from /opt/airflow/dags/nba_data_pipeline.py
[2024-10-28T21:53:57.637+0000] {processor.py:925} INFO - DAG(s) 'nba_data_pipeline' retrieved from /opt/airflow/dags/nba_data_pipeline.py
[2024-10-28T21:53:57.680+0000] {logging_mixin.py:190} INFO - [2024-10-28T21:53:57.679+0000] {dag.py:3229} INFO - Sync 1 DAGs
[2024-10-28T21:53:57.709+0000] {logging_mixin.py:190} INFO - [2024-10-28T21:53:57.709+0000] {dag.py:4156} INFO - Setting next_dagrun for nba_data_pipeline to 2024-10-28 00:00:00+00:00, run_after=2024-10-29 00:00:00+00:00
[2024-10-28T21:53:57.736+0000] {processor.py:208} INFO - Processing /opt/airflow/dags/nba_data_pipeline.py took 0.128 seconds
[2024-10-28T21:54:27.998+0000] {processor.py:186} INFO - Started process (PID=1127) to work on /opt/airflow/dags/nba_data_pipeline.py
[2024-10-28T21:54:27.999+0000] {processor.py:914} INFO - Processing file /opt/airflow/dags/nba_data_pipeline.py for tasks to queue
[2024-10-28T21:54:28.002+0000] {logging_mixin.py:190} INFO - [2024-10-28T21:54:28.002+0000] {dagbag.py:587} INFO - Filling up the DagBag from /opt/airflow/dags/nba_data_pipeline.py
[2024-10-28T21:54:28.016+0000] {processor.py:925} INFO - DAG(s) 'nba_data_pipeline' retrieved from /opt/airflow/dags/nba_data_pipeline.py
[2024-10-28T21:54:28.053+0000] {logging_mixin.py:190} INFO - [2024-10-28T21:54:28.052+0000] {dag.py:3229} INFO - Sync 1 DAGs
[2024-10-28T21:54:28.088+0000] {logging_mixin.py:190} INFO - [2024-10-28T21:54:28.087+0000] {dag.py:4156} INFO - Setting next_dagrun for nba_data_pipeline to 2024-10-28 00:00:00+00:00, run_after=2024-10-29 00:00:00+00:00
[2024-10-28T21:54:28.109+0000] {processor.py:208} INFO - Processing /opt/airflow/dags/nba_data_pipeline.py took 0.121 seconds
[2024-10-28T21:54:58.262+0000] {processor.py:186} INFO - Started process (PID=1132) to work on /opt/airflow/dags/nba_data_pipeline.py
[2024-10-28T21:54:58.263+0000] {processor.py:914} INFO - Processing file /opt/airflow/dags/nba_data_pipeline.py for tasks to queue
[2024-10-28T21:54:58.266+0000] {logging_mixin.py:190} INFO - [2024-10-28T21:54:58.266+0000] {dagbag.py:587} INFO - Filling up the DagBag from /opt/airflow/dags/nba_data_pipeline.py
[2024-10-28T21:54:58.280+0000] {processor.py:925} INFO - DAG(s) 'nba_data_pipeline' retrieved from /opt/airflow/dags/nba_data_pipeline.py
[2024-10-28T21:54:58.315+0000] {logging_mixin.py:190} INFO - [2024-10-28T21:54:58.315+0000] {dag.py:3229} INFO - Sync 1 DAGs
[2024-10-28T21:54:58.348+0000] {logging_mixin.py:190} INFO - [2024-10-28T21:54:58.348+0000] {dag.py:4156} INFO - Setting next_dagrun for nba_data_pipeline to 2024-10-28 00:00:00+00:00, run_after=2024-10-29 00:00:00+00:00
[2024-10-28T21:54:58.368+0000] {processor.py:208} INFO - Processing /opt/airflow/dags/nba_data_pipeline.py took 0.117 seconds
[2024-10-28T21:55:28.622+0000] {processor.py:186} INFO - Started process (PID=1137) to work on /opt/airflow/dags/nba_data_pipeline.py
[2024-10-28T21:55:28.624+0000] {processor.py:914} INFO - Processing file /opt/airflow/dags/nba_data_pipeline.py for tasks to queue
[2024-10-28T21:55:28.627+0000] {logging_mixin.py:190} INFO - [2024-10-28T21:55:28.627+0000] {dagbag.py:587} INFO - Filling up the DagBag from /opt/airflow/dags/nba_data_pipeline.py
[2024-10-28T21:55:28.642+0000] {processor.py:925} INFO - DAG(s) 'nba_data_pipeline' retrieved from /opt/airflow/dags/nba_data_pipeline.py
[2024-10-28T21:55:28.680+0000] {logging_mixin.py:190} INFO - [2024-10-28T21:55:28.679+0000] {dag.py:3229} INFO - Sync 1 DAGs
[2024-10-28T21:55:28.714+0000] {logging_mixin.py:190} INFO - [2024-10-28T21:55:28.714+0000] {dag.py:4156} INFO - Setting next_dagrun for nba_data_pipeline to 2024-10-28 00:00:00+00:00, run_after=2024-10-29 00:00:00+00:00
[2024-10-28T21:55:28.737+0000] {processor.py:208} INFO - Processing /opt/airflow/dags/nba_data_pipeline.py took 0.125 seconds
[2024-10-28T21:55:58.905+0000] {processor.py:186} INFO - Started process (PID=1142) to work on /opt/airflow/dags/nba_data_pipeline.py
[2024-10-28T21:55:58.906+0000] {processor.py:914} INFO - Processing file /opt/airflow/dags/nba_data_pipeline.py for tasks to queue
[2024-10-28T21:55:58.912+0000] {logging_mixin.py:190} INFO - [2024-10-28T21:55:58.911+0000] {dagbag.py:587} INFO - Filling up the DagBag from /opt/airflow/dags/nba_data_pipeline.py
[2024-10-28T21:55:58.926+0000] {processor.py:925} INFO - DAG(s) 'nba_data_pipeline' retrieved from /opt/airflow/dags/nba_data_pipeline.py
[2024-10-28T21:55:58.962+0000] {logging_mixin.py:190} INFO - [2024-10-28T21:55:58.962+0000] {dag.py:3229} INFO - Sync 1 DAGs
[2024-10-28T21:55:58.993+0000] {logging_mixin.py:190} INFO - [2024-10-28T21:55:58.992+0000] {dag.py:4156} INFO - Setting next_dagrun for nba_data_pipeline to 2024-10-28 00:00:00+00:00, run_after=2024-10-29 00:00:00+00:00
[2024-10-28T21:55:59.015+0000] {processor.py:208} INFO - Processing /opt/airflow/dags/nba_data_pipeline.py took 0.121 seconds
[2024-10-28T21:56:29.245+0000] {processor.py:186} INFO - Started process (PID=1147) to work on /opt/airflow/dags/nba_data_pipeline.py
[2024-10-28T21:56:29.246+0000] {processor.py:914} INFO - Processing file /opt/airflow/dags/nba_data_pipeline.py for tasks to queue
[2024-10-28T21:56:29.250+0000] {logging_mixin.py:190} INFO - [2024-10-28T21:56:29.249+0000] {dagbag.py:587} INFO - Filling up the DagBag from /opt/airflow/dags/nba_data_pipeline.py
[2024-10-28T21:56:29.264+0000] {processor.py:925} INFO - DAG(s) 'nba_data_pipeline' retrieved from /opt/airflow/dags/nba_data_pipeline.py
[2024-10-28T21:56:29.302+0000] {logging_mixin.py:190} INFO - [2024-10-28T21:56:29.302+0000] {dag.py:3229} INFO - Sync 1 DAGs
[2024-10-28T21:56:29.332+0000] {logging_mixin.py:190} INFO - [2024-10-28T21:56:29.331+0000] {dag.py:4156} INFO - Setting next_dagrun for nba_data_pipeline to 2024-10-28 00:00:00+00:00, run_after=2024-10-29 00:00:00+00:00
[2024-10-28T21:56:29.356+0000] {processor.py:208} INFO - Processing /opt/airflow/dags/nba_data_pipeline.py took 0.121 seconds
[2024-10-28T21:56:59.512+0000] {processor.py:186} INFO - Started process (PID=1152) to work on /opt/airflow/dags/nba_data_pipeline.py
[2024-10-28T21:56:59.513+0000] {processor.py:914} INFO - Processing file /opt/airflow/dags/nba_data_pipeline.py for tasks to queue
[2024-10-28T21:56:59.517+0000] {logging_mixin.py:190} INFO - [2024-10-28T21:56:59.516+0000] {dagbag.py:587} INFO - Filling up the DagBag from /opt/airflow/dags/nba_data_pipeline.py
[2024-10-28T21:56:59.531+0000] {processor.py:925} INFO - DAG(s) 'nba_data_pipeline' retrieved from /opt/airflow/dags/nba_data_pipeline.py
[2024-10-28T21:56:59.567+0000] {logging_mixin.py:190} INFO - [2024-10-28T21:56:59.567+0000] {dag.py:3229} INFO - Sync 1 DAGs
[2024-10-28T21:56:59.603+0000] {logging_mixin.py:190} INFO - [2024-10-28T21:56:59.602+0000] {dag.py:4156} INFO - Setting next_dagrun for nba_data_pipeline to 2024-10-28 00:00:00+00:00, run_after=2024-10-29 00:00:00+00:00
[2024-10-28T21:56:59.628+0000] {processor.py:208} INFO - Processing /opt/airflow/dags/nba_data_pipeline.py took 0.127 seconds
[2024-10-28T21:57:29.883+0000] {processor.py:186} INFO - Started process (PID=1157) to work on /opt/airflow/dags/nba_data_pipeline.py
[2024-10-28T21:57:29.884+0000] {processor.py:914} INFO - Processing file /opt/airflow/dags/nba_data_pipeline.py for tasks to queue
[2024-10-28T21:57:29.887+0000] {logging_mixin.py:190} INFO - [2024-10-28T21:57:29.887+0000] {dagbag.py:587} INFO - Filling up the DagBag from /opt/airflow/dags/nba_data_pipeline.py
[2024-10-28T21:57:29.901+0000] {processor.py:925} INFO - DAG(s) 'nba_data_pipeline' retrieved from /opt/airflow/dags/nba_data_pipeline.py
[2024-10-28T21:57:29.936+0000] {logging_mixin.py:190} INFO - [2024-10-28T21:57:29.936+0000] {dag.py:3229} INFO - Sync 1 DAGs
[2024-10-28T21:57:29.969+0000] {logging_mixin.py:190} INFO - [2024-10-28T21:57:29.969+0000] {dag.py:4156} INFO - Setting next_dagrun for nba_data_pipeline to 2024-10-28 00:00:00+00:00, run_after=2024-10-29 00:00:00+00:00
[2024-10-28T21:57:29.993+0000] {processor.py:208} INFO - Processing /opt/airflow/dags/nba_data_pipeline.py took 0.121 seconds
[2024-10-28T21:58:00.150+0000] {processor.py:186} INFO - Started process (PID=1162) to work on /opt/airflow/dags/nba_data_pipeline.py
[2024-10-28T21:58:00.152+0000] {processor.py:914} INFO - Processing file /opt/airflow/dags/nba_data_pipeline.py for tasks to queue
[2024-10-28T21:58:00.155+0000] {logging_mixin.py:190} INFO - [2024-10-28T21:58:00.154+0000] {dagbag.py:587} INFO - Filling up the DagBag from /opt/airflow/dags/nba_data_pipeline.py
[2024-10-28T21:58:00.170+0000] {processor.py:925} INFO - DAG(s) 'nba_data_pipeline' retrieved from /opt/airflow/dags/nba_data_pipeline.py
[2024-10-28T21:58:00.208+0000] {logging_mixin.py:190} INFO - [2024-10-28T21:58:00.208+0000] {dag.py:3229} INFO - Sync 1 DAGs
[2024-10-28T21:58:00.242+0000] {logging_mixin.py:190} INFO - [2024-10-28T21:58:00.242+0000] {dag.py:4156} INFO - Setting next_dagrun for nba_data_pipeline to 2024-10-28 00:00:00+00:00, run_after=2024-10-29 00:00:00+00:00
[2024-10-28T21:58:00.267+0000] {processor.py:208} INFO - Processing /opt/airflow/dags/nba_data_pipeline.py took 0.127 seconds
[2024-10-28T21:58:30.578+0000] {processor.py:186} INFO - Started process (PID=1167) to work on /opt/airflow/dags/nba_data_pipeline.py
[2024-10-28T21:58:30.579+0000] {processor.py:914} INFO - Processing file /opt/airflow/dags/nba_data_pipeline.py for tasks to queue
[2024-10-28T21:58:30.584+0000] {logging_mixin.py:190} INFO - [2024-10-28T21:58:30.583+0000] {dagbag.py:587} INFO - Filling up the DagBag from /opt/airflow/dags/nba_data_pipeline.py
[2024-10-28T21:58:30.598+0000] {processor.py:925} INFO - DAG(s) 'nba_data_pipeline' retrieved from /opt/airflow/dags/nba_data_pipeline.py
[2024-10-28T21:58:30.633+0000] {logging_mixin.py:190} INFO - [2024-10-28T21:58:30.632+0000] {dag.py:3229} INFO - Sync 1 DAGs
[2024-10-28T21:58:30.669+0000] {logging_mixin.py:190} INFO - [2024-10-28T21:58:30.668+0000] {dag.py:4156} INFO - Setting next_dagrun for nba_data_pipeline to 2024-10-28 00:00:00+00:00, run_after=2024-10-29 00:00:00+00:00
[2024-10-28T21:58:30.693+0000] {processor.py:208} INFO - Processing /opt/airflow/dags/nba_data_pipeline.py took 0.124 seconds
[2024-10-28T21:59:00.855+0000] {processor.py:186} INFO - Started process (PID=1172) to work on /opt/airflow/dags/nba_data_pipeline.py
[2024-10-28T21:59:00.856+0000] {processor.py:914} INFO - Processing file /opt/airflow/dags/nba_data_pipeline.py for tasks to queue
[2024-10-28T21:59:00.860+0000] {logging_mixin.py:190} INFO - [2024-10-28T21:59:00.860+0000] {dagbag.py:587} INFO - Filling up the DagBag from /opt/airflow/dags/nba_data_pipeline.py
[2024-10-28T21:59:00.874+0000] {processor.py:925} INFO - DAG(s) 'nba_data_pipeline' retrieved from /opt/airflow/dags/nba_data_pipeline.py
[2024-10-28T21:59:00.915+0000] {logging_mixin.py:190} INFO - [2024-10-28T21:59:00.914+0000] {dag.py:3229} INFO - Sync 1 DAGs
[2024-10-28T21:59:00.952+0000] {logging_mixin.py:190} INFO - [2024-10-28T21:59:00.952+0000] {dag.py:4156} INFO - Setting next_dagrun for nba_data_pipeline to 2024-10-28 00:00:00+00:00, run_after=2024-10-29 00:00:00+00:00
[2024-10-28T21:59:00.975+0000] {processor.py:208} INFO - Processing /opt/airflow/dags/nba_data_pipeline.py took 0.131 seconds
[2024-10-28T21:59:31.217+0000] {processor.py:186} INFO - Started process (PID=1177) to work on /opt/airflow/dags/nba_data_pipeline.py
[2024-10-28T21:59:31.218+0000] {processor.py:914} INFO - Processing file /opt/airflow/dags/nba_data_pipeline.py for tasks to queue
[2024-10-28T21:59:31.222+0000] {logging_mixin.py:190} INFO - [2024-10-28T21:59:31.222+0000] {dagbag.py:587} INFO - Filling up the DagBag from /opt/airflow/dags/nba_data_pipeline.py
[2024-10-28T21:59:31.235+0000] {processor.py:925} INFO - DAG(s) 'nba_data_pipeline' retrieved from /opt/airflow/dags/nba_data_pipeline.py
[2024-10-28T21:59:31.271+0000] {logging_mixin.py:190} INFO - [2024-10-28T21:59:31.271+0000] {dag.py:3229} INFO - Sync 1 DAGs
[2024-10-28T21:59:31.304+0000] {logging_mixin.py:190} INFO - [2024-10-28T21:59:31.304+0000] {dag.py:4156} INFO - Setting next_dagrun for nba_data_pipeline to 2024-10-28 00:00:00+00:00, run_after=2024-10-29 00:00:00+00:00
[2024-10-28T21:59:31.329+0000] {processor.py:208} INFO - Processing /opt/airflow/dags/nba_data_pipeline.py took 0.121 seconds
[2024-10-28T22:00:01.495+0000] {processor.py:186} INFO - Started process (PID=1182) to work on /opt/airflow/dags/nba_data_pipeline.py
[2024-10-28T22:00:01.496+0000] {processor.py:914} INFO - Processing file /opt/airflow/dags/nba_data_pipeline.py for tasks to queue
[2024-10-28T22:00:01.501+0000] {logging_mixin.py:190} INFO - [2024-10-28T22:00:01.500+0000] {dagbag.py:587} INFO - Filling up the DagBag from /opt/airflow/dags/nba_data_pipeline.py
[2024-10-28T22:00:01.513+0000] {processor.py:925} INFO - DAG(s) 'nba_data_pipeline' retrieved from /opt/airflow/dags/nba_data_pipeline.py
[2024-10-28T22:00:01.552+0000] {logging_mixin.py:190} INFO - [2024-10-28T22:00:01.551+0000] {dag.py:3229} INFO - Sync 1 DAGs
[2024-10-28T22:00:01.583+0000] {logging_mixin.py:190} INFO - [2024-10-28T22:00:01.583+0000] {dag.py:4156} INFO - Setting next_dagrun for nba_data_pipeline to 2024-10-28 00:00:00+00:00, run_after=2024-10-29 00:00:00+00:00
[2024-10-28T22:00:01.606+0000] {processor.py:208} INFO - Processing /opt/airflow/dags/nba_data_pipeline.py took 0.122 seconds
[2024-10-28T22:00:31.873+0000] {processor.py:186} INFO - Started process (PID=1187) to work on /opt/airflow/dags/nba_data_pipeline.py
[2024-10-28T22:00:31.874+0000] {processor.py:914} INFO - Processing file /opt/airflow/dags/nba_data_pipeline.py for tasks to queue
[2024-10-28T22:00:31.877+0000] {logging_mixin.py:190} INFO - [2024-10-28T22:00:31.877+0000] {dagbag.py:587} INFO - Filling up the DagBag from /opt/airflow/dags/nba_data_pipeline.py
[2024-10-28T22:00:31.891+0000] {processor.py:925} INFO - DAG(s) 'nba_data_pipeline' retrieved from /opt/airflow/dags/nba_data_pipeline.py
[2024-10-28T22:00:31.928+0000] {logging_mixin.py:190} INFO - [2024-10-28T22:00:31.928+0000] {dag.py:3229} INFO - Sync 1 DAGs
[2024-10-28T22:00:31.959+0000] {logging_mixin.py:190} INFO - [2024-10-28T22:00:31.959+0000] {dag.py:4156} INFO - Setting next_dagrun for nba_data_pipeline to 2024-10-28 00:00:00+00:00, run_after=2024-10-29 00:00:00+00:00
[2024-10-28T22:00:31.980+0000] {processor.py:208} INFO - Processing /opt/airflow/dags/nba_data_pipeline.py took 0.117 seconds
[2024-10-28T22:01:02.165+0000] {processor.py:186} INFO - Started process (PID=1192) to work on /opt/airflow/dags/nba_data_pipeline.py
[2024-10-28T22:01:02.170+0000] {processor.py:914} INFO - Processing file /opt/airflow/dags/nba_data_pipeline.py for tasks to queue
[2024-10-28T22:01:02.190+0000] {logging_mixin.py:190} INFO - [2024-10-28T22:01:02.189+0000] {dagbag.py:587} INFO - Filling up the DagBag from /opt/airflow/dags/nba_data_pipeline.py
[2024-10-28T22:01:02.227+0000] {processor.py:925} INFO - DAG(s) 'nba_data_pipeline' retrieved from /opt/airflow/dags/nba_data_pipeline.py
[2024-10-28T22:01:02.262+0000] {logging_mixin.py:190} INFO - [2024-10-28T22:01:02.262+0000] {dag.py:3229} INFO - Sync 1 DAGs
[2024-10-28T22:01:02.296+0000] {logging_mixin.py:190} INFO - [2024-10-28T22:01:02.295+0000] {dag.py:4156} INFO - Setting next_dagrun for nba_data_pipeline to 2024-10-28 00:00:00+00:00, run_after=2024-10-29 00:00:00+00:00
[2024-10-28T22:01:02.318+0000] {processor.py:208} INFO - Processing /opt/airflow/dags/nba_data_pipeline.py took 0.164 seconds
[2024-10-28T22:01:32.493+0000] {processor.py:186} INFO - Started process (PID=1197) to work on /opt/airflow/dags/nba_data_pipeline.py
[2024-10-28T22:01:32.495+0000] {processor.py:914} INFO - Processing file /opt/airflow/dags/nba_data_pipeline.py for tasks to queue
[2024-10-28T22:01:32.498+0000] {logging_mixin.py:190} INFO - [2024-10-28T22:01:32.497+0000] {dagbag.py:587} INFO - Filling up the DagBag from /opt/airflow/dags/nba_data_pipeline.py
[2024-10-28T22:01:32.511+0000] {processor.py:925} INFO - DAG(s) 'nba_data_pipeline' retrieved from /opt/airflow/dags/nba_data_pipeline.py
[2024-10-28T22:01:32.548+0000] {logging_mixin.py:190} INFO - [2024-10-28T22:01:32.547+0000] {dag.py:3229} INFO - Sync 1 DAGs
[2024-10-28T22:01:32.585+0000] {logging_mixin.py:190} INFO - [2024-10-28T22:01:32.585+0000] {dag.py:4156} INFO - Setting next_dagrun for nba_data_pipeline to 2024-10-28 00:00:00+00:00, run_after=2024-10-29 00:00:00+00:00
[2024-10-28T22:01:32.609+0000] {processor.py:208} INFO - Processing /opt/airflow/dags/nba_data_pipeline.py took 0.128 seconds
[2024-10-28T22:02:02.847+0000] {processor.py:186} INFO - Started process (PID=1202) to work on /opt/airflow/dags/nba_data_pipeline.py
[2024-10-28T22:02:02.848+0000] {processor.py:914} INFO - Processing file /opt/airflow/dags/nba_data_pipeline.py for tasks to queue
[2024-10-28T22:02:02.852+0000] {logging_mixin.py:190} INFO - [2024-10-28T22:02:02.852+0000] {dagbag.py:587} INFO - Filling up the DagBag from /opt/airflow/dags/nba_data_pipeline.py
[2024-10-28T22:02:02.867+0000] {processor.py:925} INFO - DAG(s) 'nba_data_pipeline' retrieved from /opt/airflow/dags/nba_data_pipeline.py
[2024-10-28T22:02:02.904+0000] {logging_mixin.py:190} INFO - [2024-10-28T22:02:02.903+0000] {dag.py:3229} INFO - Sync 1 DAGs
[2024-10-28T22:02:02.935+0000] {logging_mixin.py:190} INFO - [2024-10-28T22:02:02.935+0000] {dag.py:4156} INFO - Setting next_dagrun for nba_data_pipeline to 2024-10-28 00:00:00+00:00, run_after=2024-10-29 00:00:00+00:00
[2024-10-28T22:02:02.961+0000] {processor.py:208} INFO - Processing /opt/airflow/dags/nba_data_pipeline.py took 0.126 seconds
[2024-10-28T22:02:33.125+0000] {processor.py:186} INFO - Started process (PID=1207) to work on /opt/airflow/dags/nba_data_pipeline.py
[2024-10-28T22:02:33.127+0000] {processor.py:914} INFO - Processing file /opt/airflow/dags/nba_data_pipeline.py for tasks to queue
[2024-10-28T22:02:33.131+0000] {logging_mixin.py:190} INFO - [2024-10-28T22:02:33.130+0000] {dagbag.py:587} INFO - Filling up the DagBag from /opt/airflow/dags/nba_data_pipeline.py
[2024-10-28T22:02:33.143+0000] {processor.py:925} INFO - DAG(s) 'nba_data_pipeline' retrieved from /opt/airflow/dags/nba_data_pipeline.py
[2024-10-28T22:02:33.181+0000] {logging_mixin.py:190} INFO - [2024-10-28T22:02:33.181+0000] {dag.py:3229} INFO - Sync 1 DAGs
[2024-10-28T22:02:33.214+0000] {logging_mixin.py:190} INFO - [2024-10-28T22:02:33.214+0000] {dag.py:4156} INFO - Setting next_dagrun for nba_data_pipeline to 2024-10-28 00:00:00+00:00, run_after=2024-10-29 00:00:00+00:00
[2024-10-28T22:02:33.237+0000] {processor.py:208} INFO - Processing /opt/airflow/dags/nba_data_pipeline.py took 0.122 seconds
[2024-10-28T22:03:03.493+0000] {processor.py:186} INFO - Started process (PID=1212) to work on /opt/airflow/dags/nba_data_pipeline.py
[2024-10-28T22:03:03.495+0000] {processor.py:914} INFO - Processing file /opt/airflow/dags/nba_data_pipeline.py for tasks to queue
[2024-10-28T22:03:03.499+0000] {logging_mixin.py:190} INFO - [2024-10-28T22:03:03.498+0000] {dagbag.py:587} INFO - Filling up the DagBag from /opt/airflow/dags/nba_data_pipeline.py
[2024-10-28T22:03:03.512+0000] {processor.py:925} INFO - DAG(s) 'nba_data_pipeline' retrieved from /opt/airflow/dags/nba_data_pipeline.py
[2024-10-28T22:03:03.550+0000] {logging_mixin.py:190} INFO - [2024-10-28T22:03:03.549+0000] {dag.py:3229} INFO - Sync 1 DAGs
[2024-10-28T22:03:03.583+0000] {logging_mixin.py:190} INFO - [2024-10-28T22:03:03.583+0000] {dag.py:4156} INFO - Setting next_dagrun for nba_data_pipeline to 2024-10-28 00:00:00+00:00, run_after=2024-10-29 00:00:00+00:00
[2024-10-28T22:03:03.608+0000] {processor.py:208} INFO - Processing /opt/airflow/dags/nba_data_pipeline.py took 0.125 seconds
[2024-10-28T22:03:33.766+0000] {processor.py:186} INFO - Started process (PID=1217) to work on /opt/airflow/dags/nba_data_pipeline.py
[2024-10-28T22:03:33.767+0000] {processor.py:914} INFO - Processing file /opt/airflow/dags/nba_data_pipeline.py for tasks to queue
[2024-10-28T22:03:33.770+0000] {logging_mixin.py:190} INFO - [2024-10-28T22:03:33.770+0000] {dagbag.py:587} INFO - Filling up the DagBag from /opt/airflow/dags/nba_data_pipeline.py
[2024-10-28T22:03:33.784+0000] {processor.py:925} INFO - DAG(s) 'nba_data_pipeline' retrieved from /opt/airflow/dags/nba_data_pipeline.py
[2024-10-28T22:03:33.821+0000] {logging_mixin.py:190} INFO - [2024-10-28T22:03:33.821+0000] {dag.py:3229} INFO - Sync 1 DAGs
[2024-10-28T22:03:33.855+0000] {logging_mixin.py:190} INFO - [2024-10-28T22:03:33.855+0000] {dag.py:4156} INFO - Setting next_dagrun for nba_data_pipeline to 2024-10-28 00:00:00+00:00, run_after=2024-10-29 00:00:00+00:00
[2024-10-28T22:03:33.878+0000] {processor.py:208} INFO - Processing /opt/airflow/dags/nba_data_pipeline.py took 0.123 seconds
[2024-10-28T22:04:04.143+0000] {processor.py:186} INFO - Started process (PID=1222) to work on /opt/airflow/dags/nba_data_pipeline.py
[2024-10-28T22:04:04.145+0000] {processor.py:914} INFO - Processing file /opt/airflow/dags/nba_data_pipeline.py for tasks to queue
[2024-10-28T22:04:04.148+0000] {logging_mixin.py:190} INFO - [2024-10-28T22:04:04.147+0000] {dagbag.py:587} INFO - Filling up the DagBag from /opt/airflow/dags/nba_data_pipeline.py
[2024-10-28T22:04:04.161+0000] {processor.py:925} INFO - DAG(s) 'nba_data_pipeline' retrieved from /opt/airflow/dags/nba_data_pipeline.py
[2024-10-28T22:04:04.200+0000] {logging_mixin.py:190} INFO - [2024-10-28T22:04:04.200+0000] {dag.py:3229} INFO - Sync 1 DAGs
[2024-10-28T22:04:04.232+0000] {logging_mixin.py:190} INFO - [2024-10-28T22:04:04.231+0000] {dag.py:4156} INFO - Setting next_dagrun for nba_data_pipeline to 2024-10-28 00:00:00+00:00, run_after=2024-10-29 00:00:00+00:00
[2024-10-28T22:04:04.253+0000] {processor.py:208} INFO - Processing /opt/airflow/dags/nba_data_pipeline.py took 0.121 seconds
[2024-10-28T22:04:34.419+0000] {processor.py:186} INFO - Started process (PID=1227) to work on /opt/airflow/dags/nba_data_pipeline.py
[2024-10-28T22:04:34.420+0000] {processor.py:914} INFO - Processing file /opt/airflow/dags/nba_data_pipeline.py for tasks to queue
[2024-10-28T22:04:34.424+0000] {logging_mixin.py:190} INFO - [2024-10-28T22:04:34.424+0000] {dagbag.py:587} INFO - Filling up the DagBag from /opt/airflow/dags/nba_data_pipeline.py
[2024-10-28T22:04:34.440+0000] {processor.py:925} INFO - DAG(s) 'nba_data_pipeline' retrieved from /opt/airflow/dags/nba_data_pipeline.py
[2024-10-28T22:04:34.477+0000] {logging_mixin.py:190} INFO - [2024-10-28T22:04:34.477+0000] {dag.py:3229} INFO - Sync 1 DAGs
[2024-10-28T22:04:34.513+0000] {logging_mixin.py:190} INFO - [2024-10-28T22:04:34.512+0000] {dag.py:4156} INFO - Setting next_dagrun for nba_data_pipeline to 2024-10-28 00:00:00+00:00, run_after=2024-10-29 00:00:00+00:00
[2024-10-28T22:04:34.534+0000] {processor.py:208} INFO - Processing /opt/airflow/dags/nba_data_pipeline.py took 0.125 seconds
[2024-10-28T22:05:04.788+0000] {processor.py:186} INFO - Started process (PID=1232) to work on /opt/airflow/dags/nba_data_pipeline.py
[2024-10-28T22:05:04.789+0000] {processor.py:914} INFO - Processing file /opt/airflow/dags/nba_data_pipeline.py for tasks to queue
[2024-10-28T22:05:04.793+0000] {logging_mixin.py:190} INFO - [2024-10-28T22:05:04.793+0000] {dagbag.py:587} INFO - Filling up the DagBag from /opt/airflow/dags/nba_data_pipeline.py
[2024-10-28T22:05:04.808+0000] {processor.py:925} INFO - DAG(s) 'nba_data_pipeline' retrieved from /opt/airflow/dags/nba_data_pipeline.py
[2024-10-28T22:05:04.843+0000] {logging_mixin.py:190} INFO - [2024-10-28T22:05:04.843+0000] {dag.py:3229} INFO - Sync 1 DAGs
[2024-10-28T22:05:04.877+0000] {logging_mixin.py:190} INFO - [2024-10-28T22:05:04.876+0000] {dag.py:4156} INFO - Setting next_dagrun for nba_data_pipeline to 2024-10-28 00:00:00+00:00, run_after=2024-10-29 00:00:00+00:00
[2024-10-28T22:05:04.899+0000] {processor.py:208} INFO - Processing /opt/airflow/dags/nba_data_pipeline.py took 0.121 seconds
[2024-10-28T22:05:35.057+0000] {processor.py:186} INFO - Started process (PID=1237) to work on /opt/airflow/dags/nba_data_pipeline.py
[2024-10-28T22:05:35.058+0000] {processor.py:914} INFO - Processing file /opt/airflow/dags/nba_data_pipeline.py for tasks to queue
[2024-10-28T22:05:35.061+0000] {logging_mixin.py:190} INFO - [2024-10-28T22:05:35.060+0000] {dagbag.py:587} INFO - Filling up the DagBag from /opt/airflow/dags/nba_data_pipeline.py
[2024-10-28T22:05:35.073+0000] {processor.py:925} INFO - DAG(s) 'nba_data_pipeline' retrieved from /opt/airflow/dags/nba_data_pipeline.py
[2024-10-28T22:05:35.110+0000] {logging_mixin.py:190} INFO - [2024-10-28T22:05:35.109+0000] {dag.py:3229} INFO - Sync 1 DAGs
[2024-10-28T22:05:35.141+0000] {logging_mixin.py:190} INFO - [2024-10-28T22:05:35.141+0000] {dag.py:4156} INFO - Setting next_dagrun for nba_data_pipeline to 2024-10-28 00:00:00+00:00, run_after=2024-10-29 00:00:00+00:00
[2024-10-28T22:05:35.166+0000] {processor.py:208} INFO - Processing /opt/airflow/dags/nba_data_pipeline.py took 0.118 seconds
[2024-10-28T22:06:05.413+0000] {processor.py:186} INFO - Started process (PID=1242) to work on /opt/airflow/dags/nba_data_pipeline.py
[2024-10-28T22:06:05.414+0000] {processor.py:914} INFO - Processing file /opt/airflow/dags/nba_data_pipeline.py for tasks to queue
[2024-10-28T22:06:05.418+0000] {logging_mixin.py:190} INFO - [2024-10-28T22:06:05.418+0000] {dagbag.py:587} INFO - Filling up the DagBag from /opt/airflow/dags/nba_data_pipeline.py
[2024-10-28T22:06:05.430+0000] {processor.py:925} INFO - DAG(s) 'nba_data_pipeline' retrieved from /opt/airflow/dags/nba_data_pipeline.py
[2024-10-28T22:06:05.465+0000] {logging_mixin.py:190} INFO - [2024-10-28T22:06:05.465+0000] {dag.py:3229} INFO - Sync 1 DAGs
[2024-10-28T22:06:05.497+0000] {logging_mixin.py:190} INFO - [2024-10-28T22:06:05.497+0000] {dag.py:4156} INFO - Setting next_dagrun for nba_data_pipeline to 2024-10-28 00:00:00+00:00, run_after=2024-10-29 00:00:00+00:00
[2024-10-28T22:06:05.521+0000] {processor.py:208} INFO - Processing /opt/airflow/dags/nba_data_pipeline.py took 0.119 seconds
[2024-10-28T22:06:35.676+0000] {processor.py:186} INFO - Started process (PID=1247) to work on /opt/airflow/dags/nba_data_pipeline.py
[2024-10-28T22:06:35.678+0000] {processor.py:914} INFO - Processing file /opt/airflow/dags/nba_data_pipeline.py for tasks to queue
[2024-10-28T22:06:35.681+0000] {logging_mixin.py:190} INFO - [2024-10-28T22:06:35.681+0000] {dagbag.py:587} INFO - Filling up the DagBag from /opt/airflow/dags/nba_data_pipeline.py
[2024-10-28T22:06:35.695+0000] {processor.py:925} INFO - DAG(s) 'nba_data_pipeline' retrieved from /opt/airflow/dags/nba_data_pipeline.py
[2024-10-28T22:06:35.730+0000] {logging_mixin.py:190} INFO - [2024-10-28T22:06:35.729+0000] {dag.py:3229} INFO - Sync 1 DAGs
[2024-10-28T22:06:35.763+0000] {logging_mixin.py:190} INFO - [2024-10-28T22:06:35.762+0000] {dag.py:4156} INFO - Setting next_dagrun for nba_data_pipeline to 2024-10-28 00:00:00+00:00, run_after=2024-10-29 00:00:00+00:00
[2024-10-28T22:06:35.787+0000] {processor.py:208} INFO - Processing /opt/airflow/dags/nba_data_pipeline.py took 0.122 seconds
[2024-10-28T22:07:06.061+0000] {processor.py:186} INFO - Started process (PID=1252) to work on /opt/airflow/dags/nba_data_pipeline.py
[2024-10-28T22:07:06.062+0000] {processor.py:914} INFO - Processing file /opt/airflow/dags/nba_data_pipeline.py for tasks to queue
[2024-10-28T22:07:06.066+0000] {logging_mixin.py:190} INFO - [2024-10-28T22:07:06.065+0000] {dagbag.py:587} INFO - Filling up the DagBag from /opt/airflow/dags/nba_data_pipeline.py
[2024-10-28T22:07:06.080+0000] {processor.py:925} INFO - DAG(s) 'nba_data_pipeline' retrieved from /opt/airflow/dags/nba_data_pipeline.py
[2024-10-28T22:07:06.118+0000] {logging_mixin.py:190} INFO - [2024-10-28T22:07:06.118+0000] {dag.py:3229} INFO - Sync 1 DAGs
[2024-10-28T22:07:06.151+0000] {logging_mixin.py:190} INFO - [2024-10-28T22:07:06.151+0000] {dag.py:4156} INFO - Setting next_dagrun for nba_data_pipeline to 2024-10-28 00:00:00+00:00, run_after=2024-10-29 00:00:00+00:00
[2024-10-28T22:07:06.174+0000] {processor.py:208} INFO - Processing /opt/airflow/dags/nba_data_pipeline.py took 0.123 seconds
[2024-10-28T22:07:36.321+0000] {processor.py:186} INFO - Started process (PID=1257) to work on /opt/airflow/dags/nba_data_pipeline.py
[2024-10-28T22:07:36.322+0000] {processor.py:914} INFO - Processing file /opt/airflow/dags/nba_data_pipeline.py for tasks to queue
[2024-10-28T22:07:36.325+0000] {logging_mixin.py:190} INFO - [2024-10-28T22:07:36.325+0000] {dagbag.py:587} INFO - Filling up the DagBag from /opt/airflow/dags/nba_data_pipeline.py
[2024-10-28T22:07:36.339+0000] {processor.py:925} INFO - DAG(s) 'nba_data_pipeline' retrieved from /opt/airflow/dags/nba_data_pipeline.py
[2024-10-28T22:07:36.377+0000] {logging_mixin.py:190} INFO - [2024-10-28T22:07:36.377+0000] {dag.py:3229} INFO - Sync 1 DAGs
[2024-10-28T22:07:36.414+0000] {logging_mixin.py:190} INFO - [2024-10-28T22:07:36.413+0000] {dag.py:4156} INFO - Setting next_dagrun for nba_data_pipeline to 2024-10-28 00:00:00+00:00, run_after=2024-10-29 00:00:00+00:00
[2024-10-28T22:07:36.441+0000] {processor.py:208} INFO - Processing /opt/airflow/dags/nba_data_pipeline.py took 0.130 seconds
[2024-10-28T22:08:06.713+0000] {processor.py:186} INFO - Started process (PID=1262) to work on /opt/airflow/dags/nba_data_pipeline.py
[2024-10-28T22:08:06.714+0000] {processor.py:914} INFO - Processing file /opt/airflow/dags/nba_data_pipeline.py for tasks to queue
[2024-10-28T22:08:06.717+0000] {logging_mixin.py:190} INFO - [2024-10-28T22:08:06.717+0000] {dagbag.py:587} INFO - Filling up the DagBag from /opt/airflow/dags/nba_data_pipeline.py
[2024-10-28T22:08:06.732+0000] {processor.py:925} INFO - DAG(s) 'nba_data_pipeline' retrieved from /opt/airflow/dags/nba_data_pipeline.py
[2024-10-28T22:08:06.769+0000] {logging_mixin.py:190} INFO - [2024-10-28T22:08:06.769+0000] {dag.py:3229} INFO - Sync 1 DAGs
[2024-10-28T22:08:06.803+0000] {logging_mixin.py:190} INFO - [2024-10-28T22:08:06.803+0000] {dag.py:4156} INFO - Setting next_dagrun for nba_data_pipeline to 2024-10-28 00:00:00+00:00, run_after=2024-10-29 00:00:00+00:00
[2024-10-28T22:08:06.826+0000] {processor.py:208} INFO - Processing /opt/airflow/dags/nba_data_pipeline.py took 0.125 seconds
[2024-10-28T22:08:36.990+0000] {processor.py:186} INFO - Started process (PID=1267) to work on /opt/airflow/dags/nba_data_pipeline.py
[2024-10-28T22:08:36.991+0000] {processor.py:914} INFO - Processing file /opt/airflow/dags/nba_data_pipeline.py for tasks to queue
[2024-10-28T22:08:36.994+0000] {logging_mixin.py:190} INFO - [2024-10-28T22:08:36.994+0000] {dagbag.py:587} INFO - Filling up the DagBag from /opt/airflow/dags/nba_data_pipeline.py
[2024-10-28T22:08:37.010+0000] {processor.py:925} INFO - DAG(s) 'nba_data_pipeline' retrieved from /opt/airflow/dags/nba_data_pipeline.py
[2024-10-28T22:08:37.047+0000] {logging_mixin.py:190} INFO - [2024-10-28T22:08:37.047+0000] {dag.py:3229} INFO - Sync 1 DAGs
[2024-10-28T22:08:37.079+0000] {logging_mixin.py:190} INFO - [2024-10-28T22:08:37.079+0000] {dag.py:4156} INFO - Setting next_dagrun for nba_data_pipeline to 2024-10-28 00:00:00+00:00, run_after=2024-10-29 00:00:00+00:00
[2024-10-28T22:08:37.104+0000] {processor.py:208} INFO - Processing /opt/airflow/dags/nba_data_pipeline.py took 0.125 seconds
[2024-10-28T22:09:07.363+0000] {processor.py:186} INFO - Started process (PID=1272) to work on /opt/airflow/dags/nba_data_pipeline.py
[2024-10-28T22:09:07.364+0000] {processor.py:914} INFO - Processing file /opt/airflow/dags/nba_data_pipeline.py for tasks to queue
[2024-10-28T22:09:07.368+0000] {logging_mixin.py:190} INFO - [2024-10-28T22:09:07.367+0000] {dagbag.py:587} INFO - Filling up the DagBag from /opt/airflow/dags/nba_data_pipeline.py
[2024-10-28T22:09:07.382+0000] {processor.py:925} INFO - DAG(s) 'nba_data_pipeline' retrieved from /opt/airflow/dags/nba_data_pipeline.py
[2024-10-28T22:09:07.417+0000] {logging_mixin.py:190} INFO - [2024-10-28T22:09:07.417+0000] {dag.py:3229} INFO - Sync 1 DAGs
[2024-10-28T22:09:07.450+0000] {logging_mixin.py:190} INFO - [2024-10-28T22:09:07.450+0000] {dag.py:4156} INFO - Setting next_dagrun for nba_data_pipeline to 2024-10-28 00:00:00+00:00, run_after=2024-10-29 00:00:00+00:00
[2024-10-28T22:09:07.473+0000] {processor.py:208} INFO - Processing /opt/airflow/dags/nba_data_pipeline.py took 0.122 seconds
[2024-10-28T22:09:37.632+0000] {processor.py:186} INFO - Started process (PID=1277) to work on /opt/airflow/dags/nba_data_pipeline.py
[2024-10-28T22:09:37.633+0000] {processor.py:914} INFO - Processing file /opt/airflow/dags/nba_data_pipeline.py for tasks to queue
[2024-10-28T22:09:37.637+0000] {logging_mixin.py:190} INFO - [2024-10-28T22:09:37.637+0000] {dagbag.py:587} INFO - Filling up the DagBag from /opt/airflow/dags/nba_data_pipeline.py
[2024-10-28T22:09:37.650+0000] {processor.py:925} INFO - DAG(s) 'nba_data_pipeline' retrieved from /opt/airflow/dags/nba_data_pipeline.py
[2024-10-28T22:09:37.687+0000] {logging_mixin.py:190} INFO - [2024-10-28T22:09:37.687+0000] {dag.py:3229} INFO - Sync 1 DAGs
[2024-10-28T22:09:37.721+0000] {logging_mixin.py:190} INFO - [2024-10-28T22:09:37.720+0000] {dag.py:4156} INFO - Setting next_dagrun for nba_data_pipeline to 2024-10-28 00:00:00+00:00, run_after=2024-10-29 00:00:00+00:00
[2024-10-28T22:09:37.747+0000] {processor.py:208} INFO - Processing /opt/airflow/dags/nba_data_pipeline.py took 0.126 seconds
[2024-10-28T22:10:08.001+0000] {processor.py:186} INFO - Started process (PID=1282) to work on /opt/airflow/dags/nba_data_pipeline.py
[2024-10-28T22:10:08.003+0000] {processor.py:914} INFO - Processing file /opt/airflow/dags/nba_data_pipeline.py for tasks to queue
[2024-10-28T22:10:08.008+0000] {logging_mixin.py:190} INFO - [2024-10-28T22:10:08.007+0000] {dagbag.py:587} INFO - Filling up the DagBag from /opt/airflow/dags/nba_data_pipeline.py
[2024-10-28T22:10:08.023+0000] {processor.py:925} INFO - DAG(s) 'nba_data_pipeline' retrieved from /opt/airflow/dags/nba_data_pipeline.py
[2024-10-28T22:10:08.061+0000] {logging_mixin.py:190} INFO - [2024-10-28T22:10:08.061+0000] {dag.py:3229} INFO - Sync 1 DAGs
[2024-10-28T22:10:08.093+0000] {logging_mixin.py:190} INFO - [2024-10-28T22:10:08.093+0000] {dag.py:4156} INFO - Setting next_dagrun for nba_data_pipeline to 2024-10-28 00:00:00+00:00, run_after=2024-10-29 00:00:00+00:00
[2024-10-28T22:10:08.118+0000] {processor.py:208} INFO - Processing /opt/airflow/dags/nba_data_pipeline.py took 0.127 seconds
[2024-10-28T22:10:38.276+0000] {processor.py:186} INFO - Started process (PID=1287) to work on /opt/airflow/dags/nba_data_pipeline.py
[2024-10-28T22:10:38.277+0000] {processor.py:914} INFO - Processing file /opt/airflow/dags/nba_data_pipeline.py for tasks to queue
[2024-10-28T22:10:38.280+0000] {logging_mixin.py:190} INFO - [2024-10-28T22:10:38.280+0000] {dagbag.py:587} INFO - Filling up the DagBag from /opt/airflow/dags/nba_data_pipeline.py
[2024-10-28T22:10:38.293+0000] {processor.py:925} INFO - DAG(s) 'nba_data_pipeline' retrieved from /opt/airflow/dags/nba_data_pipeline.py
[2024-10-28T22:10:38.329+0000] {logging_mixin.py:190} INFO - [2024-10-28T22:10:38.329+0000] {dag.py:3229} INFO - Sync 1 DAGs
[2024-10-28T22:10:38.365+0000] {logging_mixin.py:190} INFO - [2024-10-28T22:10:38.364+0000] {dag.py:4156} INFO - Setting next_dagrun for nba_data_pipeline to 2024-10-28 00:00:00+00:00, run_after=2024-10-29 00:00:00+00:00
[2024-10-28T22:10:38.390+0000] {processor.py:208} INFO - Processing /opt/airflow/dags/nba_data_pipeline.py took 0.125 seconds
[2024-10-28T22:11:08.672+0000] {processor.py:186} INFO - Started process (PID=1292) to work on /opt/airflow/dags/nba_data_pipeline.py
[2024-10-28T22:11:08.673+0000] {processor.py:914} INFO - Processing file /opt/airflow/dags/nba_data_pipeline.py for tasks to queue
[2024-10-28T22:11:08.676+0000] {logging_mixin.py:190} INFO - [2024-10-28T22:11:08.676+0000] {dagbag.py:587} INFO - Filling up the DagBag from /opt/airflow/dags/nba_data_pipeline.py
[2024-10-28T22:11:08.691+0000] {processor.py:925} INFO - DAG(s) 'nba_data_pipeline' retrieved from /opt/airflow/dags/nba_data_pipeline.py
[2024-10-28T22:11:08.727+0000] {logging_mixin.py:190} INFO - [2024-10-28T22:11:08.727+0000] {dag.py:3229} INFO - Sync 1 DAGs
[2024-10-28T22:11:08.759+0000] {logging_mixin.py:190} INFO - [2024-10-28T22:11:08.759+0000] {dag.py:4156} INFO - Setting next_dagrun for nba_data_pipeline to 2024-10-28 00:00:00+00:00, run_after=2024-10-29 00:00:00+00:00
[2024-10-28T22:11:08.784+0000] {processor.py:208} INFO - Processing /opt/airflow/dags/nba_data_pipeline.py took 0.123 seconds
[2024-10-28T22:11:38.955+0000] {processor.py:186} INFO - Started process (PID=1297) to work on /opt/airflow/dags/nba_data_pipeline.py
[2024-10-28T22:11:38.957+0000] {processor.py:914} INFO - Processing file /opt/airflow/dags/nba_data_pipeline.py for tasks to queue
[2024-10-28T22:11:38.960+0000] {logging_mixin.py:190} INFO - [2024-10-28T22:11:38.960+0000] {dagbag.py:587} INFO - Filling up the DagBag from /opt/airflow/dags/nba_data_pipeline.py
[2024-10-28T22:11:38.974+0000] {processor.py:925} INFO - DAG(s) 'nba_data_pipeline' retrieved from /opt/airflow/dags/nba_data_pipeline.py
[2024-10-28T22:11:39.013+0000] {logging_mixin.py:190} INFO - [2024-10-28T22:11:39.013+0000] {dag.py:3229} INFO - Sync 1 DAGs
[2024-10-28T22:11:39.045+0000] {logging_mixin.py:190} INFO - [2024-10-28T22:11:39.044+0000] {dag.py:4156} INFO - Setting next_dagrun for nba_data_pipeline to 2024-10-28 00:00:00+00:00, run_after=2024-10-29 00:00:00+00:00
[2024-10-28T22:11:39.065+0000] {processor.py:208} INFO - Processing /opt/airflow/dags/nba_data_pipeline.py took 0.121 seconds
[2024-10-28T22:12:09.317+0000] {processor.py:186} INFO - Started process (PID=1302) to work on /opt/airflow/dags/nba_data_pipeline.py
[2024-10-28T22:12:09.318+0000] {processor.py:914} INFO - Processing file /opt/airflow/dags/nba_data_pipeline.py for tasks to queue
[2024-10-28T22:12:09.322+0000] {logging_mixin.py:190} INFO - [2024-10-28T22:12:09.322+0000] {dagbag.py:587} INFO - Filling up the DagBag from /opt/airflow/dags/nba_data_pipeline.py
[2024-10-28T22:12:09.336+0000] {processor.py:925} INFO - DAG(s) 'nba_data_pipeline' retrieved from /opt/airflow/dags/nba_data_pipeline.py
[2024-10-28T22:12:09.373+0000] {logging_mixin.py:190} INFO - [2024-10-28T22:12:09.373+0000] {dag.py:3229} INFO - Sync 1 DAGs
[2024-10-28T22:12:09.404+0000] {logging_mixin.py:190} INFO - [2024-10-28T22:12:09.404+0000] {dag.py:4156} INFO - Setting next_dagrun for nba_data_pipeline to 2024-10-28 00:00:00+00:00, run_after=2024-10-29 00:00:00+00:00
[2024-10-28T22:12:09.432+0000] {processor.py:208} INFO - Processing /opt/airflow/dags/nba_data_pipeline.py took 0.126 seconds
[2024-10-28T22:12:39.585+0000] {processor.py:186} INFO - Started process (PID=1307) to work on /opt/airflow/dags/nba_data_pipeline.py
[2024-10-28T22:12:39.586+0000] {processor.py:914} INFO - Processing file /opt/airflow/dags/nba_data_pipeline.py for tasks to queue
[2024-10-28T22:12:39.591+0000] {logging_mixin.py:190} INFO - [2024-10-28T22:12:39.591+0000] {dagbag.py:587} INFO - Filling up the DagBag from /opt/airflow/dags/nba_data_pipeline.py
[2024-10-28T22:12:39.605+0000] {processor.py:925} INFO - DAG(s) 'nba_data_pipeline' retrieved from /opt/airflow/dags/nba_data_pipeline.py
[2024-10-28T22:12:39.642+0000] {logging_mixin.py:190} INFO - [2024-10-28T22:12:39.642+0000] {dag.py:3229} INFO - Sync 1 DAGs
[2024-10-28T22:12:39.676+0000] {logging_mixin.py:190} INFO - [2024-10-28T22:12:39.676+0000] {dag.py:4156} INFO - Setting next_dagrun for nba_data_pipeline to 2024-10-28 00:00:00+00:00, run_after=2024-10-29 00:00:00+00:00
[2024-10-28T22:12:39.698+0000] {processor.py:208} INFO - Processing /opt/airflow/dags/nba_data_pipeline.py took 0.123 seconds
[2024-10-28T22:13:09.955+0000] {processor.py:186} INFO - Started process (PID=1312) to work on /opt/airflow/dags/nba_data_pipeline.py
[2024-10-28T22:13:09.956+0000] {processor.py:914} INFO - Processing file /opt/airflow/dags/nba_data_pipeline.py for tasks to queue
[2024-10-28T22:13:09.961+0000] {logging_mixin.py:190} INFO - [2024-10-28T22:13:09.960+0000] {dagbag.py:587} INFO - Filling up the DagBag from /opt/airflow/dags/nba_data_pipeline.py
[2024-10-28T22:13:09.974+0000] {processor.py:925} INFO - DAG(s) 'nba_data_pipeline' retrieved from /opt/airflow/dags/nba_data_pipeline.py
[2024-10-28T22:13:10.010+0000] {logging_mixin.py:190} INFO - [2024-10-28T22:13:10.010+0000] {dag.py:3229} INFO - Sync 1 DAGs
[2024-10-28T22:13:10.044+0000] {logging_mixin.py:190} INFO - [2024-10-28T22:13:10.043+0000] {dag.py:4156} INFO - Setting next_dagrun for nba_data_pipeline to 2024-10-28 00:00:00+00:00, run_after=2024-10-29 00:00:00+00:00
[2024-10-28T22:13:10.068+0000] {processor.py:208} INFO - Processing /opt/airflow/dags/nba_data_pipeline.py took 0.124 seconds
[2024-10-28T22:13:40.220+0000] {processor.py:186} INFO - Started process (PID=1317) to work on /opt/airflow/dags/nba_data_pipeline.py
[2024-10-28T22:13:40.222+0000] {processor.py:914} INFO - Processing file /opt/airflow/dags/nba_data_pipeline.py for tasks to queue
[2024-10-28T22:13:40.225+0000] {logging_mixin.py:190} INFO - [2024-10-28T22:13:40.224+0000] {dagbag.py:587} INFO - Filling up the DagBag from /opt/airflow/dags/nba_data_pipeline.py
[2024-10-28T22:13:40.238+0000] {processor.py:925} INFO - DAG(s) 'nba_data_pipeline' retrieved from /opt/airflow/dags/nba_data_pipeline.py
[2024-10-28T22:13:40.280+0000] {logging_mixin.py:190} INFO - [2024-10-28T22:13:40.279+0000] {dag.py:3229} INFO - Sync 1 DAGs
[2024-10-28T22:13:40.313+0000] {logging_mixin.py:190} INFO - [2024-10-28T22:13:40.312+0000] {dag.py:4156} INFO - Setting next_dagrun for nba_data_pipeline to 2024-10-28 00:00:00+00:00, run_after=2024-10-29 00:00:00+00:00
[2024-10-28T22:13:40.338+0000] {processor.py:208} INFO - Processing /opt/airflow/dags/nba_data_pipeline.py took 0.129 seconds
[2024-10-28T22:14:10.533+0000] {processor.py:186} INFO - Started process (PID=1322) to work on /opt/airflow/dags/nba_data_pipeline.py
[2024-10-28T22:14:10.534+0000] {processor.py:914} INFO - Processing file /opt/airflow/dags/nba_data_pipeline.py for tasks to queue
[2024-10-28T22:14:10.538+0000] {logging_mixin.py:190} INFO - [2024-10-28T22:14:10.537+0000] {dagbag.py:587} INFO - Filling up the DagBag from /opt/airflow/dags/nba_data_pipeline.py
[2024-10-28T22:14:10.552+0000] {processor.py:925} INFO - DAG(s) 'nba_data_pipeline' retrieved from /opt/airflow/dags/nba_data_pipeline.py
[2024-10-28T22:14:10.587+0000] {logging_mixin.py:190} INFO - [2024-10-28T22:14:10.587+0000] {dag.py:3229} INFO - Sync 1 DAGs
[2024-10-28T22:14:10.620+0000] {logging_mixin.py:190} INFO - [2024-10-28T22:14:10.620+0000] {dag.py:4156} INFO - Setting next_dagrun for nba_data_pipeline to 2024-10-28 00:00:00+00:00, run_after=2024-10-29 00:00:00+00:00
[2024-10-28T22:14:10.644+0000] {processor.py:208} INFO - Processing /opt/airflow/dags/nba_data_pipeline.py took 0.122 seconds
[2024-10-28T22:14:40.800+0000] {processor.py:186} INFO - Started process (PID=1327) to work on /opt/airflow/dags/nba_data_pipeline.py
[2024-10-28T22:14:40.801+0000] {processor.py:914} INFO - Processing file /opt/airflow/dags/nba_data_pipeline.py for tasks to queue
[2024-10-28T22:14:40.805+0000] {logging_mixin.py:190} INFO - [2024-10-28T22:14:40.804+0000] {dagbag.py:587} INFO - Filling up the DagBag from /opt/airflow/dags/nba_data_pipeline.py
[2024-10-28T22:14:40.818+0000] {processor.py:925} INFO - DAG(s) 'nba_data_pipeline' retrieved from /opt/airflow/dags/nba_data_pipeline.py
[2024-10-28T22:14:40.857+0000] {logging_mixin.py:190} INFO - [2024-10-28T22:14:40.857+0000] {dag.py:3229} INFO - Sync 1 DAGs
[2024-10-28T22:14:40.890+0000] {logging_mixin.py:190} INFO - [2024-10-28T22:14:40.890+0000] {dag.py:4156} INFO - Setting next_dagrun for nba_data_pipeline to 2024-10-28 00:00:00+00:00, run_after=2024-10-29 00:00:00+00:00
[2024-10-28T22:14:40.915+0000] {processor.py:208} INFO - Processing /opt/airflow/dags/nba_data_pipeline.py took 0.127 seconds
[2024-10-28T22:15:11.155+0000] {processor.py:186} INFO - Started process (PID=1332) to work on /opt/airflow/dags/nba_data_pipeline.py
[2024-10-28T22:15:11.156+0000] {processor.py:914} INFO - Processing file /opt/airflow/dags/nba_data_pipeline.py for tasks to queue
[2024-10-28T22:15:11.159+0000] {logging_mixin.py:190} INFO - [2024-10-28T22:15:11.159+0000] {dagbag.py:587} INFO - Filling up the DagBag from /opt/airflow/dags/nba_data_pipeline.py
[2024-10-28T22:15:11.172+0000] {processor.py:925} INFO - DAG(s) 'nba_data_pipeline' retrieved from /opt/airflow/dags/nba_data_pipeline.py
[2024-10-28T22:15:11.209+0000] {logging_mixin.py:190} INFO - [2024-10-28T22:15:11.208+0000] {dag.py:3229} INFO - Sync 1 DAGs
[2024-10-28T22:15:11.242+0000] {logging_mixin.py:190} INFO - [2024-10-28T22:15:11.241+0000] {dag.py:4156} INFO - Setting next_dagrun for nba_data_pipeline to 2024-10-28 00:00:00+00:00, run_after=2024-10-29 00:00:00+00:00
[2024-10-28T22:15:11.270+0000] {processor.py:208} INFO - Processing /opt/airflow/dags/nba_data_pipeline.py took 0.126 seconds
[2024-10-28T22:15:41.419+0000] {processor.py:186} INFO - Started process (PID=1337) to work on /opt/airflow/dags/nba_data_pipeline.py
[2024-10-28T22:15:41.420+0000] {processor.py:914} INFO - Processing file /opt/airflow/dags/nba_data_pipeline.py for tasks to queue
[2024-10-28T22:15:41.424+0000] {logging_mixin.py:190} INFO - [2024-10-28T22:15:41.423+0000] {dagbag.py:587} INFO - Filling up the DagBag from /opt/airflow/dags/nba_data_pipeline.py
[2024-10-28T22:15:41.439+0000] {processor.py:925} INFO - DAG(s) 'nba_data_pipeline' retrieved from /opt/airflow/dags/nba_data_pipeline.py
[2024-10-28T22:15:41.476+0000] {logging_mixin.py:190} INFO - [2024-10-28T22:15:41.475+0000] {dag.py:3229} INFO - Sync 1 DAGs
[2024-10-28T22:15:41.510+0000] {logging_mixin.py:190} INFO - [2024-10-28T22:15:41.509+0000] {dag.py:4156} INFO - Setting next_dagrun for nba_data_pipeline to 2024-10-28 00:00:00+00:00, run_after=2024-10-29 00:00:00+00:00
[2024-10-28T22:15:41.535+0000] {processor.py:208} INFO - Processing /opt/airflow/dags/nba_data_pipeline.py took 0.126 seconds
[2024-10-28T22:16:11.822+0000] {processor.py:186} INFO - Started process (PID=1342) to work on /opt/airflow/dags/nba_data_pipeline.py
[2024-10-28T22:16:11.823+0000] {processor.py:914} INFO - Processing file /opt/airflow/dags/nba_data_pipeline.py for tasks to queue
[2024-10-28T22:16:11.827+0000] {logging_mixin.py:190} INFO - [2024-10-28T22:16:11.827+0000] {dagbag.py:587} INFO - Filling up the DagBag from /opt/airflow/dags/nba_data_pipeline.py
[2024-10-28T22:16:11.840+0000] {processor.py:925} INFO - DAG(s) 'nba_data_pipeline' retrieved from /opt/airflow/dags/nba_data_pipeline.py
[2024-10-28T22:16:11.878+0000] {logging_mixin.py:190} INFO - [2024-10-28T22:16:11.878+0000] {dag.py:3229} INFO - Sync 1 DAGs
[2024-10-28T22:16:11.911+0000] {logging_mixin.py:190} INFO - [2024-10-28T22:16:11.911+0000] {dag.py:4156} INFO - Setting next_dagrun for nba_data_pipeline to 2024-10-28 00:00:00+00:00, run_after=2024-10-29 00:00:00+00:00
[2024-10-28T22:16:11.941+0000] {processor.py:208} INFO - Processing /opt/airflow/dags/nba_data_pipeline.py took 0.129 seconds
[2024-10-28T22:16:42.109+0000] {processor.py:186} INFO - Started process (PID=1347) to work on /opt/airflow/dags/nba_data_pipeline.py
[2024-10-28T22:16:42.110+0000] {processor.py:914} INFO - Processing file /opt/airflow/dags/nba_data_pipeline.py for tasks to queue
[2024-10-28T22:16:42.114+0000] {logging_mixin.py:190} INFO - [2024-10-28T22:16:42.113+0000] {dagbag.py:587} INFO - Filling up the DagBag from /opt/airflow/dags/nba_data_pipeline.py
[2024-10-28T22:16:42.126+0000] {processor.py:925} INFO - DAG(s) 'nba_data_pipeline' retrieved from /opt/airflow/dags/nba_data_pipeline.py
[2024-10-28T22:16:42.168+0000] {logging_mixin.py:190} INFO - [2024-10-28T22:16:42.168+0000] {dag.py:3229} INFO - Sync 1 DAGs
[2024-10-28T22:16:42.200+0000] {logging_mixin.py:190} INFO - [2024-10-28T22:16:42.200+0000] {dag.py:4156} INFO - Setting next_dagrun for nba_data_pipeline to 2024-10-28 00:00:00+00:00, run_after=2024-10-29 00:00:00+00:00
[2024-10-28T22:16:42.222+0000] {processor.py:208} INFO - Processing /opt/airflow/dags/nba_data_pipeline.py took 0.124 seconds
[2024-10-28T22:17:12.462+0000] {processor.py:186} INFO - Started process (PID=1352) to work on /opt/airflow/dags/nba_data_pipeline.py
[2024-10-28T22:17:12.471+0000] {processor.py:914} INFO - Processing file /opt/airflow/dags/nba_data_pipeline.py for tasks to queue
[2024-10-28T22:17:12.490+0000] {logging_mixin.py:190} INFO - [2024-10-28T22:17:12.490+0000] {dagbag.py:587} INFO - Filling up the DagBag from /opt/airflow/dags/nba_data_pipeline.py
[2024-10-28T22:17:12.507+0000] {processor.py:925} INFO - DAG(s) 'nba_data_pipeline' retrieved from /opt/airflow/dags/nba_data_pipeline.py
[2024-10-28T22:17:12.544+0000] {logging_mixin.py:190} INFO - [2024-10-28T22:17:12.543+0000] {dag.py:3229} INFO - Sync 1 DAGs
[2024-10-28T22:17:12.573+0000] {logging_mixin.py:190} INFO - [2024-10-28T22:17:12.573+0000] {dag.py:4156} INFO - Setting next_dagrun for nba_data_pipeline to 2024-10-28 00:00:00+00:00, run_after=2024-10-29 00:00:00+00:00
[2024-10-28T22:17:12.600+0000] {processor.py:208} INFO - Processing /opt/airflow/dags/nba_data_pipeline.py took 0.149 seconds
[2024-10-28T22:17:42.750+0000] {processor.py:186} INFO - Started process (PID=1357) to work on /opt/airflow/dags/nba_data_pipeline.py
[2024-10-28T22:17:42.752+0000] {processor.py:914} INFO - Processing file /opt/airflow/dags/nba_data_pipeline.py for tasks to queue
[2024-10-28T22:17:42.756+0000] {logging_mixin.py:190} INFO - [2024-10-28T22:17:42.755+0000] {dagbag.py:587} INFO - Filling up the DagBag from /opt/airflow/dags/nba_data_pipeline.py
[2024-10-28T22:17:42.772+0000] {processor.py:925} INFO - DAG(s) 'nba_data_pipeline' retrieved from /opt/airflow/dags/nba_data_pipeline.py
[2024-10-28T22:17:42.809+0000] {logging_mixin.py:190} INFO - [2024-10-28T22:17:42.809+0000] {dag.py:3229} INFO - Sync 1 DAGs
[2024-10-28T22:17:42.846+0000] {logging_mixin.py:190} INFO - [2024-10-28T22:17:42.846+0000] {dag.py:4156} INFO - Setting next_dagrun for nba_data_pipeline to 2024-10-28 00:00:00+00:00, run_after=2024-10-29 00:00:00+00:00
[2024-10-28T22:17:42.868+0000] {processor.py:208} INFO - Processing /opt/airflow/dags/nba_data_pipeline.py took 0.128 seconds
[2024-10-28T22:18:13.129+0000] {processor.py:186} INFO - Started process (PID=1362) to work on /opt/airflow/dags/nba_data_pipeline.py
[2024-10-28T22:18:13.131+0000] {processor.py:914} INFO - Processing file /opt/airflow/dags/nba_data_pipeline.py for tasks to queue
[2024-10-28T22:18:13.134+0000] {logging_mixin.py:190} INFO - [2024-10-28T22:18:13.133+0000] {dagbag.py:587} INFO - Filling up the DagBag from /opt/airflow/dags/nba_data_pipeline.py
[2024-10-28T22:18:13.147+0000] {processor.py:925} INFO - DAG(s) 'nba_data_pipeline' retrieved from /opt/airflow/dags/nba_data_pipeline.py
[2024-10-28T22:18:13.181+0000] {logging_mixin.py:190} INFO - [2024-10-28T22:18:13.181+0000] {dag.py:3229} INFO - Sync 1 DAGs
[2024-10-28T22:18:13.212+0000] {logging_mixin.py:190} INFO - [2024-10-28T22:18:13.212+0000] {dag.py:4156} INFO - Setting next_dagrun for nba_data_pipeline to 2024-10-28 00:00:00+00:00, run_after=2024-10-29 00:00:00+00:00
[2024-10-28T22:18:13.234+0000] {processor.py:208} INFO - Processing /opt/airflow/dags/nba_data_pipeline.py took 0.115 seconds
[2024-10-28T22:18:43.406+0000] {processor.py:186} INFO - Started process (PID=1367) to work on /opt/airflow/dags/nba_data_pipeline.py
[2024-10-28T22:18:43.407+0000] {processor.py:914} INFO - Processing file /opt/airflow/dags/nba_data_pipeline.py for tasks to queue
[2024-10-28T22:18:43.411+0000] {logging_mixin.py:190} INFO - [2024-10-28T22:18:43.410+0000] {dagbag.py:587} INFO - Filling up the DagBag from /opt/airflow/dags/nba_data_pipeline.py
[2024-10-28T22:18:43.427+0000] {processor.py:925} INFO - DAG(s) 'nba_data_pipeline' retrieved from /opt/airflow/dags/nba_data_pipeline.py
[2024-10-28T22:18:43.463+0000] {logging_mixin.py:190} INFO - [2024-10-28T22:18:43.462+0000] {dag.py:3229} INFO - Sync 1 DAGs
[2024-10-28T22:18:43.498+0000] {logging_mixin.py:190} INFO - [2024-10-28T22:18:43.498+0000] {dag.py:4156} INFO - Setting next_dagrun for nba_data_pipeline to 2024-10-28 00:00:00+00:00, run_after=2024-10-29 00:00:00+00:00
[2024-10-28T22:18:43.525+0000] {processor.py:208} INFO - Processing /opt/airflow/dags/nba_data_pipeline.py took 0.131 seconds
[2024-10-28T22:19:13.797+0000] {processor.py:186} INFO - Started process (PID=1372) to work on /opt/airflow/dags/nba_data_pipeline.py
[2024-10-28T22:19:13.799+0000] {processor.py:914} INFO - Processing file /opt/airflow/dags/nba_data_pipeline.py for tasks to queue
[2024-10-28T22:19:13.803+0000] {logging_mixin.py:190} INFO - [2024-10-28T22:19:13.803+0000] {dagbag.py:587} INFO - Filling up the DagBag from /opt/airflow/dags/nba_data_pipeline.py
[2024-10-28T22:19:13.850+0000] {processor.py:925} INFO - DAG(s) 'nba_data_pipeline' retrieved from /opt/airflow/dags/nba_data_pipeline.py
[2024-10-28T22:19:13.902+0000] {logging_mixin.py:190} INFO - [2024-10-28T22:19:13.902+0000] {dag.py:3229} INFO - Sync 1 DAGs
[2024-10-28T22:19:13.942+0000] {logging_mixin.py:190} INFO - [2024-10-28T22:19:13.942+0000] {dag.py:4156} INFO - Setting next_dagrun for nba_data_pipeline to 2024-10-28 00:00:00+00:00, run_after=2024-10-29 00:00:00+00:00
[2024-10-28T22:19:13.966+0000] {processor.py:208} INFO - Processing /opt/airflow/dags/nba_data_pipeline.py took 0.180 seconds
[2024-10-28T22:19:44.053+0000] {processor.py:186} INFO - Started process (PID=1377) to work on /opt/airflow/dags/nba_data_pipeline.py
[2024-10-28T22:19:44.054+0000] {processor.py:914} INFO - Processing file /opt/airflow/dags/nba_data_pipeline.py for tasks to queue
[2024-10-28T22:19:44.058+0000] {logging_mixin.py:190} INFO - [2024-10-28T22:19:44.058+0000] {dagbag.py:587} INFO - Filling up the DagBag from /opt/airflow/dags/nba_data_pipeline.py
[2024-10-28T22:19:44.071+0000] {processor.py:925} INFO - DAG(s) 'nba_data_pipeline' retrieved from /opt/airflow/dags/nba_data_pipeline.py
[2024-10-28T22:19:44.113+0000] {logging_mixin.py:190} INFO - [2024-10-28T22:19:44.113+0000] {dag.py:3229} INFO - Sync 1 DAGs
[2024-10-28T22:19:44.147+0000] {logging_mixin.py:190} INFO - [2024-10-28T22:19:44.146+0000] {dag.py:4156} INFO - Setting next_dagrun for nba_data_pipeline to 2024-10-28 00:00:00+00:00, run_after=2024-10-29 00:00:00+00:00
[2024-10-28T22:19:44.173+0000] {processor.py:208} INFO - Processing /opt/airflow/dags/nba_data_pipeline.py took 0.131 seconds
[2024-10-28T22:20:14.307+0000] {processor.py:186} INFO - Started process (PID=1382) to work on /opt/airflow/dags/nba_data_pipeline.py
[2024-10-28T22:20:14.308+0000] {processor.py:914} INFO - Processing file /opt/airflow/dags/nba_data_pipeline.py for tasks to queue
[2024-10-28T22:20:14.313+0000] {logging_mixin.py:190} INFO - [2024-10-28T22:20:14.312+0000] {dagbag.py:587} INFO - Filling up the DagBag from /opt/airflow/dags/nba_data_pipeline.py
[2024-10-28T22:20:14.326+0000] {processor.py:925} INFO - DAG(s) 'nba_data_pipeline' retrieved from /opt/airflow/dags/nba_data_pipeline.py
[2024-10-28T22:20:14.360+0000] {logging_mixin.py:190} INFO - [2024-10-28T22:20:14.360+0000] {dag.py:3229} INFO - Sync 1 DAGs
[2024-10-28T22:20:14.393+0000] {logging_mixin.py:190} INFO - [2024-10-28T22:20:14.392+0000] {dag.py:4156} INFO - Setting next_dagrun for nba_data_pipeline to 2024-10-28 00:00:00+00:00, run_after=2024-10-29 00:00:00+00:00
[2024-10-28T22:20:14.417+0000] {processor.py:208} INFO - Processing /opt/airflow/dags/nba_data_pipeline.py took 0.122 seconds
[2024-10-28T22:20:44.711+0000] {processor.py:186} INFO - Started process (PID=1387) to work on /opt/airflow/dags/nba_data_pipeline.py
[2024-10-28T22:20:44.712+0000] {processor.py:914} INFO - Processing file /opt/airflow/dags/nba_data_pipeline.py for tasks to queue
[2024-10-28T22:20:44.716+0000] {logging_mixin.py:190} INFO - [2024-10-28T22:20:44.716+0000] {dagbag.py:587} INFO - Filling up the DagBag from /opt/airflow/dags/nba_data_pipeline.py
[2024-10-28T22:20:44.729+0000] {processor.py:925} INFO - DAG(s) 'nba_data_pipeline' retrieved from /opt/airflow/dags/nba_data_pipeline.py
[2024-10-28T22:20:44.762+0000] {logging_mixin.py:190} INFO - [2024-10-28T22:20:44.761+0000] {dag.py:3229} INFO - Sync 1 DAGs
[2024-10-28T22:20:44.791+0000] {logging_mixin.py:190} INFO - [2024-10-28T22:20:44.791+0000] {dag.py:4156} INFO - Setting next_dagrun for nba_data_pipeline to 2024-10-28 00:00:00+00:00, run_after=2024-10-29 00:00:00+00:00
[2024-10-28T22:20:44.817+0000] {processor.py:208} INFO - Processing /opt/airflow/dags/nba_data_pipeline.py took 0.117 seconds
[2024-10-28T22:21:15.014+0000] {processor.py:186} INFO - Started process (PID=1392) to work on /opt/airflow/dags/nba_data_pipeline.py
[2024-10-28T22:21:15.015+0000] {processor.py:914} INFO - Processing file /opt/airflow/dags/nba_data_pipeline.py for tasks to queue
[2024-10-28T22:21:15.018+0000] {logging_mixin.py:190} INFO - [2024-10-28T22:21:15.018+0000] {dagbag.py:587} INFO - Filling up the DagBag from /opt/airflow/dags/nba_data_pipeline.py
[2024-10-28T22:21:15.032+0000] {processor.py:925} INFO - DAG(s) 'nba_data_pipeline' retrieved from /opt/airflow/dags/nba_data_pipeline.py
[2024-10-28T22:21:15.072+0000] {logging_mixin.py:190} INFO - [2024-10-28T22:21:15.071+0000] {dag.py:3229} INFO - Sync 1 DAGs
[2024-10-28T22:21:15.109+0000] {logging_mixin.py:190} INFO - [2024-10-28T22:21:15.108+0000] {dag.py:4156} INFO - Setting next_dagrun for nba_data_pipeline to 2024-10-28 00:00:00+00:00, run_after=2024-10-29 00:00:00+00:00
[2024-10-28T22:21:15.132+0000] {processor.py:208} INFO - Processing /opt/airflow/dags/nba_data_pipeline.py took 0.129 seconds
[2024-10-28T22:21:45.339+0000] {processor.py:186} INFO - Started process (PID=1397) to work on /opt/airflow/dags/nba_data_pipeline.py
[2024-10-28T22:21:45.341+0000] {processor.py:914} INFO - Processing file /opt/airflow/dags/nba_data_pipeline.py for tasks to queue
[2024-10-28T22:21:45.345+0000] {logging_mixin.py:190} INFO - [2024-10-28T22:21:45.344+0000] {dagbag.py:587} INFO - Filling up the DagBag from /opt/airflow/dags/nba_data_pipeline.py
[2024-10-28T22:21:45.358+0000] {processor.py:925} INFO - DAG(s) 'nba_data_pipeline' retrieved from /opt/airflow/dags/nba_data_pipeline.py
[2024-10-28T22:21:45.396+0000] {logging_mixin.py:190} INFO - [2024-10-28T22:21:45.395+0000] {dag.py:3229} INFO - Sync 1 DAGs
[2024-10-28T22:21:45.430+0000] {logging_mixin.py:190} INFO - [2024-10-28T22:21:45.430+0000] {dag.py:4156} INFO - Setting next_dagrun for nba_data_pipeline to 2024-10-28 00:00:00+00:00, run_after=2024-10-29 00:00:00+00:00
[2024-10-28T22:21:45.454+0000] {processor.py:208} INFO - Processing /opt/airflow/dags/nba_data_pipeline.py took 0.127 seconds
[2024-10-28T22:22:15.657+0000] {processor.py:186} INFO - Started process (PID=1402) to work on /opt/airflow/dags/nba_data_pipeline.py
[2024-10-28T22:22:15.659+0000] {processor.py:914} INFO - Processing file /opt/airflow/dags/nba_data_pipeline.py for tasks to queue
[2024-10-28T22:22:15.662+0000] {logging_mixin.py:190} INFO - [2024-10-28T22:22:15.662+0000] {dagbag.py:587} INFO - Filling up the DagBag from /opt/airflow/dags/nba_data_pipeline.py
[2024-10-28T22:22:15.676+0000] {processor.py:925} INFO - DAG(s) 'nba_data_pipeline' retrieved from /opt/airflow/dags/nba_data_pipeline.py
[2024-10-28T22:22:15.718+0000] {logging_mixin.py:190} INFO - [2024-10-28T22:22:15.718+0000] {dag.py:3229} INFO - Sync 1 DAGs
[2024-10-28T22:22:15.750+0000] {logging_mixin.py:190} INFO - [2024-10-28T22:22:15.750+0000] {dag.py:4156} INFO - Setting next_dagrun for nba_data_pipeline to 2024-10-28 00:00:00+00:00, run_after=2024-10-29 00:00:00+00:00
[2024-10-28T22:22:15.771+0000] {processor.py:208} INFO - Processing /opt/airflow/dags/nba_data_pipeline.py took 0.126 seconds
[2024-10-28T22:22:45.965+0000] {processor.py:186} INFO - Started process (PID=1407) to work on /opt/airflow/dags/nba_data_pipeline.py
[2024-10-28T22:22:45.966+0000] {processor.py:914} INFO - Processing file /opt/airflow/dags/nba_data_pipeline.py for tasks to queue
[2024-10-28T22:22:45.969+0000] {logging_mixin.py:190} INFO - [2024-10-28T22:22:45.969+0000] {dagbag.py:587} INFO - Filling up the DagBag from /opt/airflow/dags/nba_data_pipeline.py
[2024-10-28T22:22:45.982+0000] {processor.py:925} INFO - DAG(s) 'nba_data_pipeline' retrieved from /opt/airflow/dags/nba_data_pipeline.py
[2024-10-28T22:22:46.021+0000] {logging_mixin.py:190} INFO - [2024-10-28T22:22:46.020+0000] {dag.py:3229} INFO - Sync 1 DAGs
[2024-10-28T22:22:46.054+0000] {logging_mixin.py:190} INFO - [2024-10-28T22:22:46.054+0000] {dag.py:4156} INFO - Setting next_dagrun for nba_data_pipeline to 2024-10-28 00:00:00+00:00, run_after=2024-10-29 00:00:00+00:00
[2024-10-28T22:22:46.079+0000] {processor.py:208} INFO - Processing /opt/airflow/dags/nba_data_pipeline.py took 0.125 seconds
[2024-10-28T22:23:16.270+0000] {processor.py:186} INFO - Started process (PID=1412) to work on /opt/airflow/dags/nba_data_pipeline.py
[2024-10-28T22:23:16.271+0000] {processor.py:914} INFO - Processing file /opt/airflow/dags/nba_data_pipeline.py for tasks to queue
[2024-10-28T22:23:16.274+0000] {logging_mixin.py:190} INFO - [2024-10-28T22:23:16.274+0000] {dagbag.py:587} INFO - Filling up the DagBag from /opt/airflow/dags/nba_data_pipeline.py
[2024-10-28T22:23:16.288+0000] {processor.py:925} INFO - DAG(s) 'nba_data_pipeline' retrieved from /opt/airflow/dags/nba_data_pipeline.py
[2024-10-28T22:23:16.326+0000] {logging_mixin.py:190} INFO - [2024-10-28T22:23:16.325+0000] {dag.py:3229} INFO - Sync 1 DAGs
[2024-10-28T22:23:16.358+0000] {logging_mixin.py:190} INFO - [2024-10-28T22:23:16.357+0000] {dag.py:4156} INFO - Setting next_dagrun for nba_data_pipeline to 2024-10-28 00:00:00+00:00, run_after=2024-10-29 00:00:00+00:00
[2024-10-28T22:23:16.383+0000] {processor.py:208} INFO - Processing /opt/airflow/dags/nba_data_pipeline.py took 0.123 seconds
[2024-10-28T22:23:46.581+0000] {processor.py:186} INFO - Started process (PID=1417) to work on /opt/airflow/dags/nba_data_pipeline.py
[2024-10-28T22:23:46.582+0000] {processor.py:914} INFO - Processing file /opt/airflow/dags/nba_data_pipeline.py for tasks to queue
[2024-10-28T22:23:46.586+0000] {logging_mixin.py:190} INFO - [2024-10-28T22:23:46.586+0000] {dagbag.py:587} INFO - Filling up the DagBag from /opt/airflow/dags/nba_data_pipeline.py
[2024-10-28T22:23:46.601+0000] {processor.py:925} INFO - DAG(s) 'nba_data_pipeline' retrieved from /opt/airflow/dags/nba_data_pipeline.py
[2024-10-28T22:23:46.639+0000] {logging_mixin.py:190} INFO - [2024-10-28T22:23:46.639+0000] {dag.py:3229} INFO - Sync 1 DAGs
[2024-10-28T22:23:46.675+0000] {logging_mixin.py:190} INFO - [2024-10-28T22:23:46.675+0000] {dag.py:4156} INFO - Setting next_dagrun for nba_data_pipeline to 2024-10-28 00:00:00+00:00, run_after=2024-10-29 00:00:00+00:00
[2024-10-28T22:23:46.700+0000] {processor.py:208} INFO - Processing /opt/airflow/dags/nba_data_pipeline.py took 0.129 seconds
[2024-10-28T22:24:16.938+0000] {processor.py:186} INFO - Started process (PID=1422) to work on /opt/airflow/dags/nba_data_pipeline.py
[2024-10-28T22:24:16.939+0000] {processor.py:914} INFO - Processing file /opt/airflow/dags/nba_data_pipeline.py for tasks to queue
[2024-10-28T22:24:16.944+0000] {logging_mixin.py:190} INFO - [2024-10-28T22:24:16.944+0000] {dagbag.py:587} INFO - Filling up the DagBag from /opt/airflow/dags/nba_data_pipeline.py
[2024-10-28T22:24:16.960+0000] {processor.py:925} INFO - DAG(s) 'nba_data_pipeline' retrieved from /opt/airflow/dags/nba_data_pipeline.py
[2024-10-28T22:24:17.000+0000] {logging_mixin.py:190} INFO - [2024-10-28T22:24:17.000+0000] {dag.py:3229} INFO - Sync 1 DAGs
[2024-10-28T22:24:17.039+0000] {logging_mixin.py:190} INFO - [2024-10-28T22:24:17.038+0000] {dag.py:4156} INFO - Setting next_dagrun for nba_data_pipeline to 2024-10-28 00:00:00+00:00, run_after=2024-10-29 00:00:00+00:00
[2024-10-28T22:24:17.063+0000] {processor.py:208} INFO - Processing /opt/airflow/dags/nba_data_pipeline.py took 0.137 seconds
[2024-10-28T22:24:47.211+0000] {processor.py:186} INFO - Started process (PID=1427) to work on /opt/airflow/dags/nba_data_pipeline.py
[2024-10-28T22:24:47.212+0000] {processor.py:914} INFO - Processing file /opt/airflow/dags/nba_data_pipeline.py for tasks to queue
[2024-10-28T22:24:47.216+0000] {logging_mixin.py:190} INFO - [2024-10-28T22:24:47.216+0000] {dagbag.py:587} INFO - Filling up the DagBag from /opt/airflow/dags/nba_data_pipeline.py
[2024-10-28T22:24:47.232+0000] {processor.py:925} INFO - DAG(s) 'nba_data_pipeline' retrieved from /opt/airflow/dags/nba_data_pipeline.py
[2024-10-28T22:24:47.268+0000] {logging_mixin.py:190} INFO - [2024-10-28T22:24:47.268+0000] {dag.py:3229} INFO - Sync 1 DAGs
[2024-10-28T22:24:47.301+0000] {logging_mixin.py:190} INFO - [2024-10-28T22:24:47.301+0000] {dag.py:4156} INFO - Setting next_dagrun for nba_data_pipeline to 2024-10-28 00:00:00+00:00, run_after=2024-10-29 00:00:00+00:00
[2024-10-28T22:24:47.330+0000] {processor.py:208} INFO - Processing /opt/airflow/dags/nba_data_pipeline.py took 0.133 seconds
[2024-10-28T22:25:17.613+0000] {processor.py:186} INFO - Started process (PID=1432) to work on /opt/airflow/dags/nba_data_pipeline.py
[2024-10-28T22:25:17.614+0000] {processor.py:914} INFO - Processing file /opt/airflow/dags/nba_data_pipeline.py for tasks to queue
[2024-10-28T22:25:17.618+0000] {logging_mixin.py:190} INFO - [2024-10-28T22:25:17.617+0000] {dagbag.py:587} INFO - Filling up the DagBag from /opt/airflow/dags/nba_data_pipeline.py
[2024-10-28T22:25:17.633+0000] {processor.py:925} INFO - DAG(s) 'nba_data_pipeline' retrieved from /opt/airflow/dags/nba_data_pipeline.py
[2024-10-28T22:25:17.668+0000] {logging_mixin.py:190} INFO - [2024-10-28T22:25:17.668+0000] {dag.py:3229} INFO - Sync 1 DAGs
[2024-10-28T22:25:17.703+0000] {logging_mixin.py:190} INFO - [2024-10-28T22:25:17.702+0000] {dag.py:4156} INFO - Setting next_dagrun for nba_data_pipeline to 2024-10-28 00:00:00+00:00, run_after=2024-10-29 00:00:00+00:00
[2024-10-28T22:25:17.725+0000] {processor.py:208} INFO - Processing /opt/airflow/dags/nba_data_pipeline.py took 0.123 seconds
[2024-10-28T22:25:47.885+0000] {processor.py:186} INFO - Started process (PID=1437) to work on /opt/airflow/dags/nba_data_pipeline.py
[2024-10-28T22:25:47.886+0000] {processor.py:914} INFO - Processing file /opt/airflow/dags/nba_data_pipeline.py for tasks to queue
[2024-10-28T22:25:47.889+0000] {logging_mixin.py:190} INFO - [2024-10-28T22:25:47.889+0000] {dagbag.py:587} INFO - Filling up the DagBag from /opt/airflow/dags/nba_data_pipeline.py
[2024-10-28T22:25:47.902+0000] {processor.py:925} INFO - DAG(s) 'nba_data_pipeline' retrieved from /opt/airflow/dags/nba_data_pipeline.py
[2024-10-28T22:25:47.942+0000] {logging_mixin.py:190} INFO - [2024-10-28T22:25:47.942+0000] {dag.py:3229} INFO - Sync 1 DAGs
[2024-10-28T22:25:47.974+0000] {logging_mixin.py:190} INFO - [2024-10-28T22:25:47.974+0000] {dag.py:4156} INFO - Setting next_dagrun for nba_data_pipeline to 2024-10-28 00:00:00+00:00, run_after=2024-10-29 00:00:00+00:00
[2024-10-28T22:25:48.000+0000] {processor.py:208} INFO - Processing /opt/airflow/dags/nba_data_pipeline.py took 0.125 seconds
[2024-10-28T22:26:18.273+0000] {processor.py:186} INFO - Started process (PID=1442) to work on /opt/airflow/dags/nba_data_pipeline.py
[2024-10-28T22:26:18.274+0000] {processor.py:914} INFO - Processing file /opt/airflow/dags/nba_data_pipeline.py for tasks to queue
[2024-10-28T22:26:18.278+0000] {logging_mixin.py:190} INFO - [2024-10-28T22:26:18.278+0000] {dagbag.py:587} INFO - Filling up the DagBag from /opt/airflow/dags/nba_data_pipeline.py
[2024-10-28T22:26:18.292+0000] {processor.py:925} INFO - DAG(s) 'nba_data_pipeline' retrieved from /opt/airflow/dags/nba_data_pipeline.py
[2024-10-28T22:26:18.327+0000] {logging_mixin.py:190} INFO - [2024-10-28T22:26:18.326+0000] {dag.py:3229} INFO - Sync 1 DAGs
[2024-10-28T22:26:18.361+0000] {logging_mixin.py:190} INFO - [2024-10-28T22:26:18.360+0000] {dag.py:4156} INFO - Setting next_dagrun for nba_data_pipeline to 2024-10-28 00:00:00+00:00, run_after=2024-10-29 00:00:00+00:00
[2024-10-28T22:26:18.385+0000] {processor.py:208} INFO - Processing /opt/airflow/dags/nba_data_pipeline.py took 0.122 seconds
[2024-10-28T22:26:48.545+0000] {processor.py:186} INFO - Started process (PID=1447) to work on /opt/airflow/dags/nba_data_pipeline.py
[2024-10-28T22:26:48.546+0000] {processor.py:914} INFO - Processing file /opt/airflow/dags/nba_data_pipeline.py for tasks to queue
[2024-10-28T22:26:48.550+0000] {logging_mixin.py:190} INFO - [2024-10-28T22:26:48.550+0000] {dagbag.py:587} INFO - Filling up the DagBag from /opt/airflow/dags/nba_data_pipeline.py
[2024-10-28T22:26:48.563+0000] {processor.py:925} INFO - DAG(s) 'nba_data_pipeline' retrieved from /opt/airflow/dags/nba_data_pipeline.py
[2024-10-28T22:26:48.602+0000] {logging_mixin.py:190} INFO - [2024-10-28T22:26:48.602+0000] {dag.py:3229} INFO - Sync 1 DAGs
[2024-10-28T22:26:48.638+0000] {logging_mixin.py:190} INFO - [2024-10-28T22:26:48.637+0000] {dag.py:4156} INFO - Setting next_dagrun for nba_data_pipeline to 2024-10-28 00:00:00+00:00, run_after=2024-10-29 00:00:00+00:00
[2024-10-28T22:26:48.663+0000] {processor.py:208} INFO - Processing /opt/airflow/dags/nba_data_pipeline.py took 0.129 seconds
[2024-10-28T22:27:18.915+0000] {processor.py:186} INFO - Started process (PID=1452) to work on /opt/airflow/dags/nba_data_pipeline.py
[2024-10-28T22:27:18.917+0000] {processor.py:914} INFO - Processing file /opt/airflow/dags/nba_data_pipeline.py for tasks to queue
[2024-10-28T22:27:18.921+0000] {logging_mixin.py:190} INFO - [2024-10-28T22:27:18.920+0000] {dagbag.py:587} INFO - Filling up the DagBag from /opt/airflow/dags/nba_data_pipeline.py
[2024-10-28T22:27:18.934+0000] {processor.py:925} INFO - DAG(s) 'nba_data_pipeline' retrieved from /opt/airflow/dags/nba_data_pipeline.py
[2024-10-28T22:27:18.971+0000] {logging_mixin.py:190} INFO - [2024-10-28T22:27:18.971+0000] {dag.py:3229} INFO - Sync 1 DAGs
[2024-10-28T22:27:19.006+0000] {logging_mixin.py:190} INFO - [2024-10-28T22:27:19.006+0000] {dag.py:4156} INFO - Setting next_dagrun for nba_data_pipeline to 2024-10-28 00:00:00+00:00, run_after=2024-10-29 00:00:00+00:00
[2024-10-28T22:27:19.030+0000] {processor.py:208} INFO - Processing /opt/airflow/dags/nba_data_pipeline.py took 0.124 seconds
[2024-10-28T22:27:49.186+0000] {processor.py:186} INFO - Started process (PID=1457) to work on /opt/airflow/dags/nba_data_pipeline.py
[2024-10-28T22:27:49.187+0000] {processor.py:914} INFO - Processing file /opt/airflow/dags/nba_data_pipeline.py for tasks to queue
[2024-10-28T22:27:49.192+0000] {logging_mixin.py:190} INFO - [2024-10-28T22:27:49.191+0000] {dagbag.py:587} INFO - Filling up the DagBag from /opt/airflow/dags/nba_data_pipeline.py
[2024-10-28T22:27:49.206+0000] {processor.py:925} INFO - DAG(s) 'nba_data_pipeline' retrieved from /opt/airflow/dags/nba_data_pipeline.py
[2024-10-28T22:27:49.245+0000] {logging_mixin.py:190} INFO - [2024-10-28T22:27:49.244+0000] {dag.py:3229} INFO - Sync 1 DAGs
[2024-10-28T22:27:49.278+0000] {logging_mixin.py:190} INFO - [2024-10-28T22:27:49.278+0000] {dag.py:4156} INFO - Setting next_dagrun for nba_data_pipeline to 2024-10-28 00:00:00+00:00, run_after=2024-10-29 00:00:00+00:00
[2024-10-28T22:27:49.301+0000] {processor.py:208} INFO - Processing /opt/airflow/dags/nba_data_pipeline.py took 0.127 seconds
[2024-10-28T22:28:19.561+0000] {processor.py:186} INFO - Started process (PID=1462) to work on /opt/airflow/dags/nba_data_pipeline.py
[2024-10-28T22:28:19.562+0000] {processor.py:914} INFO - Processing file /opt/airflow/dags/nba_data_pipeline.py for tasks to queue
[2024-10-28T22:28:19.566+0000] {logging_mixin.py:190} INFO - [2024-10-28T22:28:19.565+0000] {dagbag.py:587} INFO - Filling up the DagBag from /opt/airflow/dags/nba_data_pipeline.py
[2024-10-28T22:28:19.579+0000] {processor.py:925} INFO - DAG(s) 'nba_data_pipeline' retrieved from /opt/airflow/dags/nba_data_pipeline.py
[2024-10-28T22:28:19.616+0000] {logging_mixin.py:190} INFO - [2024-10-28T22:28:19.616+0000] {dag.py:3229} INFO - Sync 1 DAGs
[2024-10-28T22:28:19.653+0000] {logging_mixin.py:190} INFO - [2024-10-28T22:28:19.652+0000] {dag.py:4156} INFO - Setting next_dagrun for nba_data_pipeline to 2024-10-28 00:00:00+00:00, run_after=2024-10-29 00:00:00+00:00
[2024-10-28T22:28:19.681+0000] {processor.py:208} INFO - Processing /opt/airflow/dags/nba_data_pipeline.py took 0.130 seconds
[2024-10-28T22:28:49.826+0000] {processor.py:186} INFO - Started process (PID=1467) to work on /opt/airflow/dags/nba_data_pipeline.py
[2024-10-28T22:28:49.827+0000] {processor.py:914} INFO - Processing file /opt/airflow/dags/nba_data_pipeline.py for tasks to queue
[2024-10-28T22:28:49.830+0000] {logging_mixin.py:190} INFO - [2024-10-28T22:28:49.830+0000] {dagbag.py:587} INFO - Filling up the DagBag from /opt/airflow/dags/nba_data_pipeline.py
[2024-10-28T22:28:49.844+0000] {processor.py:925} INFO - DAG(s) 'nba_data_pipeline' retrieved from /opt/airflow/dags/nba_data_pipeline.py
[2024-10-28T22:28:49.881+0000] {logging_mixin.py:190} INFO - [2024-10-28T22:28:49.881+0000] {dag.py:3229} INFO - Sync 1 DAGs
[2024-10-28T22:28:49.916+0000] {logging_mixin.py:190} INFO - [2024-10-28T22:28:49.915+0000] {dag.py:4156} INFO - Setting next_dagrun for nba_data_pipeline to 2024-10-28 00:00:00+00:00, run_after=2024-10-29 00:00:00+00:00
[2024-10-28T22:28:49.941+0000] {processor.py:208} INFO - Processing /opt/airflow/dags/nba_data_pipeline.py took 0.126 seconds
[2024-10-28T22:29:20.214+0000] {processor.py:186} INFO - Started process (PID=1472) to work on /opt/airflow/dags/nba_data_pipeline.py
[2024-10-28T22:29:20.216+0000] {processor.py:914} INFO - Processing file /opt/airflow/dags/nba_data_pipeline.py for tasks to queue
[2024-10-28T22:29:20.219+0000] {logging_mixin.py:190} INFO - [2024-10-28T22:29:20.219+0000] {dagbag.py:587} INFO - Filling up the DagBag from /opt/airflow/dags/nba_data_pipeline.py
[2024-10-28T22:29:20.232+0000] {processor.py:925} INFO - DAG(s) 'nba_data_pipeline' retrieved from /opt/airflow/dags/nba_data_pipeline.py
[2024-10-28T22:29:20.270+0000] {logging_mixin.py:190} INFO - [2024-10-28T22:29:20.270+0000] {dag.py:3229} INFO - Sync 1 DAGs
[2024-10-28T22:29:20.303+0000] {logging_mixin.py:190} INFO - [2024-10-28T22:29:20.303+0000] {dag.py:4156} INFO - Setting next_dagrun for nba_data_pipeline to 2024-10-28 00:00:00+00:00, run_after=2024-10-29 00:00:00+00:00
[2024-10-28T22:29:20.326+0000] {processor.py:208} INFO - Processing /opt/airflow/dags/nba_data_pipeline.py took 0.123 seconds
[2024-10-28T22:29:50.481+0000] {processor.py:186} INFO - Started process (PID=1477) to work on /opt/airflow/dags/nba_data_pipeline.py
[2024-10-28T22:29:50.482+0000] {processor.py:914} INFO - Processing file /opt/airflow/dags/nba_data_pipeline.py for tasks to queue
[2024-10-28T22:29:50.486+0000] {logging_mixin.py:190} INFO - [2024-10-28T22:29:50.485+0000] {dagbag.py:587} INFO - Filling up the DagBag from /opt/airflow/dags/nba_data_pipeline.py
[2024-10-28T22:29:50.500+0000] {processor.py:925} INFO - DAG(s) 'nba_data_pipeline' retrieved from /opt/airflow/dags/nba_data_pipeline.py
[2024-10-28T22:29:50.538+0000] {logging_mixin.py:190} INFO - [2024-10-28T22:29:50.538+0000] {dag.py:3229} INFO - Sync 1 DAGs
[2024-10-28T22:29:50.574+0000] {logging_mixin.py:190} INFO - [2024-10-28T22:29:50.574+0000] {dag.py:4156} INFO - Setting next_dagrun for nba_data_pipeline to 2024-10-28 00:00:00+00:00, run_after=2024-10-29 00:00:00+00:00
[2024-10-28T22:29:50.596+0000] {processor.py:208} INFO - Processing /opt/airflow/dags/nba_data_pipeline.py took 0.125 seconds
[2024-10-28T22:30:20.873+0000] {processor.py:186} INFO - Started process (PID=1482) to work on /opt/airflow/dags/nba_data_pipeline.py
[2024-10-28T22:30:20.874+0000] {processor.py:914} INFO - Processing file /opt/airflow/dags/nba_data_pipeline.py for tasks to queue
[2024-10-28T22:30:20.877+0000] {logging_mixin.py:190} INFO - [2024-10-28T22:30:20.877+0000] {dagbag.py:587} INFO - Filling up the DagBag from /opt/airflow/dags/nba_data_pipeline.py
[2024-10-28T22:30:20.891+0000] {processor.py:925} INFO - DAG(s) 'nba_data_pipeline' retrieved from /opt/airflow/dags/nba_data_pipeline.py
[2024-10-28T22:30:20.925+0000] {logging_mixin.py:190} INFO - [2024-10-28T22:30:20.925+0000] {dag.py:3229} INFO - Sync 1 DAGs
[2024-10-28T22:30:20.959+0000] {logging_mixin.py:190} INFO - [2024-10-28T22:30:20.958+0000] {dag.py:4156} INFO - Setting next_dagrun for nba_data_pipeline to 2024-10-28 00:00:00+00:00, run_after=2024-10-29 00:00:00+00:00
[2024-10-28T22:30:20.982+0000] {processor.py:208} INFO - Processing /opt/airflow/dags/nba_data_pipeline.py took 0.120 seconds
[2024-10-28T22:30:51.144+0000] {processor.py:186} INFO - Started process (PID=1487) to work on /opt/airflow/dags/nba_data_pipeline.py
[2024-10-28T22:30:51.146+0000] {processor.py:914} INFO - Processing file /opt/airflow/dags/nba_data_pipeline.py for tasks to queue
[2024-10-28T22:30:51.150+0000] {logging_mixin.py:190} INFO - [2024-10-28T22:30:51.149+0000] {dagbag.py:587} INFO - Filling up the DagBag from /opt/airflow/dags/nba_data_pipeline.py
[2024-10-28T22:30:51.163+0000] {processor.py:925} INFO - DAG(s) 'nba_data_pipeline' retrieved from /opt/airflow/dags/nba_data_pipeline.py
[2024-10-28T22:30:51.201+0000] {logging_mixin.py:190} INFO - [2024-10-28T22:30:51.201+0000] {dag.py:3229} INFO - Sync 1 DAGs
[2024-10-28T22:30:51.236+0000] {logging_mixin.py:190} INFO - [2024-10-28T22:30:51.235+0000] {dag.py:4156} INFO - Setting next_dagrun for nba_data_pipeline to 2024-10-28 00:00:00+00:00, run_after=2024-10-29 00:00:00+00:00
[2024-10-28T22:30:51.258+0000] {processor.py:208} INFO - Processing /opt/airflow/dags/nba_data_pipeline.py took 0.124 seconds
[2024-10-28T22:31:21.529+0000] {processor.py:186} INFO - Started process (PID=1492) to work on /opt/airflow/dags/nba_data_pipeline.py
[2024-10-28T22:31:21.530+0000] {processor.py:914} INFO - Processing file /opt/airflow/dags/nba_data_pipeline.py for tasks to queue
[2024-10-28T22:31:21.534+0000] {logging_mixin.py:190} INFO - [2024-10-28T22:31:21.533+0000] {dagbag.py:587} INFO - Filling up the DagBag from /opt/airflow/dags/nba_data_pipeline.py
[2024-10-28T22:31:21.546+0000] {processor.py:925} INFO - DAG(s) 'nba_data_pipeline' retrieved from /opt/airflow/dags/nba_data_pipeline.py
[2024-10-28T22:31:21.584+0000] {logging_mixin.py:190} INFO - [2024-10-28T22:31:21.584+0000] {dag.py:3229} INFO - Sync 1 DAGs
[2024-10-28T22:31:21.616+0000] {logging_mixin.py:190} INFO - [2024-10-28T22:31:21.615+0000] {dag.py:4156} INFO - Setting next_dagrun for nba_data_pipeline to 2024-10-28 00:00:00+00:00, run_after=2024-10-29 00:00:00+00:00
[2024-10-28T22:31:21.637+0000] {processor.py:208} INFO - Processing /opt/airflow/dags/nba_data_pipeline.py took 0.119 seconds
[2024-10-28T22:31:51.803+0000] {processor.py:186} INFO - Started process (PID=1497) to work on /opt/airflow/dags/nba_data_pipeline.py
[2024-10-28T22:31:51.805+0000] {processor.py:914} INFO - Processing file /opt/airflow/dags/nba_data_pipeline.py for tasks to queue
[2024-10-28T22:31:51.808+0000] {logging_mixin.py:190} INFO - [2024-10-28T22:31:51.808+0000] {dagbag.py:587} INFO - Filling up the DagBag from /opt/airflow/dags/nba_data_pipeline.py
[2024-10-28T22:31:51.823+0000] {processor.py:925} INFO - DAG(s) 'nba_data_pipeline' retrieved from /opt/airflow/dags/nba_data_pipeline.py
[2024-10-28T22:31:51.860+0000] {logging_mixin.py:190} INFO - [2024-10-28T22:31:51.859+0000] {dag.py:3229} INFO - Sync 1 DAGs
[2024-10-28T22:31:51.890+0000] {logging_mixin.py:190} INFO - [2024-10-28T22:31:51.890+0000] {dag.py:4156} INFO - Setting next_dagrun for nba_data_pipeline to 2024-10-28 00:00:00+00:00, run_after=2024-10-29 00:00:00+00:00
[2024-10-28T22:31:51.917+0000] {processor.py:208} INFO - Processing /opt/airflow/dags/nba_data_pipeline.py took 0.125 seconds
[2024-10-28T22:32:22.176+0000] {processor.py:186} INFO - Started process (PID=1502) to work on /opt/airflow/dags/nba_data_pipeline.py
[2024-10-28T22:32:22.178+0000] {processor.py:914} INFO - Processing file /opt/airflow/dags/nba_data_pipeline.py for tasks to queue
[2024-10-28T22:32:22.182+0000] {logging_mixin.py:190} INFO - [2024-10-28T22:32:22.181+0000] {dagbag.py:587} INFO - Filling up the DagBag from /opt/airflow/dags/nba_data_pipeline.py
[2024-10-28T22:32:22.196+0000] {processor.py:925} INFO - DAG(s) 'nba_data_pipeline' retrieved from /opt/airflow/dags/nba_data_pipeline.py
[2024-10-28T22:32:22.233+0000] {logging_mixin.py:190} INFO - [2024-10-28T22:32:22.232+0000] {dag.py:3229} INFO - Sync 1 DAGs
[2024-10-28T22:32:22.266+0000] {logging_mixin.py:190} INFO - [2024-10-28T22:32:22.266+0000] {dag.py:4156} INFO - Setting next_dagrun for nba_data_pipeline to 2024-10-28 00:00:00+00:00, run_after=2024-10-29 00:00:00+00:00
[2024-10-28T22:32:22.290+0000] {processor.py:208} INFO - Processing /opt/airflow/dags/nba_data_pipeline.py took 0.124 seconds
[2024-10-28T22:32:52.442+0000] {processor.py:186} INFO - Started process (PID=1507) to work on /opt/airflow/dags/nba_data_pipeline.py
[2024-10-28T22:32:52.443+0000] {processor.py:914} INFO - Processing file /opt/airflow/dags/nba_data_pipeline.py for tasks to queue
[2024-10-28T22:32:52.446+0000] {logging_mixin.py:190} INFO - [2024-10-28T22:32:52.446+0000] {dagbag.py:587} INFO - Filling up the DagBag from /opt/airflow/dags/nba_data_pipeline.py
[2024-10-28T22:32:52.460+0000] {processor.py:925} INFO - DAG(s) 'nba_data_pipeline' retrieved from /opt/airflow/dags/nba_data_pipeline.py
[2024-10-28T22:32:52.500+0000] {logging_mixin.py:190} INFO - [2024-10-28T22:32:52.499+0000] {dag.py:3229} INFO - Sync 1 DAGs
[2024-10-28T22:32:52.531+0000] {logging_mixin.py:190} INFO - [2024-10-28T22:32:52.531+0000] {dag.py:4156} INFO - Setting next_dagrun for nba_data_pipeline to 2024-10-28 00:00:00+00:00, run_after=2024-10-29 00:00:00+00:00
[2024-10-28T22:32:52.553+0000] {processor.py:208} INFO - Processing /opt/airflow/dags/nba_data_pipeline.py took 0.123 seconds
[2024-10-28T22:33:22.810+0000] {processor.py:186} INFO - Started process (PID=1512) to work on /opt/airflow/dags/nba_data_pipeline.py
[2024-10-28T22:33:22.811+0000] {processor.py:914} INFO - Processing file /opt/airflow/dags/nba_data_pipeline.py for tasks to queue
[2024-10-28T22:33:22.814+0000] {logging_mixin.py:190} INFO - [2024-10-28T22:33:22.814+0000] {dagbag.py:587} INFO - Filling up the DagBag from /opt/airflow/dags/nba_data_pipeline.py
[2024-10-28T22:33:22.828+0000] {processor.py:925} INFO - DAG(s) 'nba_data_pipeline' retrieved from /opt/airflow/dags/nba_data_pipeline.py
[2024-10-28T22:33:22.867+0000] {logging_mixin.py:190} INFO - [2024-10-28T22:33:22.867+0000] {dag.py:3229} INFO - Sync 1 DAGs
[2024-10-28T22:33:22.897+0000] {logging_mixin.py:190} INFO - [2024-10-28T22:33:22.897+0000] {dag.py:4156} INFO - Setting next_dagrun for nba_data_pipeline to 2024-10-28 00:00:00+00:00, run_after=2024-10-29 00:00:00+00:00
[2024-10-28T22:33:22.924+0000] {processor.py:208} INFO - Processing /opt/airflow/dags/nba_data_pipeline.py took 0.124 seconds
[2024-10-28T22:33:53.075+0000] {processor.py:186} INFO - Started process (PID=1517) to work on /opt/airflow/dags/nba_data_pipeline.py
[2024-10-28T22:33:53.076+0000] {processor.py:914} INFO - Processing file /opt/airflow/dags/nba_data_pipeline.py for tasks to queue
[2024-10-28T22:33:53.081+0000] {logging_mixin.py:190} INFO - [2024-10-28T22:33:53.081+0000] {dagbag.py:587} INFO - Filling up the DagBag from /opt/airflow/dags/nba_data_pipeline.py
[2024-10-28T22:33:53.096+0000] {processor.py:925} INFO - DAG(s) 'nba_data_pipeline' retrieved from /opt/airflow/dags/nba_data_pipeline.py
[2024-10-28T22:33:53.134+0000] {logging_mixin.py:190} INFO - [2024-10-28T22:33:53.133+0000] {dag.py:3229} INFO - Sync 1 DAGs
[2024-10-28T22:33:53.168+0000] {logging_mixin.py:190} INFO - [2024-10-28T22:33:53.167+0000] {dag.py:4156} INFO - Setting next_dagrun for nba_data_pipeline to 2024-10-28 00:00:00+00:00, run_after=2024-10-29 00:00:00+00:00
[2024-10-28T22:33:53.188+0000] {processor.py:208} INFO - Processing /opt/airflow/dags/nba_data_pipeline.py took 0.124 seconds
[2024-10-28T22:34:23.452+0000] {processor.py:186} INFO - Started process (PID=1522) to work on /opt/airflow/dags/nba_data_pipeline.py
[2024-10-28T22:34:23.454+0000] {processor.py:914} INFO - Processing file /opt/airflow/dags/nba_data_pipeline.py for tasks to queue
[2024-10-28T22:34:23.458+0000] {logging_mixin.py:190} INFO - [2024-10-28T22:34:23.457+0000] {dagbag.py:587} INFO - Filling up the DagBag from /opt/airflow/dags/nba_data_pipeline.py
[2024-10-28T22:34:23.471+0000] {processor.py:925} INFO - DAG(s) 'nba_data_pipeline' retrieved from /opt/airflow/dags/nba_data_pipeline.py
[2024-10-28T22:34:23.507+0000] {logging_mixin.py:190} INFO - [2024-10-28T22:34:23.506+0000] {dag.py:3229} INFO - Sync 1 DAGs
[2024-10-28T22:34:23.542+0000] {logging_mixin.py:190} INFO - [2024-10-28T22:34:23.542+0000] {dag.py:4156} INFO - Setting next_dagrun for nba_data_pipeline to 2024-10-28 00:00:00+00:00, run_after=2024-10-29 00:00:00+00:00
[2024-10-28T22:34:23.566+0000] {processor.py:208} INFO - Processing /opt/airflow/dags/nba_data_pipeline.py took 0.125 seconds
[2024-10-28T22:34:53.721+0000] {processor.py:186} INFO - Started process (PID=1527) to work on /opt/airflow/dags/nba_data_pipeline.py
[2024-10-28T22:34:53.722+0000] {processor.py:914} INFO - Processing file /opt/airflow/dags/nba_data_pipeline.py for tasks to queue
[2024-10-28T22:34:53.727+0000] {logging_mixin.py:190} INFO - [2024-10-28T22:34:53.726+0000] {dagbag.py:587} INFO - Filling up the DagBag from /opt/airflow/dags/nba_data_pipeline.py
[2024-10-28T22:34:53.741+0000] {processor.py:925} INFO - DAG(s) 'nba_data_pipeline' retrieved from /opt/airflow/dags/nba_data_pipeline.py
[2024-10-28T22:34:53.777+0000] {logging_mixin.py:190} INFO - [2024-10-28T22:34:53.777+0000] {dag.py:3229} INFO - Sync 1 DAGs
[2024-10-28T22:34:53.812+0000] {logging_mixin.py:190} INFO - [2024-10-28T22:34:53.812+0000] {dag.py:4156} INFO - Setting next_dagrun for nba_data_pipeline to 2024-10-28 00:00:00+00:00, run_after=2024-10-29 00:00:00+00:00
[2024-10-28T22:34:53.838+0000] {processor.py:208} INFO - Processing /opt/airflow/dags/nba_data_pipeline.py took 0.127 seconds
[2024-10-28T22:35:24.123+0000] {processor.py:186} INFO - Started process (PID=1532) to work on /opt/airflow/dags/nba_data_pipeline.py
[2024-10-28T22:35:24.125+0000] {processor.py:914} INFO - Processing file /opt/airflow/dags/nba_data_pipeline.py for tasks to queue
[2024-10-28T22:35:24.128+0000] {logging_mixin.py:190} INFO - [2024-10-28T22:35:24.127+0000] {dagbag.py:587} INFO - Filling up the DagBag from /opt/airflow/dags/nba_data_pipeline.py
[2024-10-28T22:35:24.141+0000] {processor.py:925} INFO - DAG(s) 'nba_data_pipeline' retrieved from /opt/airflow/dags/nba_data_pipeline.py
[2024-10-28T22:35:24.180+0000] {logging_mixin.py:190} INFO - [2024-10-28T22:35:24.180+0000] {dag.py:3229} INFO - Sync 1 DAGs
[2024-10-28T22:35:24.213+0000] {logging_mixin.py:190} INFO - [2024-10-28T22:35:24.213+0000] {dag.py:4156} INFO - Setting next_dagrun for nba_data_pipeline to 2024-10-28 00:00:00+00:00, run_after=2024-10-29 00:00:00+00:00
[2024-10-28T22:35:24.235+0000] {processor.py:208} INFO - Processing /opt/airflow/dags/nba_data_pipeline.py took 0.122 seconds
[2024-10-28T22:35:54.390+0000] {processor.py:186} INFO - Started process (PID=1537) to work on /opt/airflow/dags/nba_data_pipeline.py
[2024-10-28T22:35:54.391+0000] {processor.py:914} INFO - Processing file /opt/airflow/dags/nba_data_pipeline.py for tasks to queue
[2024-10-28T22:35:54.394+0000] {logging_mixin.py:190} INFO - [2024-10-28T22:35:54.394+0000] {dagbag.py:587} INFO - Filling up the DagBag from /opt/airflow/dags/nba_data_pipeline.py
[2024-10-28T22:35:54.408+0000] {processor.py:925} INFO - DAG(s) 'nba_data_pipeline' retrieved from /opt/airflow/dags/nba_data_pipeline.py
[2024-10-28T22:35:54.445+0000] {logging_mixin.py:190} INFO - [2024-10-28T22:35:54.445+0000] {dag.py:3229} INFO - Sync 1 DAGs
[2024-10-28T22:35:54.479+0000] {logging_mixin.py:190} INFO - [2024-10-28T22:35:54.478+0000] {dag.py:4156} INFO - Setting next_dagrun for nba_data_pipeline to 2024-10-28 00:00:00+00:00, run_after=2024-10-29 00:00:00+00:00
[2024-10-28T22:35:54.504+0000] {processor.py:208} INFO - Processing /opt/airflow/dags/nba_data_pipeline.py took 0.125 seconds
[2024-10-28T22:36:24.784+0000] {processor.py:186} INFO - Started process (PID=1542) to work on /opt/airflow/dags/nba_data_pipeline.py
[2024-10-28T22:36:24.785+0000] {processor.py:914} INFO - Processing file /opt/airflow/dags/nba_data_pipeline.py for tasks to queue
[2024-10-28T22:36:24.788+0000] {logging_mixin.py:190} INFO - [2024-10-28T22:36:24.788+0000] {dagbag.py:587} INFO - Filling up the DagBag from /opt/airflow/dags/nba_data_pipeline.py
[2024-10-28T22:36:24.802+0000] {processor.py:925} INFO - DAG(s) 'nba_data_pipeline' retrieved from /opt/airflow/dags/nba_data_pipeline.py
[2024-10-28T22:36:24.843+0000] {logging_mixin.py:190} INFO - [2024-10-28T22:36:24.843+0000] {dag.py:3229} INFO - Sync 1 DAGs
[2024-10-28T22:36:24.875+0000] {logging_mixin.py:190} INFO - [2024-10-28T22:36:24.875+0000] {dag.py:4156} INFO - Setting next_dagrun for nba_data_pipeline to 2024-10-28 00:00:00+00:00, run_after=2024-10-29 00:00:00+00:00
[2024-10-28T22:36:24.898+0000] {processor.py:208} INFO - Processing /opt/airflow/dags/nba_data_pipeline.py took 0.125 seconds
[2024-10-28T22:36:55.057+0000] {processor.py:186} INFO - Started process (PID=1547) to work on /opt/airflow/dags/nba_data_pipeline.py
[2024-10-28T22:36:55.059+0000] {processor.py:914} INFO - Processing file /opt/airflow/dags/nba_data_pipeline.py for tasks to queue
[2024-10-28T22:36:55.064+0000] {logging_mixin.py:190} INFO - [2024-10-28T22:36:55.064+0000] {dagbag.py:587} INFO - Filling up the DagBag from /opt/airflow/dags/nba_data_pipeline.py
[2024-10-28T22:36:55.077+0000] {processor.py:925} INFO - DAG(s) 'nba_data_pipeline' retrieved from /opt/airflow/dags/nba_data_pipeline.py
[2024-10-28T22:36:55.113+0000] {logging_mixin.py:190} INFO - [2024-10-28T22:36:55.112+0000] {dag.py:3229} INFO - Sync 1 DAGs
[2024-10-28T22:36:55.150+0000] {logging_mixin.py:190} INFO - [2024-10-28T22:36:55.149+0000] {dag.py:4156} INFO - Setting next_dagrun for nba_data_pipeline to 2024-10-28 00:00:00+00:00, run_after=2024-10-29 00:00:00+00:00
[2024-10-28T22:36:55.171+0000] {processor.py:208} INFO - Processing /opt/airflow/dags/nba_data_pipeline.py took 0.125 seconds
[2024-10-28T22:37:25.407+0000] {processor.py:186} INFO - Started process (PID=1552) to work on /opt/airflow/dags/nba_data_pipeline.py
[2024-10-28T22:37:25.408+0000] {processor.py:914} INFO - Processing file /opt/airflow/dags/nba_data_pipeline.py for tasks to queue
[2024-10-28T22:37:25.413+0000] {logging_mixin.py:190} INFO - [2024-10-28T22:37:25.412+0000] {dagbag.py:587} INFO - Filling up the DagBag from /opt/airflow/dags/nba_data_pipeline.py
[2024-10-28T22:37:25.427+0000] {processor.py:925} INFO - DAG(s) 'nba_data_pipeline' retrieved from /opt/airflow/dags/nba_data_pipeline.py
[2024-10-28T22:37:25.462+0000] {logging_mixin.py:190} INFO - [2024-10-28T22:37:25.462+0000] {dag.py:3229} INFO - Sync 1 DAGs
[2024-10-28T22:37:25.495+0000] {logging_mixin.py:190} INFO - [2024-10-28T22:37:25.495+0000] {dag.py:4156} INFO - Setting next_dagrun for nba_data_pipeline to 2024-10-28 00:00:00+00:00, run_after=2024-10-29 00:00:00+00:00
[2024-10-28T22:37:25.520+0000] {processor.py:208} INFO - Processing /opt/airflow/dags/nba_data_pipeline.py took 0.123 seconds
[2024-10-28T22:37:55.676+0000] {processor.py:186} INFO - Started process (PID=1557) to work on /opt/airflow/dags/nba_data_pipeline.py
[2024-10-28T22:37:55.678+0000] {processor.py:914} INFO - Processing file /opt/airflow/dags/nba_data_pipeline.py for tasks to queue
[2024-10-28T22:37:55.682+0000] {logging_mixin.py:190} INFO - [2024-10-28T22:37:55.682+0000] {dagbag.py:587} INFO - Filling up the DagBag from /opt/airflow/dags/nba_data_pipeline.py
[2024-10-28T22:37:55.696+0000] {processor.py:925} INFO - DAG(s) 'nba_data_pipeline' retrieved from /opt/airflow/dags/nba_data_pipeline.py
[2024-10-28T22:37:55.734+0000] {logging_mixin.py:190} INFO - [2024-10-28T22:37:55.734+0000] {dag.py:3229} INFO - Sync 1 DAGs
[2024-10-28T22:37:55.767+0000] {logging_mixin.py:190} INFO - [2024-10-28T22:37:55.767+0000] {dag.py:4156} INFO - Setting next_dagrun for nba_data_pipeline to 2024-10-28 00:00:00+00:00, run_after=2024-10-29 00:00:00+00:00
[2024-10-28T22:37:55.792+0000] {processor.py:208} INFO - Processing /opt/airflow/dags/nba_data_pipeline.py took 0.127 seconds
[2024-10-28T22:38:26.035+0000] {processor.py:186} INFO - Started process (PID=1562) to work on /opt/airflow/dags/nba_data_pipeline.py
[2024-10-28T22:38:26.036+0000] {processor.py:914} INFO - Processing file /opt/airflow/dags/nba_data_pipeline.py for tasks to queue
[2024-10-28T22:38:26.039+0000] {logging_mixin.py:190} INFO - [2024-10-28T22:38:26.039+0000] {dagbag.py:587} INFO - Filling up the DagBag from /opt/airflow/dags/nba_data_pipeline.py
[2024-10-28T22:38:26.052+0000] {processor.py:925} INFO - DAG(s) 'nba_data_pipeline' retrieved from /opt/airflow/dags/nba_data_pipeline.py
[2024-10-28T22:38:26.086+0000] {logging_mixin.py:190} INFO - [2024-10-28T22:38:26.086+0000] {dag.py:3229} INFO - Sync 1 DAGs
[2024-10-28T22:38:26.120+0000] {logging_mixin.py:190} INFO - [2024-10-28T22:38:26.119+0000] {dag.py:4156} INFO - Setting next_dagrun for nba_data_pipeline to 2024-10-28 00:00:00+00:00, run_after=2024-10-29 00:00:00+00:00
[2024-10-28T22:38:26.142+0000] {processor.py:208} INFO - Processing /opt/airflow/dags/nba_data_pipeline.py took 0.118 seconds
[2024-10-28T22:38:56.294+0000] {processor.py:186} INFO - Started process (PID=1567) to work on /opt/airflow/dags/nba_data_pipeline.py
[2024-10-28T22:38:56.296+0000] {processor.py:914} INFO - Processing file /opt/airflow/dags/nba_data_pipeline.py for tasks to queue
[2024-10-28T22:38:56.299+0000] {logging_mixin.py:190} INFO - [2024-10-28T22:38:56.299+0000] {dagbag.py:587} INFO - Filling up the DagBag from /opt/airflow/dags/nba_data_pipeline.py
[2024-10-28T22:38:56.312+0000] {processor.py:925} INFO - DAG(s) 'nba_data_pipeline' retrieved from /opt/airflow/dags/nba_data_pipeline.py
[2024-10-28T22:38:56.352+0000] {logging_mixin.py:190} INFO - [2024-10-28T22:38:56.352+0000] {dag.py:3229} INFO - Sync 1 DAGs
[2024-10-28T22:38:56.386+0000] {logging_mixin.py:190} INFO - [2024-10-28T22:38:56.385+0000] {dag.py:4156} INFO - Setting next_dagrun for nba_data_pipeline to 2024-10-28 00:00:00+00:00, run_after=2024-10-29 00:00:00+00:00
[2024-10-28T22:38:56.412+0000] {processor.py:208} INFO - Processing /opt/airflow/dags/nba_data_pipeline.py took 0.128 seconds
[2024-10-28T22:39:26.648+0000] {processor.py:186} INFO - Started process (PID=1572) to work on /opt/airflow/dags/nba_data_pipeline.py
[2024-10-28T22:39:26.649+0000] {processor.py:914} INFO - Processing file /opt/airflow/dags/nba_data_pipeline.py for tasks to queue
[2024-10-28T22:39:26.653+0000] {logging_mixin.py:190} INFO - [2024-10-28T22:39:26.652+0000] {dagbag.py:587} INFO - Filling up the DagBag from /opt/airflow/dags/nba_data_pipeline.py
[2024-10-28T22:39:26.667+0000] {processor.py:925} INFO - DAG(s) 'nba_data_pipeline' retrieved from /opt/airflow/dags/nba_data_pipeline.py
[2024-10-28T22:39:26.703+0000] {logging_mixin.py:190} INFO - [2024-10-28T22:39:26.703+0000] {dag.py:3229} INFO - Sync 1 DAGs
[2024-10-28T22:39:26.734+0000] {logging_mixin.py:190} INFO - [2024-10-28T22:39:26.734+0000] {dag.py:4156} INFO - Setting next_dagrun for nba_data_pipeline to 2024-10-28 00:00:00+00:00, run_after=2024-10-29 00:00:00+00:00
[2024-10-28T22:39:26.760+0000] {processor.py:208} INFO - Processing /opt/airflow/dags/nba_data_pipeline.py took 0.122 seconds
[2024-10-28T22:39:56.905+0000] {processor.py:186} INFO - Started process (PID=1577) to work on /opt/airflow/dags/nba_data_pipeline.py
[2024-10-28T22:39:56.907+0000] {processor.py:914} INFO - Processing file /opt/airflow/dags/nba_data_pipeline.py for tasks to queue
[2024-10-28T22:39:56.911+0000] {logging_mixin.py:190} INFO - [2024-10-28T22:39:56.910+0000] {dagbag.py:587} INFO - Filling up the DagBag from /opt/airflow/dags/nba_data_pipeline.py
[2024-10-28T22:39:56.925+0000] {processor.py:925} INFO - DAG(s) 'nba_data_pipeline' retrieved from /opt/airflow/dags/nba_data_pipeline.py
[2024-10-28T22:39:56.963+0000] {logging_mixin.py:190} INFO - [2024-10-28T22:39:56.963+0000] {dag.py:3229} INFO - Sync 1 DAGs
[2024-10-28T22:39:56.997+0000] {logging_mixin.py:190} INFO - [2024-10-28T22:39:56.996+0000] {dag.py:4156} INFO - Setting next_dagrun for nba_data_pipeline to 2024-10-28 00:00:00+00:00, run_after=2024-10-29 00:00:00+00:00
[2024-10-28T22:39:57.024+0000] {processor.py:208} INFO - Processing /opt/airflow/dags/nba_data_pipeline.py took 0.130 seconds
[2024-10-28T22:40:27.296+0000] {processor.py:186} INFO - Started process (PID=1582) to work on /opt/airflow/dags/nba_data_pipeline.py
[2024-10-28T22:40:27.297+0000] {processor.py:914} INFO - Processing file /opt/airflow/dags/nba_data_pipeline.py for tasks to queue
[2024-10-28T22:40:27.301+0000] {logging_mixin.py:190} INFO - [2024-10-28T22:40:27.300+0000] {dagbag.py:587} INFO - Filling up the DagBag from /opt/airflow/dags/nba_data_pipeline.py
[2024-10-28T22:40:27.314+0000] {processor.py:925} INFO - DAG(s) 'nba_data_pipeline' retrieved from /opt/airflow/dags/nba_data_pipeline.py
[2024-10-28T22:40:27.351+0000] {logging_mixin.py:190} INFO - [2024-10-28T22:40:27.350+0000] {dag.py:3229} INFO - Sync 1 DAGs
[2024-10-28T22:40:27.383+0000] {logging_mixin.py:190} INFO - [2024-10-28T22:40:27.383+0000] {dag.py:4156} INFO - Setting next_dagrun for nba_data_pipeline to 2024-10-28 00:00:00+00:00, run_after=2024-10-29 00:00:00+00:00
[2024-10-28T22:40:27.409+0000] {processor.py:208} INFO - Processing /opt/airflow/dags/nba_data_pipeline.py took 0.123 seconds
[2024-10-28T22:40:57.557+0000] {processor.py:186} INFO - Started process (PID=1587) to work on /opt/airflow/dags/nba_data_pipeline.py
[2024-10-28T22:40:57.558+0000] {processor.py:914} INFO - Processing file /opt/airflow/dags/nba_data_pipeline.py for tasks to queue
[2024-10-28T22:40:57.562+0000] {logging_mixin.py:190} INFO - [2024-10-28T22:40:57.562+0000] {dagbag.py:587} INFO - Filling up the DagBag from /opt/airflow/dags/nba_data_pipeline.py
[2024-10-28T22:40:57.576+0000] {processor.py:925} INFO - DAG(s) 'nba_data_pipeline' retrieved from /opt/airflow/dags/nba_data_pipeline.py
[2024-10-28T22:40:57.615+0000] {logging_mixin.py:190} INFO - [2024-10-28T22:40:57.615+0000] {dag.py:3229} INFO - Sync 1 DAGs
[2024-10-28T22:40:57.649+0000] {logging_mixin.py:190} INFO - [2024-10-28T22:40:57.649+0000] {dag.py:4156} INFO - Setting next_dagrun for nba_data_pipeline to 2024-10-28 00:00:00+00:00, run_after=2024-10-29 00:00:00+00:00
[2024-10-28T22:40:57.675+0000] {processor.py:208} INFO - Processing /opt/airflow/dags/nba_data_pipeline.py took 0.129 seconds
[2024-10-28T22:41:27.962+0000] {processor.py:186} INFO - Started process (PID=1592) to work on /opt/airflow/dags/nba_data_pipeline.py
[2024-10-28T22:41:27.964+0000] {processor.py:914} INFO - Processing file /opt/airflow/dags/nba_data_pipeline.py for tasks to queue
[2024-10-28T22:41:27.967+0000] {logging_mixin.py:190} INFO - [2024-10-28T22:41:27.967+0000] {dagbag.py:587} INFO - Filling up the DagBag from /opt/airflow/dags/nba_data_pipeline.py
[2024-10-28T22:41:27.980+0000] {processor.py:925} INFO - DAG(s) 'nba_data_pipeline' retrieved from /opt/airflow/dags/nba_data_pipeline.py
[2024-10-28T22:41:28.014+0000] {logging_mixin.py:190} INFO - [2024-10-28T22:41:28.014+0000] {dag.py:3229} INFO - Sync 1 DAGs
[2024-10-28T22:41:28.050+0000] {logging_mixin.py:190} INFO - [2024-10-28T22:41:28.049+0000] {dag.py:4156} INFO - Setting next_dagrun for nba_data_pipeline to 2024-10-28 00:00:00+00:00, run_after=2024-10-29 00:00:00+00:00
[2024-10-28T22:41:28.074+0000] {processor.py:208} INFO - Processing /opt/airflow/dags/nba_data_pipeline.py took 0.122 seconds
[2024-10-28T22:41:58.235+0000] {processor.py:186} INFO - Started process (PID=1597) to work on /opt/airflow/dags/nba_data_pipeline.py
[2024-10-28T22:41:58.237+0000] {processor.py:914} INFO - Processing file /opt/airflow/dags/nba_data_pipeline.py for tasks to queue
[2024-10-28T22:41:58.241+0000] {logging_mixin.py:190} INFO - [2024-10-28T22:41:58.240+0000] {dagbag.py:587} INFO - Filling up the DagBag from /opt/airflow/dags/nba_data_pipeline.py
[2024-10-28T22:41:58.255+0000] {processor.py:925} INFO - DAG(s) 'nba_data_pipeline' retrieved from /opt/airflow/dags/nba_data_pipeline.py
[2024-10-28T22:41:58.293+0000] {logging_mixin.py:190} INFO - [2024-10-28T22:41:58.292+0000] {dag.py:3229} INFO - Sync 1 DAGs
[2024-10-28T22:41:58.330+0000] {logging_mixin.py:190} INFO - [2024-10-28T22:41:58.329+0000] {dag.py:4156} INFO - Setting next_dagrun for nba_data_pipeline to 2024-10-28 00:00:00+00:00, run_after=2024-10-29 00:00:00+00:00
[2024-10-28T22:41:58.351+0000] {processor.py:208} INFO - Processing /opt/airflow/dags/nba_data_pipeline.py took 0.127 seconds
[2024-10-28T22:42:28.590+0000] {processor.py:186} INFO - Started process (PID=1602) to work on /opt/airflow/dags/nba_data_pipeline.py
[2024-10-28T22:42:28.591+0000] {processor.py:914} INFO - Processing file /opt/airflow/dags/nba_data_pipeline.py for tasks to queue
[2024-10-28T22:42:28.595+0000] {logging_mixin.py:190} INFO - [2024-10-28T22:42:28.594+0000] {dagbag.py:587} INFO - Filling up the DagBag from /opt/airflow/dags/nba_data_pipeline.py
[2024-10-28T22:42:28.609+0000] {processor.py:925} INFO - DAG(s) 'nba_data_pipeline' retrieved from /opt/airflow/dags/nba_data_pipeline.py
[2024-10-28T22:42:28.645+0000] {logging_mixin.py:190} INFO - [2024-10-28T22:42:28.645+0000] {dag.py:3229} INFO - Sync 1 DAGs
[2024-10-28T22:42:28.677+0000] {logging_mixin.py:190} INFO - [2024-10-28T22:42:28.677+0000] {dag.py:4156} INFO - Setting next_dagrun for nba_data_pipeline to 2024-10-28 00:00:00+00:00, run_after=2024-10-29 00:00:00+00:00
[2024-10-28T22:42:28.703+0000] {processor.py:208} INFO - Processing /opt/airflow/dags/nba_data_pipeline.py took 0.122 seconds
[2024-10-28T22:42:58.868+0000] {processor.py:186} INFO - Started process (PID=1607) to work on /opt/airflow/dags/nba_data_pipeline.py
[2024-10-28T22:42:58.870+0000] {processor.py:914} INFO - Processing file /opt/airflow/dags/nba_data_pipeline.py for tasks to queue
[2024-10-28T22:42:58.873+0000] {logging_mixin.py:190} INFO - [2024-10-28T22:42:58.873+0000] {dagbag.py:587} INFO - Filling up the DagBag from /opt/airflow/dags/nba_data_pipeline.py
[2024-10-28T22:42:58.887+0000] {processor.py:925} INFO - DAG(s) 'nba_data_pipeline' retrieved from /opt/airflow/dags/nba_data_pipeline.py
[2024-10-28T22:42:58.925+0000] {logging_mixin.py:190} INFO - [2024-10-28T22:42:58.925+0000] {dag.py:3229} INFO - Sync 1 DAGs
[2024-10-28T22:42:58.959+0000] {logging_mixin.py:190} INFO - [2024-10-28T22:42:58.958+0000] {dag.py:4156} INFO - Setting next_dagrun for nba_data_pipeline to 2024-10-28 00:00:00+00:00, run_after=2024-10-29 00:00:00+00:00
[2024-10-28T22:42:58.983+0000] {processor.py:208} INFO - Processing /opt/airflow/dags/nba_data_pipeline.py took 0.125 seconds
[2024-10-28T22:43:29.248+0000] {processor.py:186} INFO - Started process (PID=1612) to work on /opt/airflow/dags/nba_data_pipeline.py
[2024-10-28T22:43:29.249+0000] {processor.py:914} INFO - Processing file /opt/airflow/dags/nba_data_pipeline.py for tasks to queue
[2024-10-28T22:43:29.252+0000] {logging_mixin.py:190} INFO - [2024-10-28T22:43:29.252+0000] {dagbag.py:587} INFO - Filling up the DagBag from /opt/airflow/dags/nba_data_pipeline.py
[2024-10-28T22:43:29.267+0000] {processor.py:925} INFO - DAG(s) 'nba_data_pipeline' retrieved from /opt/airflow/dags/nba_data_pipeline.py
[2024-10-28T22:43:29.304+0000] {logging_mixin.py:190} INFO - [2024-10-28T22:43:29.303+0000] {dag.py:3229} INFO - Sync 1 DAGs
[2024-10-28T22:43:29.338+0000] {logging_mixin.py:190} INFO - [2024-10-28T22:43:29.338+0000] {dag.py:4156} INFO - Setting next_dagrun for nba_data_pipeline to 2024-10-28 00:00:00+00:00, run_after=2024-10-29 00:00:00+00:00
[2024-10-28T22:43:29.362+0000] {processor.py:208} INFO - Processing /opt/airflow/dags/nba_data_pipeline.py took 0.124 seconds
[2024-10-28T22:43:59.521+0000] {processor.py:186} INFO - Started process (PID=1617) to work on /opt/airflow/dags/nba_data_pipeline.py
[2024-10-28T22:43:59.523+0000] {processor.py:914} INFO - Processing file /opt/airflow/dags/nba_data_pipeline.py for tasks to queue
[2024-10-28T22:43:59.527+0000] {logging_mixin.py:190} INFO - [2024-10-28T22:43:59.526+0000] {dagbag.py:587} INFO - Filling up the DagBag from /opt/airflow/dags/nba_data_pipeline.py
[2024-10-28T22:43:59.540+0000] {processor.py:925} INFO - DAG(s) 'nba_data_pipeline' retrieved from /opt/airflow/dags/nba_data_pipeline.py
[2024-10-28T22:43:59.579+0000] {logging_mixin.py:190} INFO - [2024-10-28T22:43:59.578+0000] {dag.py:3229} INFO - Sync 1 DAGs
[2024-10-28T22:43:59.609+0000] {logging_mixin.py:190} INFO - [2024-10-28T22:43:59.609+0000] {dag.py:4156} INFO - Setting next_dagrun for nba_data_pipeline to 2024-10-28 00:00:00+00:00, run_after=2024-10-29 00:00:00+00:00
[2024-10-28T22:43:59.631+0000] {processor.py:208} INFO - Processing /opt/airflow/dags/nba_data_pipeline.py took 0.121 seconds
[2024-10-28T22:44:29.886+0000] {processor.py:186} INFO - Started process (PID=1622) to work on /opt/airflow/dags/nba_data_pipeline.py
[2024-10-28T22:44:29.887+0000] {processor.py:914} INFO - Processing file /opt/airflow/dags/nba_data_pipeline.py for tasks to queue
[2024-10-28T22:44:29.891+0000] {logging_mixin.py:190} INFO - [2024-10-28T22:44:29.891+0000] {dagbag.py:587} INFO - Filling up the DagBag from /opt/airflow/dags/nba_data_pipeline.py
[2024-10-28T22:44:29.904+0000] {processor.py:925} INFO - DAG(s) 'nba_data_pipeline' retrieved from /opt/airflow/dags/nba_data_pipeline.py
[2024-10-28T22:44:29.942+0000] {logging_mixin.py:190} INFO - [2024-10-28T22:44:29.942+0000] {dag.py:3229} INFO - Sync 1 DAGs
[2024-10-28T22:44:29.975+0000] {logging_mixin.py:190} INFO - [2024-10-28T22:44:29.975+0000] {dag.py:4156} INFO - Setting next_dagrun for nba_data_pipeline to 2024-10-28 00:00:00+00:00, run_after=2024-10-29 00:00:00+00:00
[2024-10-28T22:44:30.002+0000] {processor.py:208} INFO - Processing /opt/airflow/dags/nba_data_pipeline.py took 0.126 seconds
[2024-10-28T22:45:00.227+0000] {processor.py:186} INFO - Started process (PID=1627) to work on /opt/airflow/dags/nba_data_pipeline.py
[2024-10-28T22:45:00.229+0000] {processor.py:914} INFO - Processing file /opt/airflow/dags/nba_data_pipeline.py for tasks to queue
[2024-10-28T22:45:00.233+0000] {logging_mixin.py:190} INFO - [2024-10-28T22:45:00.233+0000] {dagbag.py:587} INFO - Filling up the DagBag from /opt/airflow/dags/nba_data_pipeline.py
[2024-10-28T22:45:00.247+0000] {processor.py:925} INFO - DAG(s) 'nba_data_pipeline' retrieved from /opt/airflow/dags/nba_data_pipeline.py
[2024-10-28T22:45:00.286+0000] {logging_mixin.py:190} INFO - [2024-10-28T22:45:00.286+0000] {dag.py:3229} INFO - Sync 1 DAGs
[2024-10-28T22:45:00.320+0000] {logging_mixin.py:190} INFO - [2024-10-28T22:45:00.319+0000] {dag.py:4156} INFO - Setting next_dagrun for nba_data_pipeline to 2024-10-28 00:00:00+00:00, run_after=2024-10-29 00:00:00+00:00
[2024-10-28T22:45:00.345+0000] {processor.py:208} INFO - Processing /opt/airflow/dags/nba_data_pipeline.py took 0.130 seconds
[2024-10-28T22:45:30.586+0000] {processor.py:186} INFO - Started process (PID=1632) to work on /opt/airflow/dags/nba_data_pipeline.py
[2024-10-28T22:45:30.587+0000] {processor.py:914} INFO - Processing file /opt/airflow/dags/nba_data_pipeline.py for tasks to queue
[2024-10-28T22:45:30.590+0000] {logging_mixin.py:190} INFO - [2024-10-28T22:45:30.590+0000] {dagbag.py:587} INFO - Filling up the DagBag from /opt/airflow/dags/nba_data_pipeline.py
[2024-10-28T22:45:30.601+0000] {processor.py:925} INFO - DAG(s) 'nba_data_pipeline' retrieved from /opt/airflow/dags/nba_data_pipeline.py
[2024-10-28T22:45:30.629+0000] {logging_mixin.py:190} INFO - [2024-10-28T22:45:30.629+0000] {dag.py:3229} INFO - Sync 1 DAGs
[2024-10-28T22:45:30.656+0000] {logging_mixin.py:190} INFO - [2024-10-28T22:45:30.656+0000] {dag.py:4156} INFO - Setting next_dagrun for nba_data_pipeline to 2024-10-28 00:00:00+00:00, run_after=2024-10-29 00:00:00+00:00
[2024-10-28T22:45:30.674+0000] {processor.py:208} INFO - Processing /opt/airflow/dags/nba_data_pipeline.py took 0.097 seconds
[2024-10-28T22:46:00.886+0000] {processor.py:186} INFO - Started process (PID=1637) to work on /opt/airflow/dags/nba_data_pipeline.py
[2024-10-28T22:46:00.887+0000] {processor.py:914} INFO - Processing file /opt/airflow/dags/nba_data_pipeline.py for tasks to queue
[2024-10-28T22:46:00.891+0000] {logging_mixin.py:190} INFO - [2024-10-28T22:46:00.890+0000] {dagbag.py:587} INFO - Filling up the DagBag from /opt/airflow/dags/nba_data_pipeline.py
[2024-10-28T22:46:00.905+0000] {processor.py:925} INFO - DAG(s) 'nba_data_pipeline' retrieved from /opt/airflow/dags/nba_data_pipeline.py
[2024-10-28T22:46:00.942+0000] {logging_mixin.py:190} INFO - [2024-10-28T22:46:00.942+0000] {dag.py:3229} INFO - Sync 1 DAGs
[2024-10-28T22:46:00.976+0000] {logging_mixin.py:190} INFO - [2024-10-28T22:46:00.976+0000] {dag.py:4156} INFO - Setting next_dagrun for nba_data_pipeline to 2024-10-28 00:00:00+00:00, run_after=2024-10-29 00:00:00+00:00
[2024-10-28T22:46:01.001+0000] {processor.py:208} INFO - Processing /opt/airflow/dags/nba_data_pipeline.py took 0.127 seconds
[2024-10-28T22:46:31.201+0000] {processor.py:186} INFO - Started process (PID=1642) to work on /opt/airflow/dags/nba_data_pipeline.py
[2024-10-28T22:46:31.202+0000] {processor.py:914} INFO - Processing file /opt/airflow/dags/nba_data_pipeline.py for tasks to queue
[2024-10-28T22:46:31.206+0000] {logging_mixin.py:190} INFO - [2024-10-28T22:46:31.205+0000] {dagbag.py:587} INFO - Filling up the DagBag from /opt/airflow/dags/nba_data_pipeline.py
[2024-10-28T22:46:31.219+0000] {processor.py:925} INFO - DAG(s) 'nba_data_pipeline' retrieved from /opt/airflow/dags/nba_data_pipeline.py
[2024-10-28T22:46:31.257+0000] {logging_mixin.py:190} INFO - [2024-10-28T22:46:31.257+0000] {dag.py:3229} INFO - Sync 1 DAGs
[2024-10-28T22:46:31.291+0000] {logging_mixin.py:190} INFO - [2024-10-28T22:46:31.291+0000] {dag.py:4156} INFO - Setting next_dagrun for nba_data_pipeline to 2024-10-28 00:00:00+00:00, run_after=2024-10-29 00:00:00+00:00
[2024-10-28T22:46:31.318+0000] {processor.py:208} INFO - Processing /opt/airflow/dags/nba_data_pipeline.py took 0.128 seconds
[2024-10-28T22:47:01.503+0000] {processor.py:186} INFO - Started process (PID=1647) to work on /opt/airflow/dags/nba_data_pipeline.py
[2024-10-28T22:47:01.504+0000] {processor.py:914} INFO - Processing file /opt/airflow/dags/nba_data_pipeline.py for tasks to queue
[2024-10-28T22:47:01.509+0000] {logging_mixin.py:190} INFO - [2024-10-28T22:47:01.508+0000] {dagbag.py:587} INFO - Filling up the DagBag from /opt/airflow/dags/nba_data_pipeline.py
[2024-10-28T22:47:01.523+0000] {processor.py:925} INFO - DAG(s) 'nba_data_pipeline' retrieved from /opt/airflow/dags/nba_data_pipeline.py
[2024-10-28T22:47:01.566+0000] {logging_mixin.py:190} INFO - [2024-10-28T22:47:01.566+0000] {dag.py:3229} INFO - Sync 1 DAGs
[2024-10-28T22:47:01.607+0000] {logging_mixin.py:190} INFO - [2024-10-28T22:47:01.607+0000] {dag.py:4156} INFO - Setting next_dagrun for nba_data_pipeline to 2024-10-28 00:00:00+00:00, run_after=2024-10-29 00:00:00+00:00
[2024-10-28T22:47:01.631+0000] {processor.py:208} INFO - Processing /opt/airflow/dags/nba_data_pipeline.py took 0.139 seconds
[2024-10-28T22:47:31.821+0000] {processor.py:186} INFO - Started process (PID=1652) to work on /opt/airflow/dags/nba_data_pipeline.py
[2024-10-28T22:47:31.822+0000] {processor.py:914} INFO - Processing file /opt/airflow/dags/nba_data_pipeline.py for tasks to queue
[2024-10-28T22:47:31.826+0000] {logging_mixin.py:190} INFO - [2024-10-28T22:47:31.825+0000] {dagbag.py:587} INFO - Filling up the DagBag from /opt/airflow/dags/nba_data_pipeline.py
[2024-10-28T22:47:31.838+0000] {processor.py:925} INFO - DAG(s) 'nba_data_pipeline' retrieved from /opt/airflow/dags/nba_data_pipeline.py
[2024-10-28T22:47:31.874+0000] {logging_mixin.py:190} INFO - [2024-10-28T22:47:31.874+0000] {dag.py:3229} INFO - Sync 1 DAGs
[2024-10-28T22:47:31.908+0000] {logging_mixin.py:190} INFO - [2024-10-28T22:47:31.908+0000] {dag.py:4156} INFO - Setting next_dagrun for nba_data_pipeline to 2024-10-28 00:00:00+00:00, run_after=2024-10-29 00:00:00+00:00
[2024-10-28T22:47:31.930+0000] {processor.py:208} INFO - Processing /opt/airflow/dags/nba_data_pipeline.py took 0.118 seconds
[2024-10-28T22:48:02.158+0000] {processor.py:186} INFO - Started process (PID=1657) to work on /opt/airflow/dags/nba_data_pipeline.py
[2024-10-28T22:48:02.159+0000] {processor.py:914} INFO - Processing file /opt/airflow/dags/nba_data_pipeline.py for tasks to queue
[2024-10-28T22:48:02.164+0000] {logging_mixin.py:190} INFO - [2024-10-28T22:48:02.163+0000] {dagbag.py:587} INFO - Filling up the DagBag from /opt/airflow/dags/nba_data_pipeline.py
[2024-10-28T22:48:02.177+0000] {processor.py:925} INFO - DAG(s) 'nba_data_pipeline' retrieved from /opt/airflow/dags/nba_data_pipeline.py
[2024-10-28T22:48:02.230+0000] {logging_mixin.py:190} INFO - [2024-10-28T22:48:02.229+0000] {dag.py:3229} INFO - Sync 1 DAGs
[2024-10-28T22:48:02.261+0000] {logging_mixin.py:190} INFO - [2024-10-28T22:48:02.261+0000] {dag.py:4156} INFO - Setting next_dagrun for nba_data_pipeline to 2024-10-28 00:00:00+00:00, run_after=2024-10-29 00:00:00+00:00
[2024-10-28T22:48:02.287+0000] {processor.py:208} INFO - Processing /opt/airflow/dags/nba_data_pipeline.py took 0.140 seconds
[2024-10-28T22:48:32.469+0000] {processor.py:186} INFO - Started process (PID=1662) to work on /opt/airflow/dags/nba_data_pipeline.py
[2024-10-28T22:48:32.471+0000] {processor.py:914} INFO - Processing file /opt/airflow/dags/nba_data_pipeline.py for tasks to queue
[2024-10-28T22:48:32.474+0000] {logging_mixin.py:190} INFO - [2024-10-28T22:48:32.473+0000] {dagbag.py:587} INFO - Filling up the DagBag from /opt/airflow/dags/nba_data_pipeline.py
[2024-10-28T22:48:32.487+0000] {processor.py:925} INFO - DAG(s) 'nba_data_pipeline' retrieved from /opt/airflow/dags/nba_data_pipeline.py
[2024-10-28T22:48:32.527+0000] {logging_mixin.py:190} INFO - [2024-10-28T22:48:32.526+0000] {dag.py:3229} INFO - Sync 1 DAGs
[2024-10-28T22:48:32.561+0000] {logging_mixin.py:190} INFO - [2024-10-28T22:48:32.561+0000] {dag.py:4156} INFO - Setting next_dagrun for nba_data_pipeline to 2024-10-28 00:00:00+00:00, run_after=2024-10-29 00:00:00+00:00
[2024-10-28T22:48:32.586+0000] {processor.py:208} INFO - Processing /opt/airflow/dags/nba_data_pipeline.py took 0.126 seconds
[2024-10-28T22:49:02.824+0000] {processor.py:186} INFO - Started process (PID=1667) to work on /opt/airflow/dags/nba_data_pipeline.py
[2024-10-28T22:49:02.825+0000] {processor.py:914} INFO - Processing file /opt/airflow/dags/nba_data_pipeline.py for tasks to queue
[2024-10-28T22:49:02.828+0000] {logging_mixin.py:190} INFO - [2024-10-28T22:49:02.828+0000] {dagbag.py:587} INFO - Filling up the DagBag from /opt/airflow/dags/nba_data_pipeline.py
[2024-10-28T22:49:02.842+0000] {processor.py:925} INFO - DAG(s) 'nba_data_pipeline' retrieved from /opt/airflow/dags/nba_data_pipeline.py
[2024-10-28T22:49:02.880+0000] {logging_mixin.py:190} INFO - [2024-10-28T22:49:02.880+0000] {dag.py:3229} INFO - Sync 1 DAGs
[2024-10-28T22:49:02.913+0000] {logging_mixin.py:190} INFO - [2024-10-28T22:49:02.913+0000] {dag.py:4156} INFO - Setting next_dagrun for nba_data_pipeline to 2024-10-28 00:00:00+00:00, run_after=2024-10-29 00:00:00+00:00
[2024-10-28T22:49:02.940+0000] {processor.py:208} INFO - Processing /opt/airflow/dags/nba_data_pipeline.py took 0.127 seconds
[2024-10-28T22:49:33.159+0000] {processor.py:186} INFO - Started process (PID=1672) to work on /opt/airflow/dags/nba_data_pipeline.py
[2024-10-28T22:49:33.161+0000] {processor.py:914} INFO - Processing file /opt/airflow/dags/nba_data_pipeline.py for tasks to queue
[2024-10-28T22:49:33.164+0000] {logging_mixin.py:190} INFO - [2024-10-28T22:49:33.164+0000] {dagbag.py:587} INFO - Filling up the DagBag from /opt/airflow/dags/nba_data_pipeline.py
[2024-10-28T22:49:33.178+0000] {processor.py:925} INFO - DAG(s) 'nba_data_pipeline' retrieved from /opt/airflow/dags/nba_data_pipeline.py
[2024-10-28T22:49:33.214+0000] {logging_mixin.py:190} INFO - [2024-10-28T22:49:33.214+0000] {dag.py:3229} INFO - Sync 1 DAGs
[2024-10-28T22:49:33.248+0000] {logging_mixin.py:190} INFO - [2024-10-28T22:49:33.248+0000] {dag.py:4156} INFO - Setting next_dagrun for nba_data_pipeline to 2024-10-28 00:00:00+00:00, run_after=2024-10-29 00:00:00+00:00
[2024-10-28T22:49:33.271+0000] {processor.py:208} INFO - Processing /opt/airflow/dags/nba_data_pipeline.py took 0.124 seconds
[2024-10-28T22:50:03.473+0000] {processor.py:186} INFO - Started process (PID=1677) to work on /opt/airflow/dags/nba_data_pipeline.py
[2024-10-28T22:50:03.474+0000] {processor.py:914} INFO - Processing file /opt/airflow/dags/nba_data_pipeline.py for tasks to queue
[2024-10-28T22:50:03.477+0000] {logging_mixin.py:190} INFO - [2024-10-28T22:50:03.477+0000] {dagbag.py:587} INFO - Filling up the DagBag from /opt/airflow/dags/nba_data_pipeline.py
[2024-10-28T22:50:03.491+0000] {processor.py:925} INFO - DAG(s) 'nba_data_pipeline' retrieved from /opt/airflow/dags/nba_data_pipeline.py
[2024-10-28T22:50:03.526+0000] {logging_mixin.py:190} INFO - [2024-10-28T22:50:03.526+0000] {dag.py:3229} INFO - Sync 1 DAGs
[2024-10-28T22:50:03.560+0000] {logging_mixin.py:190} INFO - [2024-10-28T22:50:03.560+0000] {dag.py:4156} INFO - Setting next_dagrun for nba_data_pipeline to 2024-10-28 00:00:00+00:00, run_after=2024-10-29 00:00:00+00:00
[2024-10-28T22:50:03.586+0000] {processor.py:208} INFO - Processing /opt/airflow/dags/nba_data_pipeline.py took 0.125 seconds
[2024-10-28T22:50:33.797+0000] {processor.py:186} INFO - Started process (PID=1682) to work on /opt/airflow/dags/nba_data_pipeline.py
[2024-10-28T22:50:33.798+0000] {processor.py:914} INFO - Processing file /opt/airflow/dags/nba_data_pipeline.py for tasks to queue
[2024-10-28T22:50:33.802+0000] {logging_mixin.py:190} INFO - [2024-10-28T22:50:33.801+0000] {dagbag.py:587} INFO - Filling up the DagBag from /opt/airflow/dags/nba_data_pipeline.py
[2024-10-28T22:50:33.815+0000] {processor.py:925} INFO - DAG(s) 'nba_data_pipeline' retrieved from /opt/airflow/dags/nba_data_pipeline.py
[2024-10-28T22:50:33.853+0000] {logging_mixin.py:190} INFO - [2024-10-28T22:50:33.853+0000] {dag.py:3229} INFO - Sync 1 DAGs
[2024-10-28T22:50:33.884+0000] {logging_mixin.py:190} INFO - [2024-10-28T22:50:33.884+0000] {dag.py:4156} INFO - Setting next_dagrun for nba_data_pipeline to 2024-10-28 00:00:00+00:00, run_after=2024-10-29 00:00:00+00:00
[2024-10-28T22:50:33.912+0000] {processor.py:208} INFO - Processing /opt/airflow/dags/nba_data_pipeline.py took 0.126 seconds
[2024-10-28T22:51:04.123+0000] {processor.py:186} INFO - Started process (PID=1687) to work on /opt/airflow/dags/nba_data_pipeline.py
[2024-10-28T22:51:04.125+0000] {processor.py:914} INFO - Processing file /opt/airflow/dags/nba_data_pipeline.py for tasks to queue
[2024-10-28T22:51:04.130+0000] {logging_mixin.py:190} INFO - [2024-10-28T22:51:04.129+0000] {dagbag.py:587} INFO - Filling up the DagBag from /opt/airflow/dags/nba_data_pipeline.py
[2024-10-28T22:51:04.144+0000] {processor.py:925} INFO - DAG(s) 'nba_data_pipeline' retrieved from /opt/airflow/dags/nba_data_pipeline.py
[2024-10-28T22:51:04.180+0000] {logging_mixin.py:190} INFO - [2024-10-28T22:51:04.179+0000] {dag.py:3229} INFO - Sync 1 DAGs
[2024-10-28T22:51:04.211+0000] {logging_mixin.py:190} INFO - [2024-10-28T22:51:04.211+0000] {dag.py:4156} INFO - Setting next_dagrun for nba_data_pipeline to 2024-10-28 00:00:00+00:00, run_after=2024-10-29 00:00:00+00:00
[2024-10-28T22:51:04.234+0000] {processor.py:208} INFO - Processing /opt/airflow/dags/nba_data_pipeline.py took 0.121 seconds
[2024-10-28T22:51:34.439+0000] {processor.py:186} INFO - Started process (PID=1692) to work on /opt/airflow/dags/nba_data_pipeline.py
[2024-10-28T22:51:34.441+0000] {processor.py:914} INFO - Processing file /opt/airflow/dags/nba_data_pipeline.py for tasks to queue
[2024-10-28T22:51:34.444+0000] {logging_mixin.py:190} INFO - [2024-10-28T22:51:34.444+0000] {dagbag.py:587} INFO - Filling up the DagBag from /opt/airflow/dags/nba_data_pipeline.py
[2024-10-28T22:51:34.457+0000] {processor.py:925} INFO - DAG(s) 'nba_data_pipeline' retrieved from /opt/airflow/dags/nba_data_pipeline.py
[2024-10-28T22:51:34.496+0000] {logging_mixin.py:190} INFO - [2024-10-28T22:51:34.496+0000] {dag.py:3229} INFO - Sync 1 DAGs
[2024-10-28T22:51:34.530+0000] {logging_mixin.py:190} INFO - [2024-10-28T22:51:34.530+0000] {dag.py:4156} INFO - Setting next_dagrun for nba_data_pipeline to 2024-10-28 00:00:00+00:00, run_after=2024-10-29 00:00:00+00:00
[2024-10-28T22:51:34.555+0000] {processor.py:208} INFO - Processing /opt/airflow/dags/nba_data_pipeline.py took 0.126 seconds
[2024-10-28T22:52:04.750+0000] {processor.py:186} INFO - Started process (PID=1697) to work on /opt/airflow/dags/nba_data_pipeline.py
[2024-10-28T22:52:04.751+0000] {processor.py:914} INFO - Processing file /opt/airflow/dags/nba_data_pipeline.py for tasks to queue
[2024-10-28T22:52:04.754+0000] {logging_mixin.py:190} INFO - [2024-10-28T22:52:04.754+0000] {dagbag.py:587} INFO - Filling up the DagBag from /opt/airflow/dags/nba_data_pipeline.py
[2024-10-28T22:52:04.769+0000] {processor.py:925} INFO - DAG(s) 'nba_data_pipeline' retrieved from /opt/airflow/dags/nba_data_pipeline.py
[2024-10-28T22:52:04.808+0000] {logging_mixin.py:190} INFO - [2024-10-28T22:52:04.807+0000] {dag.py:3229} INFO - Sync 1 DAGs
[2024-10-28T22:52:04.837+0000] {logging_mixin.py:190} INFO - [2024-10-28T22:52:04.837+0000] {dag.py:4156} INFO - Setting next_dagrun for nba_data_pipeline to 2024-10-28 00:00:00+00:00, run_after=2024-10-29 00:00:00+00:00
[2024-10-28T22:52:04.862+0000] {processor.py:208} INFO - Processing /opt/airflow/dags/nba_data_pipeline.py took 0.123 seconds
[2024-10-28T22:52:35.091+0000] {processor.py:186} INFO - Started process (PID=1702) to work on /opt/airflow/dags/nba_data_pipeline.py
[2024-10-28T22:52:35.092+0000] {processor.py:914} INFO - Processing file /opt/airflow/dags/nba_data_pipeline.py for tasks to queue
[2024-10-28T22:52:35.096+0000] {logging_mixin.py:190} INFO - [2024-10-28T22:52:35.095+0000] {dagbag.py:587} INFO - Filling up the DagBag from /opt/airflow/dags/nba_data_pipeline.py
[2024-10-28T22:52:35.111+0000] {processor.py:925} INFO - DAG(s) 'nba_data_pipeline' retrieved from /opt/airflow/dags/nba_data_pipeline.py
[2024-10-28T22:52:35.149+0000] {logging_mixin.py:190} INFO - [2024-10-28T22:52:35.149+0000] {dag.py:3229} INFO - Sync 1 DAGs
[2024-10-28T22:52:35.181+0000] {logging_mixin.py:190} INFO - [2024-10-28T22:52:35.181+0000] {dag.py:4156} INFO - Setting next_dagrun for nba_data_pipeline to 2024-10-28 00:00:00+00:00, run_after=2024-10-29 00:00:00+00:00
[2024-10-28T22:52:35.205+0000] {processor.py:208} INFO - Processing /opt/airflow/dags/nba_data_pipeline.py took 0.125 seconds
[2024-10-28T22:53:05.398+0000] {processor.py:186} INFO - Started process (PID=1707) to work on /opt/airflow/dags/nba_data_pipeline.py
[2024-10-28T22:53:05.399+0000] {processor.py:914} INFO - Processing file /opt/airflow/dags/nba_data_pipeline.py for tasks to queue
[2024-10-28T22:53:05.402+0000] {logging_mixin.py:190} INFO - [2024-10-28T22:53:05.402+0000] {dagbag.py:587} INFO - Filling up the DagBag from /opt/airflow/dags/nba_data_pipeline.py
[2024-10-28T22:53:05.416+0000] {processor.py:925} INFO - DAG(s) 'nba_data_pipeline' retrieved from /opt/airflow/dags/nba_data_pipeline.py
[2024-10-28T22:53:05.455+0000] {logging_mixin.py:190} INFO - [2024-10-28T22:53:05.455+0000] {dag.py:3229} INFO - Sync 1 DAGs
[2024-10-28T22:53:05.488+0000] {logging_mixin.py:190} INFO - [2024-10-28T22:53:05.487+0000] {dag.py:4156} INFO - Setting next_dagrun for nba_data_pipeline to 2024-10-28 00:00:00+00:00, run_after=2024-10-29 00:00:00+00:00
[2024-10-28T22:53:05.514+0000] {processor.py:208} INFO - Processing /opt/airflow/dags/nba_data_pipeline.py took 0.127 seconds
[2024-10-28T22:53:35.739+0000] {processor.py:186} INFO - Started process (PID=1712) to work on /opt/airflow/dags/nba_data_pipeline.py
[2024-10-28T22:53:35.740+0000] {processor.py:914} INFO - Processing file /opt/airflow/dags/nba_data_pipeline.py for tasks to queue
[2024-10-28T22:53:35.744+0000] {logging_mixin.py:190} INFO - [2024-10-28T22:53:35.744+0000] {dagbag.py:587} INFO - Filling up the DagBag from /opt/airflow/dags/nba_data_pipeline.py
[2024-10-28T22:53:35.759+0000] {processor.py:925} INFO - DAG(s) 'nba_data_pipeline' retrieved from /opt/airflow/dags/nba_data_pipeline.py
[2024-10-28T22:53:35.793+0000] {logging_mixin.py:190} INFO - [2024-10-28T22:53:35.793+0000] {dag.py:3229} INFO - Sync 1 DAGs
[2024-10-28T22:53:35.825+0000] {logging_mixin.py:190} INFO - [2024-10-28T22:53:35.825+0000] {dag.py:4156} INFO - Setting next_dagrun for nba_data_pipeline to 2024-10-28 00:00:00+00:00, run_after=2024-10-29 00:00:00+00:00
[2024-10-28T22:53:35.851+0000] {processor.py:208} INFO - Processing /opt/airflow/dags/nba_data_pipeline.py took 0.123 seconds
[2024-10-28T22:54:06.049+0000] {processor.py:186} INFO - Started process (PID=1717) to work on /opt/airflow/dags/nba_data_pipeline.py
[2024-10-28T22:54:06.051+0000] {processor.py:914} INFO - Processing file /opt/airflow/dags/nba_data_pipeline.py for tasks to queue
[2024-10-28T22:54:06.055+0000] {logging_mixin.py:190} INFO - [2024-10-28T22:54:06.054+0000] {dagbag.py:587} INFO - Filling up the DagBag from /opt/airflow/dags/nba_data_pipeline.py
[2024-10-28T22:54:06.068+0000] {processor.py:925} INFO - DAG(s) 'nba_data_pipeline' retrieved from /opt/airflow/dags/nba_data_pipeline.py
[2024-10-28T22:54:06.108+0000] {logging_mixin.py:190} INFO - [2024-10-28T22:54:06.107+0000] {dag.py:3229} INFO - Sync 1 DAGs
[2024-10-28T22:54:06.139+0000] {logging_mixin.py:190} INFO - [2024-10-28T22:54:06.138+0000] {dag.py:4156} INFO - Setting next_dagrun for nba_data_pipeline to 2024-10-28 00:00:00+00:00, run_after=2024-10-29 00:00:00+00:00
[2024-10-28T22:54:06.162+0000] {processor.py:208} INFO - Processing /opt/airflow/dags/nba_data_pipeline.py took 0.124 seconds
[2024-10-28T23:16:05.267+0000] {processor.py:186} INFO - Started process (PID=190) to work on /opt/airflow/dags/nba_data_pipeline.py
[2024-10-28T23:16:05.269+0000] {processor.py:914} INFO - Processing file /opt/airflow/dags/nba_data_pipeline.py for tasks to queue
[2024-10-28T23:16:05.271+0000] {logging_mixin.py:190} INFO - [2024-10-28T23:16:05.271+0000] {dagbag.py:587} INFO - Filling up the DagBag from /opt/airflow/dags/nba_data_pipeline.py
[2024-10-28T23:16:05.294+0000] {processor.py:925} INFO - DAG(s) 'nba_data_pipeline' retrieved from /opt/airflow/dags/nba_data_pipeline.py
[2024-10-28T23:16:05.545+0000] {logging_mixin.py:190} INFO - [2024-10-28T23:16:05.545+0000] {override.py:1900} INFO - Created Permission View: can read on DAG:nba_data_pipeline
[2024-10-28T23:16:05.555+0000] {logging_mixin.py:190} INFO - [2024-10-28T23:16:05.555+0000] {override.py:1900} INFO - Created Permission View: can edit on DAG:nba_data_pipeline
[2024-10-28T23:16:05.561+0000] {logging_mixin.py:190} INFO - [2024-10-28T23:16:05.560+0000] {override.py:1900} INFO - Created Permission View: can delete on DAG:nba_data_pipeline
[2024-10-28T23:16:05.568+0000] {logging_mixin.py:190} INFO - [2024-10-28T23:16:05.567+0000] {override.py:1900} INFO - Created Permission View: can read on DAG Run:nba_data_pipeline
[2024-10-28T23:16:05.574+0000] {logging_mixin.py:190} INFO - [2024-10-28T23:16:05.573+0000] {override.py:1900} INFO - Created Permission View: menu access on DAG Run:nba_data_pipeline
[2024-10-28T23:16:05.580+0000] {logging_mixin.py:190} INFO - [2024-10-28T23:16:05.580+0000] {override.py:1900} INFO - Created Permission View: can create on DAG Run:nba_data_pipeline
[2024-10-28T23:16:05.586+0000] {logging_mixin.py:190} INFO - [2024-10-28T23:16:05.586+0000] {override.py:1900} INFO - Created Permission View: can delete on DAG Run:nba_data_pipeline
[2024-10-28T23:16:05.587+0000] {logging_mixin.py:190} INFO - [2024-10-28T23:16:05.587+0000] {dag.py:3229} INFO - Sync 1 DAGs
[2024-10-28T23:16:05.602+0000] {logging_mixin.py:190} INFO - [2024-10-28T23:16:05.602+0000] {dag.py:3252} INFO - Creating ORM DAG for nba_data_pipeline
[2024-10-28T23:16:05.614+0000] {logging_mixin.py:190} INFO - [2024-10-28T23:16:05.614+0000] {dag.py:4156} INFO - Setting next_dagrun for nba_data_pipeline to 2024-10-27 00:00:00+00:00, run_after=2024-10-28 00:00:00+00:00
[2024-10-28T23:16:05.638+0000] {processor.py:208} INFO - Processing /opt/airflow/dags/nba_data_pipeline.py took 0.383 seconds
[2024-10-28T23:16:35.879+0000] {processor.py:186} INFO - Started process (PID=195) to work on /opt/airflow/dags/nba_data_pipeline.py
[2024-10-28T23:16:35.880+0000] {processor.py:914} INFO - Processing file /opt/airflow/dags/nba_data_pipeline.py for tasks to queue
[2024-10-28T23:16:35.883+0000] {logging_mixin.py:190} INFO - [2024-10-28T23:16:35.883+0000] {dagbag.py:587} INFO - Filling up the DagBag from /opt/airflow/dags/nba_data_pipeline.py
[2024-10-28T23:16:35.897+0000] {processor.py:925} INFO - DAG(s) 'nba_data_pipeline' retrieved from /opt/airflow/dags/nba_data_pipeline.py
[2024-10-28T23:16:35.934+0000] {logging_mixin.py:190} INFO - [2024-10-28T23:16:35.933+0000] {dag.py:3229} INFO - Sync 1 DAGs
[2024-10-28T23:16:35.972+0000] {logging_mixin.py:190} INFO - [2024-10-28T23:16:35.972+0000] {dag.py:4156} INFO - Setting next_dagrun for nba_data_pipeline to 2024-10-27 00:00:00+00:00, run_after=2024-10-28 00:00:00+00:00
[2024-10-28T23:16:35.997+0000] {processor.py:208} INFO - Processing /opt/airflow/dags/nba_data_pipeline.py took 0.128 seconds
[2024-10-28T23:17:06.103+0000] {processor.py:186} INFO - Started process (PID=200) to work on /opt/airflow/dags/nba_data_pipeline.py
[2024-10-28T23:17:06.104+0000] {processor.py:914} INFO - Processing file /opt/airflow/dags/nba_data_pipeline.py for tasks to queue
[2024-10-28T23:17:06.107+0000] {logging_mixin.py:190} INFO - [2024-10-28T23:17:06.107+0000] {dagbag.py:587} INFO - Filling up the DagBag from /opt/airflow/dags/nba_data_pipeline.py
[2024-10-28T23:17:06.120+0000] {processor.py:925} INFO - DAG(s) 'nba_data_pipeline' retrieved from /opt/airflow/dags/nba_data_pipeline.py
[2024-10-28T23:17:06.157+0000] {logging_mixin.py:190} INFO - [2024-10-28T23:17:06.156+0000] {dag.py:3229} INFO - Sync 1 DAGs
[2024-10-28T23:17:06.188+0000] {logging_mixin.py:190} INFO - [2024-10-28T23:17:06.188+0000] {dag.py:4156} INFO - Setting next_dagrun for nba_data_pipeline to 2024-10-27 00:00:00+00:00, run_after=2024-10-28 00:00:00+00:00
[2024-10-28T23:17:06.212+0000] {processor.py:208} INFO - Processing /opt/airflow/dags/nba_data_pipeline.py took 0.118 seconds
[2024-10-28T23:17:36.337+0000] {processor.py:186} INFO - Started process (PID=208) to work on /opt/airflow/dags/nba_data_pipeline.py
[2024-10-28T23:17:36.338+0000] {processor.py:914} INFO - Processing file /opt/airflow/dags/nba_data_pipeline.py for tasks to queue
[2024-10-28T23:17:36.342+0000] {logging_mixin.py:190} INFO - [2024-10-28T23:17:36.341+0000] {dagbag.py:587} INFO - Filling up the DagBag from /opt/airflow/dags/nba_data_pipeline.py
[2024-10-28T23:17:36.354+0000] {processor.py:925} INFO - DAG(s) 'nba_data_pipeline' retrieved from /opt/airflow/dags/nba_data_pipeline.py
[2024-10-28T23:17:36.392+0000] {logging_mixin.py:190} INFO - [2024-10-28T23:17:36.392+0000] {dag.py:3229} INFO - Sync 1 DAGs
[2024-10-28T23:17:36.427+0000] {logging_mixin.py:190} INFO - [2024-10-28T23:17:36.426+0000] {dag.py:4156} INFO - Setting next_dagrun for nba_data_pipeline to 2024-10-28 00:00:00+00:00, run_after=2024-10-29 00:00:00+00:00
[2024-10-28T23:17:36.450+0000] {processor.py:208} INFO - Processing /opt/airflow/dags/nba_data_pipeline.py took 0.124 seconds
[2024-10-28T23:18:06.575+0000] {processor.py:186} INFO - Started process (PID=213) to work on /opt/airflow/dags/nba_data_pipeline.py
[2024-10-28T23:18:06.577+0000] {processor.py:914} INFO - Processing file /opt/airflow/dags/nba_data_pipeline.py for tasks to queue
[2024-10-28T23:18:06.580+0000] {logging_mixin.py:190} INFO - [2024-10-28T23:18:06.580+0000] {dagbag.py:587} INFO - Filling up the DagBag from /opt/airflow/dags/nba_data_pipeline.py
[2024-10-28T23:18:06.592+0000] {processor.py:925} INFO - DAG(s) 'nba_data_pipeline' retrieved from /opt/airflow/dags/nba_data_pipeline.py
[2024-10-28T23:18:06.625+0000] {logging_mixin.py:190} INFO - [2024-10-28T23:18:06.625+0000] {dag.py:3229} INFO - Sync 1 DAGs
[2024-10-28T23:18:06.656+0000] {logging_mixin.py:190} INFO - [2024-10-28T23:18:06.655+0000] {dag.py:4156} INFO - Setting next_dagrun for nba_data_pipeline to 2024-10-28 00:00:00+00:00, run_after=2024-10-29 00:00:00+00:00
[2024-10-28T23:18:06.678+0000] {processor.py:208} INFO - Processing /opt/airflow/dags/nba_data_pipeline.py took 0.112 seconds
[2024-10-28T23:18:36.919+0000] {processor.py:186} INFO - Started process (PID=218) to work on /opt/airflow/dags/nba_data_pipeline.py
[2024-10-28T23:18:36.920+0000] {processor.py:914} INFO - Processing file /opt/airflow/dags/nba_data_pipeline.py for tasks to queue
[2024-10-28T23:18:36.924+0000] {logging_mixin.py:190} INFO - [2024-10-28T23:18:36.924+0000] {dagbag.py:587} INFO - Filling up the DagBag from /opt/airflow/dags/nba_data_pipeline.py
[2024-10-28T23:18:36.936+0000] {processor.py:925} INFO - DAG(s) 'nba_data_pipeline' retrieved from /opt/airflow/dags/nba_data_pipeline.py
[2024-10-28T23:18:36.971+0000] {logging_mixin.py:190} INFO - [2024-10-28T23:18:36.970+0000] {dag.py:3229} INFO - Sync 1 DAGs
[2024-10-28T23:18:37.002+0000] {logging_mixin.py:190} INFO - [2024-10-28T23:18:37.001+0000] {dag.py:4156} INFO - Setting next_dagrun for nba_data_pipeline to 2024-10-28 00:00:00+00:00, run_after=2024-10-29 00:00:00+00:00
[2024-10-28T23:18:37.033+0000] {processor.py:208} INFO - Processing /opt/airflow/dags/nba_data_pipeline.py took 0.124 seconds
[2024-10-28T23:19:07.166+0000] {processor.py:186} INFO - Started process (PID=223) to work on /opt/airflow/dags/nba_data_pipeline.py
[2024-10-28T23:19:07.167+0000] {processor.py:914} INFO - Processing file /opt/airflow/dags/nba_data_pipeline.py for tasks to queue
[2024-10-28T23:19:07.171+0000] {logging_mixin.py:190} INFO - [2024-10-28T23:19:07.170+0000] {dagbag.py:587} INFO - Filling up the DagBag from /opt/airflow/dags/nba_data_pipeline.py
[2024-10-28T23:19:07.183+0000] {processor.py:925} INFO - DAG(s) 'nba_data_pipeline' retrieved from /opt/airflow/dags/nba_data_pipeline.py
[2024-10-28T23:19:07.218+0000] {logging_mixin.py:190} INFO - [2024-10-28T23:19:07.217+0000] {dag.py:3229} INFO - Sync 1 DAGs
[2024-10-28T23:19:07.249+0000] {logging_mixin.py:190} INFO - [2024-10-28T23:19:07.249+0000] {dag.py:4156} INFO - Setting next_dagrun for nba_data_pipeline to 2024-10-28 00:00:00+00:00, run_after=2024-10-29 00:00:00+00:00
[2024-10-28T23:19:07.272+0000] {processor.py:208} INFO - Processing /opt/airflow/dags/nba_data_pipeline.py took 0.115 seconds
[2024-10-28T23:19:37.633+0000] {processor.py:186} INFO - Started process (PID=228) to work on /opt/airflow/dags/nba_data_pipeline.py
[2024-10-28T23:19:37.634+0000] {processor.py:914} INFO - Processing file /opt/airflow/dags/nba_data_pipeline.py for tasks to queue
[2024-10-28T23:19:37.637+0000] {logging_mixin.py:190} INFO - [2024-10-28T23:19:37.637+0000] {dagbag.py:587} INFO - Filling up the DagBag from /opt/airflow/dags/nba_data_pipeline.py
[2024-10-28T23:19:37.650+0000] {processor.py:925} INFO - DAG(s) 'nba_data_pipeline' retrieved from /opt/airflow/dags/nba_data_pipeline.py
[2024-10-28T23:19:37.683+0000] {logging_mixin.py:190} INFO - [2024-10-28T23:19:37.683+0000] {dag.py:3229} INFO - Sync 1 DAGs
[2024-10-28T23:19:37.716+0000] {logging_mixin.py:190} INFO - [2024-10-28T23:19:37.716+0000] {dag.py:4156} INFO - Setting next_dagrun for nba_data_pipeline to 2024-10-28 00:00:00+00:00, run_after=2024-10-29 00:00:00+00:00
[2024-10-28T23:19:37.740+0000] {processor.py:208} INFO - Processing /opt/airflow/dags/nba_data_pipeline.py took 0.116 seconds
[2024-10-28T23:20:07.908+0000] {processor.py:186} INFO - Started process (PID=233) to work on /opt/airflow/dags/nba_data_pipeline.py
[2024-10-28T23:20:07.909+0000] {processor.py:914} INFO - Processing file /opt/airflow/dags/nba_data_pipeline.py for tasks to queue
[2024-10-28T23:20:07.912+0000] {logging_mixin.py:190} INFO - [2024-10-28T23:20:07.912+0000] {dagbag.py:587} INFO - Filling up the DagBag from /opt/airflow/dags/nba_data_pipeline.py
[2024-10-28T23:20:07.925+0000] {processor.py:925} INFO - DAG(s) 'nba_data_pipeline' retrieved from /opt/airflow/dags/nba_data_pipeline.py
[2024-10-28T23:20:07.960+0000] {logging_mixin.py:190} INFO - [2024-10-28T23:20:07.959+0000] {dag.py:3229} INFO - Sync 1 DAGs
[2024-10-28T23:20:07.994+0000] {logging_mixin.py:190} INFO - [2024-10-28T23:20:07.994+0000] {dag.py:4156} INFO - Setting next_dagrun for nba_data_pipeline to 2024-10-28 00:00:00+00:00, run_after=2024-10-29 00:00:00+00:00
[2024-10-28T23:20:08.177+0000] {processor.py:208} INFO - Processing /opt/airflow/dags/nba_data_pipeline.py took 0.279 seconds
[2024-10-28T23:20:38.362+0000] {processor.py:186} INFO - Started process (PID=238) to work on /opt/airflow/dags/nba_data_pipeline.py
[2024-10-28T23:20:38.363+0000] {processor.py:914} INFO - Processing file /opt/airflow/dags/nba_data_pipeline.py for tasks to queue
[2024-10-28T23:20:38.366+0000] {logging_mixin.py:190} INFO - [2024-10-28T23:20:38.366+0000] {dagbag.py:587} INFO - Filling up the DagBag from /opt/airflow/dags/nba_data_pipeline.py
[2024-10-28T23:20:38.379+0000] {processor.py:925} INFO - DAG(s) 'nba_data_pipeline' retrieved from /opt/airflow/dags/nba_data_pipeline.py
[2024-10-28T23:20:38.416+0000] {logging_mixin.py:190} INFO - [2024-10-28T23:20:38.416+0000] {dag.py:3229} INFO - Sync 1 DAGs
[2024-10-28T23:20:38.609+0000] {logging_mixin.py:190} INFO - [2024-10-28T23:20:38.609+0000] {dag.py:4156} INFO - Setting next_dagrun for nba_data_pipeline to 2024-10-28 00:00:00+00:00, run_after=2024-10-29 00:00:00+00:00
[2024-10-28T23:20:38.635+0000] {processor.py:208} INFO - Processing /opt/airflow/dags/nba_data_pipeline.py took 0.283 seconds
[2024-10-28T23:24:42.455+0000] {processor.py:186} INFO - Started process (PID=190) to work on /opt/airflow/dags/nba_data_pipeline.py
[2024-10-28T23:24:42.456+0000] {processor.py:914} INFO - Processing file /opt/airflow/dags/nba_data_pipeline.py for tasks to queue
[2024-10-28T23:24:42.457+0000] {logging_mixin.py:190} INFO - [2024-10-28T23:24:42.457+0000] {dagbag.py:587} INFO - Filling up the DagBag from /opt/airflow/dags/nba_data_pipeline.py
[2024-10-28T23:24:42.472+0000] {processor.py:925} INFO - DAG(s) 'nba_data_pipeline' retrieved from /opt/airflow/dags/nba_data_pipeline.py
[2024-10-28T23:24:42.691+0000] {logging_mixin.py:190} INFO - [2024-10-28T23:24:42.690+0000] {override.py:1900} INFO - Created Permission View: can read on DAG:nba_data_pipeline
[2024-10-28T23:24:42.700+0000] {logging_mixin.py:190} INFO - [2024-10-28T23:24:42.700+0000] {override.py:1900} INFO - Created Permission View: can edit on DAG:nba_data_pipeline
[2024-10-28T23:24:42.706+0000] {logging_mixin.py:190} INFO - [2024-10-28T23:24:42.705+0000] {override.py:1900} INFO - Created Permission View: can delete on DAG:nba_data_pipeline
[2024-10-28T23:24:42.712+0000] {logging_mixin.py:190} INFO - [2024-10-28T23:24:42.712+0000] {override.py:1900} INFO - Created Permission View: can read on DAG Run:nba_data_pipeline
[2024-10-28T23:24:42.717+0000] {logging_mixin.py:190} INFO - [2024-10-28T23:24:42.717+0000] {override.py:1900} INFO - Created Permission View: can delete on DAG Run:nba_data_pipeline
[2024-10-28T23:24:42.723+0000] {logging_mixin.py:190} INFO - [2024-10-28T23:24:42.722+0000] {override.py:1900} INFO - Created Permission View: menu access on DAG Run:nba_data_pipeline
[2024-10-28T23:24:42.728+0000] {logging_mixin.py:190} INFO - [2024-10-28T23:24:42.728+0000] {override.py:1900} INFO - Created Permission View: can create on DAG Run:nba_data_pipeline
[2024-10-28T23:24:42.729+0000] {logging_mixin.py:190} INFO - [2024-10-28T23:24:42.729+0000] {dag.py:3229} INFO - Sync 1 DAGs
[2024-10-28T23:24:42.743+0000] {logging_mixin.py:190} INFO - [2024-10-28T23:24:42.743+0000] {dag.py:3252} INFO - Creating ORM DAG for nba_data_pipeline
[2024-10-28T23:24:42.753+0000] {logging_mixin.py:190} INFO - [2024-10-28T23:24:42.753+0000] {dag.py:4156} INFO - Setting next_dagrun for nba_data_pipeline to 2024-10-27 00:00:00+00:00, run_after=2024-10-28 00:00:00+00:00
[2024-10-28T23:24:42.772+0000] {processor.py:208} INFO - Processing /opt/airflow/dags/nba_data_pipeline.py took 0.325 seconds
[2024-10-28T23:25:12.991+0000] {processor.py:186} INFO - Started process (PID=195) to work on /opt/airflow/dags/nba_data_pipeline.py
[2024-10-28T23:25:12.992+0000] {processor.py:914} INFO - Processing file /opt/airflow/dags/nba_data_pipeline.py for tasks to queue
[2024-10-28T23:25:12.995+0000] {logging_mixin.py:190} INFO - [2024-10-28T23:25:12.995+0000] {dagbag.py:587} INFO - Filling up the DagBag from /opt/airflow/dags/nba_data_pipeline.py
[2024-10-28T23:25:13.008+0000] {processor.py:925} INFO - DAG(s) 'nba_data_pipeline' retrieved from /opt/airflow/dags/nba_data_pipeline.py
[2024-10-28T23:25:13.042+0000] {logging_mixin.py:190} INFO - [2024-10-28T23:25:13.042+0000] {dag.py:3229} INFO - Sync 1 DAGs
[2024-10-28T23:25:13.072+0000] {logging_mixin.py:190} INFO - [2024-10-28T23:25:13.072+0000] {dag.py:4156} INFO - Setting next_dagrun for nba_data_pipeline to 2024-10-27 00:00:00+00:00, run_after=2024-10-28 00:00:00+00:00
[2024-10-28T23:25:13.093+0000] {processor.py:208} INFO - Processing /opt/airflow/dags/nba_data_pipeline.py took 0.113 seconds
[2024-10-28T23:25:43.237+0000] {processor.py:186} INFO - Started process (PID=200) to work on /opt/airflow/dags/nba_data_pipeline.py
[2024-10-28T23:25:43.238+0000] {processor.py:914} INFO - Processing file /opt/airflow/dags/nba_data_pipeline.py for tasks to queue
[2024-10-28T23:25:43.241+0000] {logging_mixin.py:190} INFO - [2024-10-28T23:25:43.241+0000] {dagbag.py:587} INFO - Filling up the DagBag from /opt/airflow/dags/nba_data_pipeline.py
[2024-10-28T23:25:43.254+0000] {processor.py:925} INFO - DAG(s) 'nba_data_pipeline' retrieved from /opt/airflow/dags/nba_data_pipeline.py
[2024-10-28T23:25:43.291+0000] {logging_mixin.py:190} INFO - [2024-10-28T23:25:43.290+0000] {dag.py:3229} INFO - Sync 1 DAGs
[2024-10-28T23:25:43.321+0000] {logging_mixin.py:190} INFO - [2024-10-28T23:25:43.320+0000] {dag.py:4156} INFO - Setting next_dagrun for nba_data_pipeline to 2024-10-27 00:00:00+00:00, run_after=2024-10-28 00:00:00+00:00
[2024-10-28T23:25:43.344+0000] {processor.py:208} INFO - Processing /opt/airflow/dags/nba_data_pipeline.py took 0.117 seconds
[2024-10-28T23:26:13.598+0000] {processor.py:186} INFO - Started process (PID=205) to work on /opt/airflow/dags/nba_data_pipeline.py
[2024-10-28T23:26:13.599+0000] {processor.py:914} INFO - Processing file /opt/airflow/dags/nba_data_pipeline.py for tasks to queue
[2024-10-28T23:26:13.603+0000] {logging_mixin.py:190} INFO - [2024-10-28T23:26:13.602+0000] {dagbag.py:587} INFO - Filling up the DagBag from /opt/airflow/dags/nba_data_pipeline.py
[2024-10-28T23:26:13.615+0000] {processor.py:925} INFO - DAG(s) 'nba_data_pipeline' retrieved from /opt/airflow/dags/nba_data_pipeline.py
[2024-10-28T23:26:13.650+0000] {logging_mixin.py:190} INFO - [2024-10-28T23:26:13.649+0000] {dag.py:3229} INFO - Sync 1 DAGs
[2024-10-28T23:26:13.679+0000] {logging_mixin.py:190} INFO - [2024-10-28T23:26:13.679+0000] {dag.py:4156} INFO - Setting next_dagrun for nba_data_pipeline to 2024-10-27 00:00:00+00:00, run_after=2024-10-28 00:00:00+00:00
[2024-10-28T23:26:13.700+0000] {processor.py:208} INFO - Processing /opt/airflow/dags/nba_data_pipeline.py took 0.112 seconds
[2024-10-28T23:26:43.841+0000] {processor.py:186} INFO - Started process (PID=210) to work on /opt/airflow/dags/nba_data_pipeline.py
[2024-10-28T23:26:43.842+0000] {processor.py:914} INFO - Processing file /opt/airflow/dags/nba_data_pipeline.py for tasks to queue
[2024-10-28T23:26:43.845+0000] {logging_mixin.py:190} INFO - [2024-10-28T23:26:43.844+0000] {dagbag.py:587} INFO - Filling up the DagBag from /opt/airflow/dags/nba_data_pipeline.py
[2024-10-28T23:26:43.856+0000] {processor.py:925} INFO - DAG(s) 'nba_data_pipeline' retrieved from /opt/airflow/dags/nba_data_pipeline.py
[2024-10-28T23:26:43.891+0000] {logging_mixin.py:190} INFO - [2024-10-28T23:26:43.890+0000] {dag.py:3229} INFO - Sync 1 DAGs
[2024-10-28T23:26:43.918+0000] {logging_mixin.py:190} INFO - [2024-10-28T23:26:43.918+0000] {dag.py:4156} INFO - Setting next_dagrun for nba_data_pipeline to 2024-10-27 00:00:00+00:00, run_after=2024-10-28 00:00:00+00:00
[2024-10-28T23:26:43.938+0000] {processor.py:208} INFO - Processing /opt/airflow/dags/nba_data_pipeline.py took 0.107 seconds
[2024-10-28T23:27:14.180+0000] {processor.py:186} INFO - Started process (PID=215) to work on /opt/airflow/dags/nba_data_pipeline.py
[2024-10-28T23:27:14.181+0000] {processor.py:914} INFO - Processing file /opt/airflow/dags/nba_data_pipeline.py for tasks to queue
[2024-10-28T23:27:14.184+0000] {logging_mixin.py:190} INFO - [2024-10-28T23:27:14.184+0000] {dagbag.py:587} INFO - Filling up the DagBag from /opt/airflow/dags/nba_data_pipeline.py
[2024-10-28T23:27:14.196+0000] {processor.py:925} INFO - DAG(s) 'nba_data_pipeline' retrieved from /opt/airflow/dags/nba_data_pipeline.py
[2024-10-28T23:27:14.229+0000] {logging_mixin.py:190} INFO - [2024-10-28T23:27:14.228+0000] {dag.py:3229} INFO - Sync 1 DAGs
[2024-10-28T23:27:14.256+0000] {logging_mixin.py:190} INFO - [2024-10-28T23:27:14.255+0000] {dag.py:4156} INFO - Setting next_dagrun for nba_data_pipeline to 2024-10-27 00:00:00+00:00, run_after=2024-10-28 00:00:00+00:00
[2024-10-28T23:27:14.276+0000] {processor.py:208} INFO - Processing /opt/airflow/dags/nba_data_pipeline.py took 0.106 seconds
[2024-10-28T23:27:44.436+0000] {processor.py:186} INFO - Started process (PID=220) to work on /opt/airflow/dags/nba_data_pipeline.py
[2024-10-28T23:27:44.437+0000] {processor.py:914} INFO - Processing file /opt/airflow/dags/nba_data_pipeline.py for tasks to queue
[2024-10-28T23:27:44.440+0000] {logging_mixin.py:190} INFO - [2024-10-28T23:27:44.439+0000] {dagbag.py:587} INFO - Filling up the DagBag from /opt/airflow/dags/nba_data_pipeline.py
[2024-10-28T23:27:44.453+0000] {processor.py:925} INFO - DAG(s) 'nba_data_pipeline' retrieved from /opt/airflow/dags/nba_data_pipeline.py
[2024-10-28T23:27:44.489+0000] {logging_mixin.py:190} INFO - [2024-10-28T23:27:44.488+0000] {dag.py:3229} INFO - Sync 1 DAGs
[2024-10-28T23:27:44.518+0000] {logging_mixin.py:190} INFO - [2024-10-28T23:27:44.518+0000] {dag.py:4156} INFO - Setting next_dagrun for nba_data_pipeline to 2024-10-27 00:00:00+00:00, run_after=2024-10-28 00:00:00+00:00
[2024-10-28T23:27:44.540+0000] {processor.py:208} INFO - Processing /opt/airflow/dags/nba_data_pipeline.py took 0.115 seconds
[2024-10-28T23:28:14.762+0000] {processor.py:186} INFO - Started process (PID=225) to work on /opt/airflow/dags/nba_data_pipeline.py
[2024-10-28T23:28:14.763+0000] {processor.py:914} INFO - Processing file /opt/airflow/dags/nba_data_pipeline.py for tasks to queue
[2024-10-28T23:28:14.766+0000] {logging_mixin.py:190} INFO - [2024-10-28T23:28:14.766+0000] {dagbag.py:587} INFO - Filling up the DagBag from /opt/airflow/dags/nba_data_pipeline.py
[2024-10-28T23:28:14.777+0000] {processor.py:925} INFO - DAG(s) 'nba_data_pipeline' retrieved from /opt/airflow/dags/nba_data_pipeline.py
[2024-10-28T23:28:14.808+0000] {logging_mixin.py:190} INFO - [2024-10-28T23:28:14.808+0000] {dag.py:3229} INFO - Sync 1 DAGs
[2024-10-28T23:28:14.836+0000] {logging_mixin.py:190} INFO - [2024-10-28T23:28:14.836+0000] {dag.py:4156} INFO - Setting next_dagrun for nba_data_pipeline to 2024-10-27 00:00:00+00:00, run_after=2024-10-28 00:00:00+00:00
[2024-10-28T23:28:14.858+0000] {processor.py:208} INFO - Processing /opt/airflow/dags/nba_data_pipeline.py took 0.105 seconds
[2024-10-28T23:28:45.050+0000] {processor.py:186} INFO - Started process (PID=233) to work on /opt/airflow/dags/nba_data_pipeline.py
[2024-10-28T23:28:45.050+0000] {processor.py:914} INFO - Processing file /opt/airflow/dags/nba_data_pipeline.py for tasks to queue
[2024-10-28T23:28:45.053+0000] {logging_mixin.py:190} INFO - [2024-10-28T23:28:45.053+0000] {dagbag.py:587} INFO - Filling up the DagBag from /opt/airflow/dags/nba_data_pipeline.py
[2024-10-28T23:28:45.066+0000] {processor.py:925} INFO - DAG(s) 'nba_data_pipeline' retrieved from /opt/airflow/dags/nba_data_pipeline.py
[2024-10-28T23:28:45.101+0000] {logging_mixin.py:190} INFO - [2024-10-28T23:28:45.101+0000] {dag.py:3229} INFO - Sync 1 DAGs
[2024-10-28T23:28:45.135+0000] {logging_mixin.py:190} INFO - [2024-10-28T23:28:45.134+0000] {dag.py:4156} INFO - Setting next_dagrun for nba_data_pipeline to 2024-10-28 00:00:00+00:00, run_after=2024-10-29 00:00:00+00:00
[2024-10-28T23:28:45.332+0000] {processor.py:208} INFO - Processing /opt/airflow/dags/nba_data_pipeline.py took 0.294 seconds
[2024-10-28T23:29:15.568+0000] {processor.py:186} INFO - Started process (PID=238) to work on /opt/airflow/dags/nba_data_pipeline.py
[2024-10-28T23:29:15.570+0000] {processor.py:914} INFO - Processing file /opt/airflow/dags/nba_data_pipeline.py for tasks to queue
[2024-10-28T23:29:15.573+0000] {logging_mixin.py:190} INFO - [2024-10-28T23:29:15.573+0000] {dagbag.py:587} INFO - Filling up the DagBag from /opt/airflow/dags/nba_data_pipeline.py
[2024-10-28T23:29:15.587+0000] {processor.py:925} INFO - DAG(s) 'nba_data_pipeline' retrieved from /opt/airflow/dags/nba_data_pipeline.py
[2024-10-28T23:29:15.621+0000] {logging_mixin.py:190} INFO - [2024-10-28T23:29:15.621+0000] {dag.py:3229} INFO - Sync 1 DAGs
[2024-10-28T23:29:15.810+0000] {logging_mixin.py:190} INFO - [2024-10-28T23:29:15.809+0000] {dag.py:4156} INFO - Setting next_dagrun for nba_data_pipeline to 2024-10-28 00:00:00+00:00, run_after=2024-10-29 00:00:00+00:00
[2024-10-28T23:29:15.836+0000] {processor.py:208} INFO - Processing /opt/airflow/dags/nba_data_pipeline.py took 0.279 seconds
[2024-10-28T23:29:46.102+0000] {processor.py:186} INFO - Started process (PID=243) to work on /opt/airflow/dags/nba_data_pipeline.py
[2024-10-28T23:29:46.103+0000] {processor.py:914} INFO - Processing file /opt/airflow/dags/nba_data_pipeline.py for tasks to queue
[2024-10-28T23:29:46.107+0000] {logging_mixin.py:190} INFO - [2024-10-28T23:29:46.106+0000] {dagbag.py:587} INFO - Filling up the DagBag from /opt/airflow/dags/nba_data_pipeline.py
[2024-10-28T23:29:46.118+0000] {processor.py:925} INFO - DAG(s) 'nba_data_pipeline' retrieved from /opt/airflow/dags/nba_data_pipeline.py
[2024-10-28T23:29:46.153+0000] {logging_mixin.py:190} INFO - [2024-10-28T23:29:46.153+0000] {dag.py:3229} INFO - Sync 1 DAGs
[2024-10-28T23:29:46.353+0000] {logging_mixin.py:190} INFO - [2024-10-28T23:29:46.352+0000] {dag.py:4156} INFO - Setting next_dagrun for nba_data_pipeline to 2024-10-28 00:00:00+00:00, run_after=2024-10-29 00:00:00+00:00
[2024-10-28T23:29:46.377+0000] {processor.py:208} INFO - Processing /opt/airflow/dags/nba_data_pipeline.py took 0.284 seconds
[2024-10-28T23:30:16.619+0000] {processor.py:186} INFO - Started process (PID=248) to work on /opt/airflow/dags/nba_data_pipeline.py
[2024-10-28T23:30:16.620+0000] {processor.py:914} INFO - Processing file /opt/airflow/dags/nba_data_pipeline.py for tasks to queue
[2024-10-28T23:30:16.623+0000] {logging_mixin.py:190} INFO - [2024-10-28T23:30:16.623+0000] {dagbag.py:587} INFO - Filling up the DagBag from /opt/airflow/dags/nba_data_pipeline.py
[2024-10-28T23:30:16.633+0000] {processor.py:925} INFO - DAG(s) 'nba_data_pipeline' retrieved from /opt/airflow/dags/nba_data_pipeline.py
[2024-10-28T23:30:16.788+0000] {logging_mixin.py:190} INFO - [2024-10-28T23:30:16.788+0000] {dag.py:3229} INFO - Sync 1 DAGs
[2024-10-28T23:30:16.811+0000] {logging_mixin.py:190} INFO - [2024-10-28T23:30:16.811+0000] {dag.py:4156} INFO - Setting next_dagrun for nba_data_pipeline to 2024-10-28 00:00:00+00:00, run_after=2024-10-29 00:00:00+00:00
[2024-10-28T23:30:16.830+0000] {processor.py:208} INFO - Processing /opt/airflow/dags/nba_data_pipeline.py took 0.218 seconds
[2024-10-28T23:30:47.075+0000] {processor.py:186} INFO - Started process (PID=253) to work on /opt/airflow/dags/nba_data_pipeline.py
[2024-10-28T23:30:47.077+0000] {processor.py:914} INFO - Processing file /opt/airflow/dags/nba_data_pipeline.py for tasks to queue
[2024-10-28T23:30:47.080+0000] {logging_mixin.py:190} INFO - [2024-10-28T23:30:47.080+0000] {dagbag.py:587} INFO - Filling up the DagBag from /opt/airflow/dags/nba_data_pipeline.py
[2024-10-28T23:30:47.093+0000] {processor.py:925} INFO - DAG(s) 'nba_data_pipeline' retrieved from /opt/airflow/dags/nba_data_pipeline.py
[2024-10-28T23:30:47.129+0000] {logging_mixin.py:190} INFO - [2024-10-28T23:30:47.129+0000] {dag.py:3229} INFO - Sync 1 DAGs
[2024-10-28T23:30:47.164+0000] {logging_mixin.py:190} INFO - [2024-10-28T23:30:47.163+0000] {dag.py:4156} INFO - Setting next_dagrun for nba_data_pipeline to 2024-10-28 00:00:00+00:00, run_after=2024-10-29 00:00:00+00:00
[2024-10-28T23:30:47.192+0000] {processor.py:208} INFO - Processing /opt/airflow/dags/nba_data_pipeline.py took 0.128 seconds
[2024-10-28T23:31:17.350+0000] {processor.py:186} INFO - Started process (PID=258) to work on /opt/airflow/dags/nba_data_pipeline.py
[2024-10-28T23:31:17.351+0000] {processor.py:914} INFO - Processing file /opt/airflow/dags/nba_data_pipeline.py for tasks to queue
[2024-10-28T23:31:17.355+0000] {logging_mixin.py:190} INFO - [2024-10-28T23:31:17.354+0000] {dagbag.py:587} INFO - Filling up the DagBag from /opt/airflow/dags/nba_data_pipeline.py
[2024-10-28T23:31:17.368+0000] {processor.py:925} INFO - DAG(s) 'nba_data_pipeline' retrieved from /opt/airflow/dags/nba_data_pipeline.py
[2024-10-28T23:31:17.408+0000] {logging_mixin.py:190} INFO - [2024-10-28T23:31:17.408+0000] {dag.py:3229} INFO - Sync 1 DAGs
[2024-10-28T23:31:17.443+0000] {logging_mixin.py:190} INFO - [2024-10-28T23:31:17.443+0000] {dag.py:4156} INFO - Setting next_dagrun for nba_data_pipeline to 2024-10-28 00:00:00+00:00, run_after=2024-10-29 00:00:00+00:00
[2024-10-28T23:31:17.474+0000] {processor.py:208} INFO - Processing /opt/airflow/dags/nba_data_pipeline.py took 0.136 seconds
[2024-10-28T23:31:47.739+0000] {processor.py:186} INFO - Started process (PID=263) to work on /opt/airflow/dags/nba_data_pipeline.py
[2024-10-28T23:31:47.740+0000] {processor.py:914} INFO - Processing file /opt/airflow/dags/nba_data_pipeline.py for tasks to queue
[2024-10-28T23:31:47.743+0000] {logging_mixin.py:190} INFO - [2024-10-28T23:31:47.743+0000] {dagbag.py:587} INFO - Filling up the DagBag from /opt/airflow/dags/nba_data_pipeline.py
[2024-10-28T23:31:47.756+0000] {processor.py:925} INFO - DAG(s) 'nba_data_pipeline' retrieved from /opt/airflow/dags/nba_data_pipeline.py
[2024-10-28T23:31:47.790+0000] {logging_mixin.py:190} INFO - [2024-10-28T23:31:47.790+0000] {dag.py:3229} INFO - Sync 1 DAGs
[2024-10-28T23:31:47.821+0000] {logging_mixin.py:190} INFO - [2024-10-28T23:31:47.820+0000] {dag.py:4156} INFO - Setting next_dagrun for nba_data_pipeline to 2024-10-28 00:00:00+00:00, run_after=2024-10-29 00:00:00+00:00
[2024-10-28T23:31:48.000+0000] {processor.py:208} INFO - Processing /opt/airflow/dags/nba_data_pipeline.py took 0.287 seconds
[2024-10-28T23:32:18.247+0000] {processor.py:186} INFO - Started process (PID=268) to work on /opt/airflow/dags/nba_data_pipeline.py
[2024-10-28T23:32:18.248+0000] {processor.py:914} INFO - Processing file /opt/airflow/dags/nba_data_pipeline.py for tasks to queue
[2024-10-28T23:32:18.252+0000] {logging_mixin.py:190} INFO - [2024-10-28T23:32:18.251+0000] {dagbag.py:587} INFO - Filling up the DagBag from /opt/airflow/dags/nba_data_pipeline.py
[2024-10-28T23:32:18.265+0000] {processor.py:925} INFO - DAG(s) 'nba_data_pipeline' retrieved from /opt/airflow/dags/nba_data_pipeline.py
[2024-10-28T23:32:18.311+0000] {logging_mixin.py:190} INFO - [2024-10-28T23:32:18.310+0000] {dag.py:3229} INFO - Sync 1 DAGs
[2024-10-28T23:32:18.526+0000] {logging_mixin.py:190} INFO - [2024-10-28T23:32:18.526+0000] {dag.py:4156} INFO - Setting next_dagrun for nba_data_pipeline to 2024-10-28 00:00:00+00:00, run_after=2024-10-29 00:00:00+00:00
[2024-10-28T23:32:18.548+0000] {processor.py:208} INFO - Processing /opt/airflow/dags/nba_data_pipeline.py took 0.312 seconds
[2024-10-28T23:32:48.826+0000] {processor.py:186} INFO - Started process (PID=276) to work on /opt/airflow/dags/nba_data_pipeline.py
[2024-10-28T23:32:48.827+0000] {processor.py:914} INFO - Processing file /opt/airflow/dags/nba_data_pipeline.py for tasks to queue
[2024-10-28T23:32:48.830+0000] {logging_mixin.py:190} INFO - [2024-10-28T23:32:48.829+0000] {dagbag.py:587} INFO - Filling up the DagBag from /opt/airflow/dags/nba_data_pipeline.py
[2024-10-28T23:32:48.843+0000] {processor.py:925} INFO - DAG(s) 'nba_data_pipeline' retrieved from /opt/airflow/dags/nba_data_pipeline.py
[2024-10-28T23:32:49.114+0000] {logging_mixin.py:190} INFO - [2024-10-28T23:32:49.114+0000] {dag.py:3229} INFO - Sync 1 DAGs
[2024-10-28T23:32:49.143+0000] {logging_mixin.py:190} INFO - [2024-10-28T23:32:49.143+0000] {dag.py:4156} INFO - Setting next_dagrun for nba_data_pipeline to 2024-10-28 00:00:00+00:00, run_after=2024-10-29 00:00:00+00:00
[2024-10-28T23:32:49.167+0000] {processor.py:208} INFO - Processing /opt/airflow/dags/nba_data_pipeline.py took 0.352 seconds
[2024-10-28T23:33:19.450+0000] {processor.py:186} INFO - Started process (PID=281) to work on /opt/airflow/dags/nba_data_pipeline.py
[2024-10-28T23:33:19.452+0000] {processor.py:914} INFO - Processing file /opt/airflow/dags/nba_data_pipeline.py for tasks to queue
[2024-10-28T23:33:19.455+0000] {logging_mixin.py:190} INFO - [2024-10-28T23:33:19.454+0000] {dagbag.py:587} INFO - Filling up the DagBag from /opt/airflow/dags/nba_data_pipeline.py
[2024-10-28T23:33:19.469+0000] {processor.py:925} INFO - DAG(s) 'nba_data_pipeline' retrieved from /opt/airflow/dags/nba_data_pipeline.py
[2024-10-28T23:33:19.508+0000] {logging_mixin.py:190} INFO - [2024-10-28T23:33:19.507+0000] {dag.py:3229} INFO - Sync 1 DAGs
[2024-10-28T23:33:19.539+0000] {logging_mixin.py:190} INFO - [2024-10-28T23:33:19.539+0000] {dag.py:4156} INFO - Setting next_dagrun for nba_data_pipeline to 2024-10-28 00:00:00+00:00, run_after=2024-10-29 00:00:00+00:00
[2024-10-28T23:33:19.563+0000] {processor.py:208} INFO - Processing /opt/airflow/dags/nba_data_pipeline.py took 0.124 seconds
[2024-10-28T23:33:49.734+0000] {processor.py:186} INFO - Started process (PID=286) to work on /opt/airflow/dags/nba_data_pipeline.py
[2024-10-28T23:33:49.735+0000] {processor.py:914} INFO - Processing file /opt/airflow/dags/nba_data_pipeline.py for tasks to queue
[2024-10-28T23:33:49.738+0000] {logging_mixin.py:190} INFO - [2024-10-28T23:33:49.738+0000] {dagbag.py:587} INFO - Filling up the DagBag from /opt/airflow/dags/nba_data_pipeline.py
[2024-10-28T23:33:49.751+0000] {processor.py:925} INFO - DAG(s) 'nba_data_pipeline' retrieved from /opt/airflow/dags/nba_data_pipeline.py
[2024-10-28T23:33:49.788+0000] {logging_mixin.py:190} INFO - [2024-10-28T23:33:49.788+0000] {dag.py:3229} INFO - Sync 1 DAGs
[2024-10-28T23:33:49.817+0000] {logging_mixin.py:190} INFO - [2024-10-28T23:33:49.817+0000] {dag.py:4156} INFO - Setting next_dagrun for nba_data_pipeline to 2024-10-28 00:00:00+00:00, run_after=2024-10-29 00:00:00+00:00
[2024-10-28T23:33:49.839+0000] {processor.py:208} INFO - Processing /opt/airflow/dags/nba_data_pipeline.py took 0.115 seconds
[2024-10-28T23:34:20.062+0000] {processor.py:186} INFO - Started process (PID=291) to work on /opt/airflow/dags/nba_data_pipeline.py
[2024-10-28T23:34:20.063+0000] {processor.py:914} INFO - Processing file /opt/airflow/dags/nba_data_pipeline.py for tasks to queue
[2024-10-28T23:34:20.067+0000] {logging_mixin.py:190} INFO - [2024-10-28T23:34:20.066+0000] {dagbag.py:587} INFO - Filling up the DagBag from /opt/airflow/dags/nba_data_pipeline.py
[2024-10-28T23:34:20.080+0000] {processor.py:925} INFO - DAG(s) 'nba_data_pipeline' retrieved from /opt/airflow/dags/nba_data_pipeline.py
[2024-10-28T23:34:20.114+0000] {logging_mixin.py:190} INFO - [2024-10-28T23:34:20.114+0000] {dag.py:3229} INFO - Sync 1 DAGs
[2024-10-28T23:34:20.143+0000] {logging_mixin.py:190} INFO - [2024-10-28T23:34:20.143+0000] {dag.py:4156} INFO - Setting next_dagrun for nba_data_pipeline to 2024-10-28 00:00:00+00:00, run_after=2024-10-29 00:00:00+00:00
[2024-10-28T23:34:20.165+0000] {processor.py:208} INFO - Processing /opt/airflow/dags/nba_data_pipeline.py took 0.113 seconds
[2024-10-28T23:34:50.349+0000] {processor.py:186} INFO - Started process (PID=296) to work on /opt/airflow/dags/nba_data_pipeline.py
[2024-10-28T23:34:50.350+0000] {processor.py:914} INFO - Processing file /opt/airflow/dags/nba_data_pipeline.py for tasks to queue
[2024-10-28T23:34:50.353+0000] {logging_mixin.py:190} INFO - [2024-10-28T23:34:50.353+0000] {dagbag.py:587} INFO - Filling up the DagBag from /opt/airflow/dags/nba_data_pipeline.py
[2024-10-28T23:34:50.365+0000] {processor.py:925} INFO - DAG(s) 'nba_data_pipeline' retrieved from /opt/airflow/dags/nba_data_pipeline.py
[2024-10-28T23:34:50.400+0000] {logging_mixin.py:190} INFO - [2024-10-28T23:34:50.400+0000] {dag.py:3229} INFO - Sync 1 DAGs
[2024-10-28T23:34:50.598+0000] {logging_mixin.py:190} INFO - [2024-10-28T23:34:50.598+0000] {dag.py:4156} INFO - Setting next_dagrun for nba_data_pipeline to 2024-10-28 00:00:00+00:00, run_after=2024-10-29 00:00:00+00:00
[2024-10-28T23:34:50.623+0000] {processor.py:208} INFO - Processing /opt/airflow/dags/nba_data_pipeline.py took 0.285 seconds
[2024-10-28T23:35:20.666+0000] {processor.py:186} INFO - Started process (PID=304) to work on /opt/airflow/dags/nba_data_pipeline.py
[2024-10-28T23:35:20.667+0000] {processor.py:914} INFO - Processing file /opt/airflow/dags/nba_data_pipeline.py for tasks to queue
[2024-10-28T23:35:20.670+0000] {logging_mixin.py:190} INFO - [2024-10-28T23:35:20.669+0000] {dagbag.py:587} INFO - Filling up the DagBag from /opt/airflow/dags/nba_data_pipeline.py
[2024-10-28T23:35:20.682+0000] {processor.py:925} INFO - DAG(s) 'nba_data_pipeline' retrieved from /opt/airflow/dags/nba_data_pipeline.py
[2024-10-28T23:35:20.719+0000] {logging_mixin.py:190} INFO - [2024-10-28T23:35:20.719+0000] {dag.py:3229} INFO - Sync 1 DAGs
[2024-10-28T23:35:20.914+0000] {logging_mixin.py:190} INFO - [2024-10-28T23:35:20.914+0000] {dag.py:4156} INFO - Setting next_dagrun for nba_data_pipeline to 2024-10-28 00:00:00+00:00, run_after=2024-10-29 00:00:00+00:00
[2024-10-28T23:35:20.935+0000] {processor.py:208} INFO - Processing /opt/airflow/dags/nba_data_pipeline.py took 0.281 seconds
[2024-10-28T23:35:51.091+0000] {processor.py:186} INFO - Started process (PID=309) to work on /opt/airflow/dags/nba_data_pipeline.py
[2024-10-28T23:35:51.092+0000] {processor.py:914} INFO - Processing file /opt/airflow/dags/nba_data_pipeline.py for tasks to queue
[2024-10-28T23:35:51.094+0000] {logging_mixin.py:190} INFO - [2024-10-28T23:35:51.094+0000] {dagbag.py:587} INFO - Filling up the DagBag from /opt/airflow/dags/nba_data_pipeline.py
[2024-10-28T23:35:51.106+0000] {processor.py:925} INFO - DAG(s) 'nba_data_pipeline' retrieved from /opt/airflow/dags/nba_data_pipeline.py
[2024-10-28T23:35:51.304+0000] {logging_mixin.py:190} INFO - [2024-10-28T23:35:51.304+0000] {dag.py:3229} INFO - Sync 1 DAGs
[2024-10-28T23:35:51.333+0000] {logging_mixin.py:190} INFO - [2024-10-28T23:35:51.333+0000] {dag.py:4156} INFO - Setting next_dagrun for nba_data_pipeline to 2024-10-28 00:00:00+00:00, run_after=2024-10-29 00:00:00+00:00
[2024-10-28T23:35:51.357+0000] {processor.py:208} INFO - Processing /opt/airflow/dags/nba_data_pipeline.py took 0.275 seconds
[2024-10-28T23:36:21.464+0000] {processor.py:186} INFO - Started process (PID=314) to work on /opt/airflow/dags/nba_data_pipeline.py
[2024-10-28T23:36:21.464+0000] {processor.py:914} INFO - Processing file /opt/airflow/dags/nba_data_pipeline.py for tasks to queue
[2024-10-28T23:36:21.467+0000] {logging_mixin.py:190} INFO - [2024-10-28T23:36:21.466+0000] {dagbag.py:587} INFO - Filling up the DagBag from /opt/airflow/dags/nba_data_pipeline.py
[2024-10-28T23:36:21.476+0000] {processor.py:925} INFO - DAG(s) 'nba_data_pipeline' retrieved from /opt/airflow/dags/nba_data_pipeline.py
[2024-10-28T23:36:21.510+0000] {logging_mixin.py:190} INFO - [2024-10-28T23:36:21.510+0000] {dag.py:3229} INFO - Sync 1 DAGs
[2024-10-28T23:36:21.539+0000] {logging_mixin.py:190} INFO - [2024-10-28T23:36:21.539+0000] {dag.py:4156} INFO - Setting next_dagrun for nba_data_pipeline to 2024-10-28 00:00:00+00:00, run_after=2024-10-29 00:00:00+00:00
[2024-10-28T23:36:21.561+0000] {processor.py:208} INFO - Processing /opt/airflow/dags/nba_data_pipeline.py took 0.107 seconds
[2024-10-28T23:36:51.718+0000] {processor.py:186} INFO - Started process (PID=319) to work on /opt/airflow/dags/nba_data_pipeline.py
[2024-10-28T23:36:51.719+0000] {processor.py:914} INFO - Processing file /opt/airflow/dags/nba_data_pipeline.py for tasks to queue
[2024-10-28T23:36:51.722+0000] {logging_mixin.py:190} INFO - [2024-10-28T23:36:51.722+0000] {dagbag.py:587} INFO - Filling up the DagBag from /opt/airflow/dags/nba_data_pipeline.py
[2024-10-28T23:36:51.735+0000] {processor.py:925} INFO - DAG(s) 'nba_data_pipeline' retrieved from /opt/airflow/dags/nba_data_pipeline.py
[2024-10-28T23:36:51.772+0000] {logging_mixin.py:190} INFO - [2024-10-28T23:36:51.772+0000] {dag.py:3229} INFO - Sync 1 DAGs
[2024-10-28T23:36:51.804+0000] {logging_mixin.py:190} INFO - [2024-10-28T23:36:51.804+0000] {dag.py:4156} INFO - Setting next_dagrun for nba_data_pipeline to 2024-10-28 00:00:00+00:00, run_after=2024-10-29 00:00:00+00:00
[2024-10-28T23:36:51.825+0000] {processor.py:208} INFO - Processing /opt/airflow/dags/nba_data_pipeline.py took 0.118 seconds
[2024-10-28T23:37:22.040+0000] {processor.py:186} INFO - Started process (PID=324) to work on /opt/airflow/dags/nba_data_pipeline.py
[2024-10-28T23:37:22.041+0000] {processor.py:914} INFO - Processing file /opt/airflow/dags/nba_data_pipeline.py for tasks to queue
[2024-10-28T23:37:22.045+0000] {logging_mixin.py:190} INFO - [2024-10-28T23:37:22.044+0000] {dagbag.py:587} INFO - Filling up the DagBag from /opt/airflow/dags/nba_data_pipeline.py
[2024-10-28T23:37:22.057+0000] {processor.py:925} INFO - DAG(s) 'nba_data_pipeline' retrieved from /opt/airflow/dags/nba_data_pipeline.py
[2024-10-28T23:37:22.092+0000] {logging_mixin.py:190} INFO - [2024-10-28T23:37:22.092+0000] {dag.py:3229} INFO - Sync 1 DAGs
[2024-10-28T23:37:22.124+0000] {logging_mixin.py:190} INFO - [2024-10-28T23:37:22.124+0000] {dag.py:4156} INFO - Setting next_dagrun for nba_data_pipeline to 2024-10-28 00:00:00+00:00, run_after=2024-10-29 00:00:00+00:00
[2024-10-28T23:37:22.306+0000] {processor.py:208} INFO - Processing /opt/airflow/dags/nba_data_pipeline.py took 0.276 seconds
[2024-10-28T23:37:52.567+0000] {processor.py:186} INFO - Started process (PID=329) to work on /opt/airflow/dags/nba_data_pipeline.py
[2024-10-28T23:37:52.568+0000] {processor.py:914} INFO - Processing file /opt/airflow/dags/nba_data_pipeline.py for tasks to queue
[2024-10-28T23:37:52.571+0000] {logging_mixin.py:190} INFO - [2024-10-28T23:37:52.571+0000] {dagbag.py:587} INFO - Filling up the DagBag from /opt/airflow/dags/nba_data_pipeline.py
[2024-10-28T23:37:52.584+0000] {processor.py:925} INFO - DAG(s) 'nba_data_pipeline' retrieved from /opt/airflow/dags/nba_data_pipeline.py
[2024-10-28T23:37:52.618+0000] {logging_mixin.py:190} INFO - [2024-10-28T23:37:52.618+0000] {dag.py:3229} INFO - Sync 1 DAGs
[2024-10-28T23:37:52.836+0000] {logging_mixin.py:190} INFO - [2024-10-28T23:37:52.836+0000] {dag.py:4156} INFO - Setting next_dagrun for nba_data_pipeline to 2024-10-28 00:00:00+00:00, run_after=2024-10-29 00:00:00+00:00
[2024-10-28T23:37:52.859+0000] {processor.py:208} INFO - Processing /opt/airflow/dags/nba_data_pipeline.py took 0.303 seconds
[2024-10-28T23:38:23.103+0000] {processor.py:186} INFO - Started process (PID=334) to work on /opt/airflow/dags/nba_data_pipeline.py
[2024-10-28T23:38:23.104+0000] {processor.py:914} INFO - Processing file /opt/airflow/dags/nba_data_pipeline.py for tasks to queue
[2024-10-28T23:38:23.107+0000] {logging_mixin.py:190} INFO - [2024-10-28T23:38:23.107+0000] {dagbag.py:587} INFO - Filling up the DagBag from /opt/airflow/dags/nba_data_pipeline.py
[2024-10-28T23:38:23.119+0000] {processor.py:925} INFO - DAG(s) 'nba_data_pipeline' retrieved from /opt/airflow/dags/nba_data_pipeline.py
[2024-10-28T23:38:23.152+0000] {logging_mixin.py:190} INFO - [2024-10-28T23:38:23.152+0000] {dag.py:3229} INFO - Sync 1 DAGs
[2024-10-28T23:38:23.348+0000] {logging_mixin.py:190} INFO - [2024-10-28T23:38:23.348+0000] {dag.py:4156} INFO - Setting next_dagrun for nba_data_pipeline to 2024-10-28 00:00:00+00:00, run_after=2024-10-29 00:00:00+00:00
[2024-10-28T23:38:23.371+0000] {processor.py:208} INFO - Processing /opt/airflow/dags/nba_data_pipeline.py took 0.277 seconds
[2024-10-28T23:38:53.689+0000] {processor.py:186} INFO - Started process (PID=339) to work on /opt/airflow/dags/nba_data_pipeline.py
[2024-10-28T23:38:53.690+0000] {processor.py:914} INFO - Processing file /opt/airflow/dags/nba_data_pipeline.py for tasks to queue
[2024-10-28T23:38:53.694+0000] {logging_mixin.py:190} INFO - [2024-10-28T23:38:53.694+0000] {dagbag.py:587} INFO - Filling up the DagBag from /opt/airflow/dags/nba_data_pipeline.py
[2024-10-28T23:38:53.707+0000] {processor.py:925} INFO - DAG(s) 'nba_data_pipeline' retrieved from /opt/airflow/dags/nba_data_pipeline.py
[2024-10-28T23:38:53.918+0000] {logging_mixin.py:190} INFO - [2024-10-28T23:38:53.918+0000] {dag.py:3229} INFO - Sync 1 DAGs
[2024-10-28T23:38:53.949+0000] {logging_mixin.py:190} INFO - [2024-10-28T23:38:53.949+0000] {dag.py:4156} INFO - Setting next_dagrun for nba_data_pipeline to 2024-10-28 00:00:00+00:00, run_after=2024-10-29 00:00:00+00:00
[2024-10-28T23:38:53.975+0000] {processor.py:208} INFO - Processing /opt/airflow/dags/nba_data_pipeline.py took 0.297 seconds
[2024-10-28T23:39:24.239+0000] {processor.py:186} INFO - Started process (PID=347) to work on /opt/airflow/dags/nba_data_pipeline.py
[2024-10-28T23:39:24.241+0000] {processor.py:914} INFO - Processing file /opt/airflow/dags/nba_data_pipeline.py for tasks to queue
[2024-10-28T23:39:24.244+0000] {logging_mixin.py:190} INFO - [2024-10-28T23:39:24.244+0000] {dagbag.py:587} INFO - Filling up the DagBag from /opt/airflow/dags/nba_data_pipeline.py
[2024-10-28T23:39:24.257+0000] {processor.py:925} INFO - DAG(s) 'nba_data_pipeline' retrieved from /opt/airflow/dags/nba_data_pipeline.py
[2024-10-28T23:39:24.294+0000] {logging_mixin.py:190} INFO - [2024-10-28T23:39:24.294+0000] {dag.py:3229} INFO - Sync 1 DAGs
[2024-10-28T23:39:24.328+0000] {logging_mixin.py:190} INFO - [2024-10-28T23:39:24.328+0000] {dag.py:4156} INFO - Setting next_dagrun for nba_data_pipeline to 2024-10-28 00:00:00+00:00, run_after=2024-10-29 00:00:00+00:00
[2024-10-28T23:39:24.353+0000] {processor.py:208} INFO - Processing /opt/airflow/dags/nba_data_pipeline.py took 0.125 seconds
[2024-10-28T23:39:42.399+0000] {processor.py:186} INFO - Started process (PID=352) to work on /opt/airflow/dags/nba_data_pipeline.py
[2024-10-28T23:39:42.400+0000] {processor.py:914} INFO - Processing file /opt/airflow/dags/nba_data_pipeline.py for tasks to queue
[2024-10-28T23:39:42.404+0000] {logging_mixin.py:190} INFO - [2024-10-28T23:39:42.404+0000] {dagbag.py:587} INFO - Filling up the DagBag from /opt/airflow/dags/nba_data_pipeline.py
[2024-10-28T23:39:42.421+0000] {logging_mixin.py:190} INFO - [2024-10-28T23:39:42.415+0000] {dagbag.py:386} ERROR - Failed to import: /opt/airflow/dags/nba_data_pipeline.py
Traceback (most recent call last):
  File "/home/airflow/.local/lib/python3.12/site-packages/airflow/models/dagbag.py", line 382, in parse
    loader.exec_module(new_module)
  File "<frozen importlib._bootstrap_external>", line 995, in exec_module
  File "<frozen importlib._bootstrap>", line 488, in _call_with_frames_removed
  File "/opt/airflow/dags/nba_data_pipeline.py", line 65, in <module>
    nba_data_pipeline()
  File "/home/airflow/.local/lib/python3.12/site-packages/airflow/models/dag.py", line 4283, in factory
    f(**f_kwargs)
  File "/opt/airflow/dags/nba_data_pipeline.py", line 39, in nba_data_pipeline
    data_ingestion = DockerOperator(
                     ^^^^^^^^^^^^^^^
  File "/home/airflow/.local/lib/python3.12/site-packages/airflow/models/baseoperator.py", line 490, in apply_defaults
    result = func(self, **kwargs, default_args=default_args)
             ^^^^^^^^^^^^^^^^^^^^^^^^^^^^^^^^^^^^^^^^^^^^^^^
  File "/home/airflow/.local/lib/python3.12/site-packages/airflow/providers/docker/operators/docker.py", line 273, in __init__
    super().__init__(**kwargs)
  File "/home/airflow/.local/lib/python3.12/site-packages/airflow/models/baseoperator.py", line 490, in apply_defaults
    result = func(self, **kwargs, default_args=default_args)
             ^^^^^^^^^^^^^^^^^^^^^^^^^^^^^^^^^^^^^^^^^^^^^^^
  File "/home/airflow/.local/lib/python3.12/site-packages/airflow/models/baseoperator.py", line 938, in __init__
    raise AirflowException(
airflow.exceptions.AirflowException: Invalid arguments were passed to DockerOperator (task_id: run_data_ingestion). Invalid arguments were:
**kwargs: {'volumes': ['/path/to/local/config:/app/data_pipeline_services/config']}
[2024-10-28T23:39:42.423+0000] {processor.py:927} WARNING - No viable dags retrieved from /opt/airflow/dags/nba_data_pipeline.py
[2024-10-28T23:39:42.448+0000] {processor.py:208} INFO - Processing /opt/airflow/dags/nba_data_pipeline.py took 0.059 seconds
[2024-10-28T23:40:12.644+0000] {processor.py:186} INFO - Started process (PID=357) to work on /opt/airflow/dags/nba_data_pipeline.py
[2024-10-28T23:40:12.645+0000] {processor.py:914} INFO - Processing file /opt/airflow/dags/nba_data_pipeline.py for tasks to queue
[2024-10-28T23:40:12.649+0000] {logging_mixin.py:190} INFO - [2024-10-28T23:40:12.648+0000] {dagbag.py:587} INFO - Filling up the DagBag from /opt/airflow/dags/nba_data_pipeline.py
[2024-10-28T23:40:12.661+0000] {logging_mixin.py:190} INFO - [2024-10-28T23:40:12.657+0000] {dagbag.py:386} ERROR - Failed to import: /opt/airflow/dags/nba_data_pipeline.py
Traceback (most recent call last):
  File "/home/airflow/.local/lib/python3.12/site-packages/airflow/models/dagbag.py", line 382, in parse
    loader.exec_module(new_module)
  File "<frozen importlib._bootstrap_external>", line 995, in exec_module
  File "<frozen importlib._bootstrap>", line 488, in _call_with_frames_removed
  File "/opt/airflow/dags/nba_data_pipeline.py", line 65, in <module>
    nba_data_pipeline()
  File "/home/airflow/.local/lib/python3.12/site-packages/airflow/models/dag.py", line 4283, in factory
    f(**f_kwargs)
  File "/opt/airflow/dags/nba_data_pipeline.py", line 39, in nba_data_pipeline
    data_ingestion = DockerOperator(
                     ^^^^^^^^^^^^^^^
  File "/home/airflow/.local/lib/python3.12/site-packages/airflow/models/baseoperator.py", line 490, in apply_defaults
    result = func(self, **kwargs, default_args=default_args)
             ^^^^^^^^^^^^^^^^^^^^^^^^^^^^^^^^^^^^^^^^^^^^^^^
  File "/home/airflow/.local/lib/python3.12/site-packages/airflow/providers/docker/operators/docker.py", line 273, in __init__
    super().__init__(**kwargs)
  File "/home/airflow/.local/lib/python3.12/site-packages/airflow/models/baseoperator.py", line 490, in apply_defaults
    result = func(self, **kwargs, default_args=default_args)
             ^^^^^^^^^^^^^^^^^^^^^^^^^^^^^^^^^^^^^^^^^^^^^^^
  File "/home/airflow/.local/lib/python3.12/site-packages/airflow/models/baseoperator.py", line 938, in __init__
    raise AirflowException(
airflow.exceptions.AirflowException: Invalid arguments were passed to DockerOperator (task_id: run_data_ingestion). Invalid arguments were:
**kwargs: {'volumes': ['/path/to/local/config:/app/data_pipeline_services/config']}
[2024-10-28T23:40:12.663+0000] {processor.py:927} WARNING - No viable dags retrieved from /opt/airflow/dags/nba_data_pipeline.py
[2024-10-28T23:40:12.686+0000] {processor.py:208} INFO - Processing /opt/airflow/dags/nba_data_pipeline.py took 0.052 seconds
[2024-10-28T23:40:42.931+0000] {processor.py:186} INFO - Started process (PID=362) to work on /opt/airflow/dags/nba_data_pipeline.py
[2024-10-28T23:40:42.933+0000] {processor.py:914} INFO - Processing file /opt/airflow/dags/nba_data_pipeline.py for tasks to queue
[2024-10-28T23:40:42.936+0000] {logging_mixin.py:190} INFO - [2024-10-28T23:40:42.935+0000] {dagbag.py:587} INFO - Filling up the DagBag from /opt/airflow/dags/nba_data_pipeline.py
[2024-10-28T23:40:42.948+0000] {logging_mixin.py:190} INFO - [2024-10-28T23:40:42.943+0000] {dagbag.py:386} ERROR - Failed to import: /opt/airflow/dags/nba_data_pipeline.py
Traceback (most recent call last):
  File "/home/airflow/.local/lib/python3.12/site-packages/airflow/models/dagbag.py", line 382, in parse
    loader.exec_module(new_module)
  File "<frozen importlib._bootstrap_external>", line 995, in exec_module
  File "<frozen importlib._bootstrap>", line 488, in _call_with_frames_removed
  File "/opt/airflow/dags/nba_data_pipeline.py", line 65, in <module>
    nba_data_pipeline()
  File "/home/airflow/.local/lib/python3.12/site-packages/airflow/models/dag.py", line 4283, in factory
    f(**f_kwargs)
  File "/opt/airflow/dags/nba_data_pipeline.py", line 39, in nba_data_pipeline
    data_ingestion = DockerOperator(
                     ^^^^^^^^^^^^^^^
  File "/home/airflow/.local/lib/python3.12/site-packages/airflow/models/baseoperator.py", line 490, in apply_defaults
    result = func(self, **kwargs, default_args=default_args)
             ^^^^^^^^^^^^^^^^^^^^^^^^^^^^^^^^^^^^^^^^^^^^^^^
  File "/home/airflow/.local/lib/python3.12/site-packages/airflow/providers/docker/operators/docker.py", line 273, in __init__
    super().__init__(**kwargs)
  File "/home/airflow/.local/lib/python3.12/site-packages/airflow/models/baseoperator.py", line 490, in apply_defaults
    result = func(self, **kwargs, default_args=default_args)
             ^^^^^^^^^^^^^^^^^^^^^^^^^^^^^^^^^^^^^^^^^^^^^^^
  File "/home/airflow/.local/lib/python3.12/site-packages/airflow/models/baseoperator.py", line 938, in __init__
    raise AirflowException(
airflow.exceptions.AirflowException: Invalid arguments were passed to DockerOperator (task_id: run_data_ingestion). Invalid arguments were:
**kwargs: {'volumes': ['/path/to/local/config:/app/data_pipeline_services/config']}
[2024-10-28T23:40:42.949+0000] {processor.py:927} WARNING - No viable dags retrieved from /opt/airflow/dags/nba_data_pipeline.py
[2024-10-28T23:40:42.972+0000] {processor.py:208} INFO - Processing /opt/airflow/dags/nba_data_pipeline.py took 0.051 seconds
[2024-10-28T23:41:13.274+0000] {processor.py:186} INFO - Started process (PID=367) to work on /opt/airflow/dags/nba_data_pipeline.py
[2024-10-28T23:41:13.275+0000] {processor.py:914} INFO - Processing file /opt/airflow/dags/nba_data_pipeline.py for tasks to queue
[2024-10-28T23:41:13.277+0000] {logging_mixin.py:190} INFO - [2024-10-28T23:41:13.277+0000] {dagbag.py:587} INFO - Filling up the DagBag from /opt/airflow/dags/nba_data_pipeline.py
[2024-10-28T23:41:13.308+0000] {logging_mixin.py:190} INFO - [2024-10-28T23:41:13.303+0000] {dagbag.py:386} ERROR - Failed to import: /opt/airflow/dags/nba_data_pipeline.py
Traceback (most recent call last):
  File "/home/airflow/.local/lib/python3.12/site-packages/airflow/models/dagbag.py", line 382, in parse
    loader.exec_module(new_module)
  File "<frozen importlib._bootstrap_external>", line 995, in exec_module
  File "<frozen importlib._bootstrap>", line 488, in _call_with_frames_removed
  File "/opt/airflow/dags/nba_data_pipeline.py", line 65, in <module>
    nba_data_pipeline()
  File "/home/airflow/.local/lib/python3.12/site-packages/airflow/models/dag.py", line 4283, in factory
    f(**f_kwargs)
  File "/opt/airflow/dags/nba_data_pipeline.py", line 39, in nba_data_pipeline
    data_ingestion = DockerOperator(
                     ^^^^^^^^^^^^^^^
  File "/home/airflow/.local/lib/python3.12/site-packages/airflow/models/baseoperator.py", line 490, in apply_defaults
    result = func(self, **kwargs, default_args=default_args)
             ^^^^^^^^^^^^^^^^^^^^^^^^^^^^^^^^^^^^^^^^^^^^^^^
  File "/home/airflow/.local/lib/python3.12/site-packages/airflow/providers/docker/operators/docker.py", line 273, in __init__
    super().__init__(**kwargs)
  File "/home/airflow/.local/lib/python3.12/site-packages/airflow/models/baseoperator.py", line 490, in apply_defaults
    result = func(self, **kwargs, default_args=default_args)
             ^^^^^^^^^^^^^^^^^^^^^^^^^^^^^^^^^^^^^^^^^^^^^^^
  File "/home/airflow/.local/lib/python3.12/site-packages/airflow/models/baseoperator.py", line 938, in __init__
    raise AirflowException(
airflow.exceptions.AirflowException: Invalid arguments were passed to DockerOperator (task_id: run_data_ingestion). Invalid arguments were:
**kwargs: {'volumes': ['/path/to/local/config:/app/data_pipeline_services/config']}
[2024-10-28T23:41:13.310+0000] {processor.py:927} WARNING - No viable dags retrieved from /opt/airflow/dags/nba_data_pipeline.py
[2024-10-28T23:41:13.332+0000] {processor.py:208} INFO - Processing /opt/airflow/dags/nba_data_pipeline.py took 0.144 seconds
[2024-10-28T23:41:43.451+0000] {processor.py:186} INFO - Started process (PID=372) to work on /opt/airflow/dags/nba_data_pipeline.py
[2024-10-28T23:41:43.452+0000] {processor.py:914} INFO - Processing file /opt/airflow/dags/nba_data_pipeline.py for tasks to queue
[2024-10-28T23:41:43.454+0000] {logging_mixin.py:190} INFO - [2024-10-28T23:41:43.453+0000] {dagbag.py:587} INFO - Filling up the DagBag from /opt/airflow/dags/nba_data_pipeline.py
[2024-10-28T23:41:43.467+0000] {logging_mixin.py:190} INFO - [2024-10-28T23:41:43.462+0000] {dagbag.py:386} ERROR - Failed to import: /opt/airflow/dags/nba_data_pipeline.py
Traceback (most recent call last):
  File "/home/airflow/.local/lib/python3.12/site-packages/airflow/models/dagbag.py", line 382, in parse
    loader.exec_module(new_module)
  File "<frozen importlib._bootstrap_external>", line 995, in exec_module
  File "<frozen importlib._bootstrap>", line 488, in _call_with_frames_removed
  File "/opt/airflow/dags/nba_data_pipeline.py", line 65, in <module>
    nba_data_pipeline()
  File "/home/airflow/.local/lib/python3.12/site-packages/airflow/models/dag.py", line 4283, in factory
    f(**f_kwargs)
  File "/opt/airflow/dags/nba_data_pipeline.py", line 39, in nba_data_pipeline
    data_ingestion = DockerOperator(
                     ^^^^^^^^^^^^^^^
  File "/home/airflow/.local/lib/python3.12/site-packages/airflow/models/baseoperator.py", line 490, in apply_defaults
    result = func(self, **kwargs, default_args=default_args)
             ^^^^^^^^^^^^^^^^^^^^^^^^^^^^^^^^^^^^^^^^^^^^^^^
  File "/home/airflow/.local/lib/python3.12/site-packages/airflow/providers/docker/operators/docker.py", line 273, in __init__
    super().__init__(**kwargs)
  File "/home/airflow/.local/lib/python3.12/site-packages/airflow/models/baseoperator.py", line 490, in apply_defaults
    result = func(self, **kwargs, default_args=default_args)
             ^^^^^^^^^^^^^^^^^^^^^^^^^^^^^^^^^^^^^^^^^^^^^^^
  File "/home/airflow/.local/lib/python3.12/site-packages/airflow/models/baseoperator.py", line 938, in __init__
    raise AirflowException(
airflow.exceptions.AirflowException: Invalid arguments were passed to DockerOperator (task_id: run_data_ingestion). Invalid arguments were:
**kwargs: {'volumes': ['/path/to/local/config:/app/data_pipeline_services/config']}
[2024-10-28T23:41:43.468+0000] {processor.py:927} WARNING - No viable dags retrieved from /opt/airflow/dags/nba_data_pipeline.py
[2024-10-28T23:41:43.492+0000] {processor.py:208} INFO - Processing /opt/airflow/dags/nba_data_pipeline.py took 0.054 seconds
[2024-10-28T23:42:13.699+0000] {processor.py:186} INFO - Started process (PID=377) to work on /opt/airflow/dags/nba_data_pipeline.py
[2024-10-28T23:42:13.701+0000] {processor.py:914} INFO - Processing file /opt/airflow/dags/nba_data_pipeline.py for tasks to queue
[2024-10-28T23:42:13.703+0000] {logging_mixin.py:190} INFO - [2024-10-28T23:42:13.703+0000] {dagbag.py:587} INFO - Filling up the DagBag from /opt/airflow/dags/nba_data_pipeline.py
[2024-10-28T23:42:13.717+0000] {logging_mixin.py:190} INFO - [2024-10-28T23:42:13.712+0000] {dagbag.py:386} ERROR - Failed to import: /opt/airflow/dags/nba_data_pipeline.py
Traceback (most recent call last):
  File "/home/airflow/.local/lib/python3.12/site-packages/airflow/models/dagbag.py", line 382, in parse
    loader.exec_module(new_module)
  File "<frozen importlib._bootstrap_external>", line 995, in exec_module
  File "<frozen importlib._bootstrap>", line 488, in _call_with_frames_removed
  File "/opt/airflow/dags/nba_data_pipeline.py", line 65, in <module>
    nba_data_pipeline()
  File "/home/airflow/.local/lib/python3.12/site-packages/airflow/models/dag.py", line 4283, in factory
    f(**f_kwargs)
  File "/opt/airflow/dags/nba_data_pipeline.py", line 39, in nba_data_pipeline
    data_ingestion = DockerOperator(
                     ^^^^^^^^^^^^^^^
  File "/home/airflow/.local/lib/python3.12/site-packages/airflow/models/baseoperator.py", line 490, in apply_defaults
    result = func(self, **kwargs, default_args=default_args)
             ^^^^^^^^^^^^^^^^^^^^^^^^^^^^^^^^^^^^^^^^^^^^^^^
  File "/home/airflow/.local/lib/python3.12/site-packages/airflow/providers/docker/operators/docker.py", line 273, in __init__
    super().__init__(**kwargs)
  File "/home/airflow/.local/lib/python3.12/site-packages/airflow/models/baseoperator.py", line 490, in apply_defaults
    result = func(self, **kwargs, default_args=default_args)
             ^^^^^^^^^^^^^^^^^^^^^^^^^^^^^^^^^^^^^^^^^^^^^^^
  File "/home/airflow/.local/lib/python3.12/site-packages/airflow/models/baseoperator.py", line 938, in __init__
    raise AirflowException(
airflow.exceptions.AirflowException: Invalid arguments were passed to DockerOperator (task_id: run_data_ingestion). Invalid arguments were:
**kwargs: {'volumes': ['/path/to/local/config:/app/data_pipeline_services/config']}
[2024-10-28T23:42:13.719+0000] {processor.py:927} WARNING - No viable dags retrieved from /opt/airflow/dags/nba_data_pipeline.py
[2024-10-28T23:42:13.747+0000] {processor.py:208} INFO - Processing /opt/airflow/dags/nba_data_pipeline.py took 0.061 seconds
[2024-10-28T23:42:36.889+0000] {processor.py:186} INFO - Started process (PID=382) to work on /opt/airflow/dags/nba_data_pipeline.py
[2024-10-28T23:42:36.891+0000] {processor.py:914} INFO - Processing file /opt/airflow/dags/nba_data_pipeline.py for tasks to queue
[2024-10-28T23:42:36.893+0000] {logging_mixin.py:190} INFO - [2024-10-28T23:42:36.893+0000] {dagbag.py:587} INFO - Filling up the DagBag from /opt/airflow/dags/nba_data_pipeline.py
[2024-10-28T23:42:36.909+0000] {logging_mixin.py:190} INFO - [2024-10-28T23:42:36.904+0000] {dagbag.py:386} ERROR - Failed to import: /opt/airflow/dags/nba_data_pipeline.py
Traceback (most recent call last):
  File "/home/airflow/.local/lib/python3.12/site-packages/airflow/models/dagbag.py", line 382, in parse
    loader.exec_module(new_module)
  File "<frozen importlib._bootstrap_external>", line 995, in exec_module
  File "<frozen importlib._bootstrap>", line 488, in _call_with_frames_removed
  File "/opt/airflow/dags/nba_data_pipeline.py", line 65, in <module>
    nba_data_pipeline()
  File "/home/airflow/.local/lib/python3.12/site-packages/airflow/models/dag.py", line 4283, in factory
    f(**f_kwargs)
  File "/opt/airflow/dags/nba_data_pipeline.py", line 39, in nba_data_pipeline
    data_ingestion = DockerOperator(
                     ^^^^^^^^^^^^^^^
  File "/home/airflow/.local/lib/python3.12/site-packages/airflow/models/baseoperator.py", line 490, in apply_defaults
    result = func(self, **kwargs, default_args=default_args)
             ^^^^^^^^^^^^^^^^^^^^^^^^^^^^^^^^^^^^^^^^^^^^^^^
  File "/home/airflow/.local/lib/python3.12/site-packages/airflow/providers/docker/operators/docker.py", line 273, in __init__
    super().__init__(**kwargs)
  File "/home/airflow/.local/lib/python3.12/site-packages/airflow/models/baseoperator.py", line 490, in apply_defaults
    result = func(self, **kwargs, default_args=default_args)
             ^^^^^^^^^^^^^^^^^^^^^^^^^^^^^^^^^^^^^^^^^^^^^^^
  File "/home/airflow/.local/lib/python3.12/site-packages/airflow/models/baseoperator.py", line 938, in __init__
    raise AirflowException(
airflow.exceptions.AirflowException: Invalid arguments were passed to DockerOperator (task_id: run_data_ingestion). Invalid arguments were:
**kwargs: {'volumes': ['/opt/airflow/data_pipeline_services/config/data_ingestion:/app/data_pipeline_services/config/data_ingestion']}
[2024-10-28T23:42:36.910+0000] {processor.py:927} WARNING - No viable dags retrieved from /opt/airflow/dags/nba_data_pipeline.py
[2024-10-28T23:42:36.934+0000] {processor.py:208} INFO - Processing /opt/airflow/dags/nba_data_pipeline.py took 0.056 seconds
